2026-08-01 17:43:54,710 [INFO] ENVIRONMENT: acc
2026-08-01 17:43:56,111 [INFO] UUID DF CREATED WITH : 23744 rows
2026-08-01 17:43:56,114 [INFO] STARTING WITH UUID: 0000ef37-4dc5-495d-9157-b443ec2ecb27
2026-08-01 17:43:56,349 [INFO] Concept vocabulair and description: None added for row: 0000ef37-4dc5-495d-9157-b443ec2ecb27
2026-08-01 17:43:56,349 [WARNING] Migration of location description failed for uuid: 0000ef37-4dc5-495d-9157-b443ec2ecb27
2026-08-01 17:43:56,351 [INFO] STARTING WITH UUID: 000271b8-3e0d-4823-8fbb-a297429002c6
2026-08-01 17:43:56,466 [INFO] Concept vocabulair and description: None added for row: 000271b8-3e0d-4823-8fbb-a297429002c6
2026-08-01 17:43:56,466 [WARNING] Migration of location description failed for uuid: 000271b8-3e0d-4823-8fbb-a297429002c6
2026-08-01 17:43:56,467 [INFO] STARTING WITH UUID: 000ed8ce-9474-4f4d-92d0-4ec2c2294158
2026-08-01 17:43:56,551 [INFO] Concept vocabulair and description: None added for row: 000ed8ce-9474-4f4d-92d0-4ec2c2294158
2026-08-01 17:43:56,551 [WARNING] Migration of location description failed for uuid: 000ed8ce-9474-4f4d-92d0-4ec2c2294158
2026-08-01 17:43:56,553 [INFO] STARTING WITH UUID: 000f3ced-027d-4e5d-9896-cac6f35f4081
2026-08-01 17:43:56,656 [INFO] Concept vocabulair and description: None added for row: 000f3ced-027d-4e5d-9896-cac6f35f4081
2026-08-01 17:43:56,656 [WARNING] Migration of location description failed for uuid: 000f3ced-027d-4e5d-9896-cac6f35f4081
2026-08-01 17:43:56,658 [INFO] STARTING WITH UUID: 00125741-1d5d-4ff9-b195-df6645fb2a83
2026-08-01 17:43:56,733 [INFO] Concept vocabulair and description: None added for row: 00125741-1d5d-4ff9-b195-df6645fb2a83
2026-08-01 17:43:56,733 [WARNING] Migration of location description failed for uuid: 00125741-1d5d-4ff9-b195-df6645fb2a83
2026-08-01 17:43:56,735 [INFO] STARTING WITH UUID: 00149322-ca7b-42da-81b3-4d2520556987
2026-08-01 17:43:56,824 [INFO] Concept vocabulair and description: Oosterse Kaaij, Wijk 16, Verpondingsnr 137 added for row: 00149322-ca7b-42da-81b3-4d2520556987
2026-08-01 17:43:56,824 [INFO] UUID: 00149322-ca7b-42da-81b3-4d2520556987
2026-08-01 17:43:56,824 [INFO] Migrated location description to new Bnode for uuid: 00149322-ca7b-42da-81b3-4d2520556987 and description: Oosterse Kaaij, Wijk 16, Verpondingsnr 137.
2026-08-01 17:43:57,048 [INFO] Turtle succesfully updated for row: 00149322-ca7b-42da-81b3-4d2520556987
2026-08-01 17:43:57,048 [INFO] Turtle is changed in the script. Check loginfo for details on uuid: 00149322-ca7b-42da-81b3-4d2520556987
2026-08-01 17:43:57,048 [INFO] STARTING WITH UUID: 0015278d-bbbd-43cc-9c1a-ddbbaa9c465c
2026-08-01 17:43:57,141 [INFO] Concept vocabulair and description: Wijk 54, Verpondingsnr 2534 added for row: 0015278d-bbbd-43cc-9c1a-ddbbaa9c465c
2026-08-01 17:43:57,141 [INFO] UUID: 0015278d-bbbd-43cc-9c1a-ddbbaa9c465c
2026-08-01 17:43:57,141 [INFO] Migrated location description to new Bnode for uuid: 0015278d-bbbd-43cc-9c1a-ddbbaa9c465c and description: Wijk 54, Verpondingsnr 2534.
2026-08-01 17:43:57,270 [INFO] Turtle succesfully updated for row: 0015278d-bbbd-43cc-9c1a-ddbbaa9c465c
2026-08-01 17:43:57,270 [INFO] Turtle is changed in the script. Check loginfo for details on uuid: 0015278d-bbbd-43cc-9c1a-ddbbaa9c465c
2026-08-01 17:43:57,270 [INFO] STARTING WITH UUID: 00185d58-cbd1-485c-9437-5378ea3fd297
2026-08-01 17:43:57,447 [INFO] Concept vocabulair and description: Laurierstraat added for row: 00185d58-cbd1-485c-9437-5378ea3fd297
2026-08-01 17:43:57,447 [INFO] UUID: 00185d58-cbd1-485c-9437-5378ea3fd297
2026-08-01 17:43:57,447 [INFO] Migrated location description to new Bnode for uuid: 00185d58-cbd1-485c-9437-5378ea3fd297 and description: Laurierstraat.
2026-08-01 17:43:57,575 [INFO] Turtle succesfully updated for row: 00185d58-cbd1-485c-9437-5378ea3fd297
2026-08-01 17:43:57,575 [INFO] Turtle is changed in the script. Check loginfo for details on uuid: 00185d58-cbd1-485c-9437-5378ea3fd297
2026-08-01 17:43:57,576 [INFO] STARTING WITH UUID: 001d5f13-a276-4f5c-84ee-9a049c63be32
2026-08-01 17:43:57,655 [INFO] Concept vocabulair and description: Wijk 28, Verpondingsnr 4662 added for row: 001d5f13-a276-4f5c-84ee-9a049c63be32
2026-08-01 17:43:57,655 [INFO] UUID: 001d5f13-a276-4f5c-84ee-9a049c63be32
2026-08-01 17:43:57,655 [INFO] Migrated location description to new Bnode for uuid: 001d5f13-a276-4f5c-84ee-9a049c63be32 and description: Wijk 28, Verpondingsnr 4662.
2026-08-01 17:43:57,780 [INFO] Turtle succesfully updated for row: 001d5f13-a276-4f5c-84ee-9a049c63be32
2026-08-01 17:43:57,780 [INFO] Turtle is changed in the script. Check loginfo for details on uuid: 001d5f13-a276-4f5c-84ee-9a049c63be32
2026-08-01 17:43:57,780 [INFO] STARTING WITH UUID: 001fba45-8b74-4abe-875e-15e376fe67bc
2026-08-01 17:43:57,862 [INFO] Concept vocabulair and description: Binnekant van ‘t Nieuwe Waale eijland agter de hoek van de Haekmarkt, Wijk 11, Verpondingsnr 3155 added for row: 001fba45-8b74-4abe-875e-15e376fe67bc
2026-08-01 17:43:57,862 [INFO] UUID: 001fba45-8b74-4abe-875e-15e376fe67bc
2026-08-01 17:43:57,862 [INFO] Migrated location description to new Bnode for uuid: 001fba45-8b74-4abe-875e-15e376fe67bc and description: Binnekant van ‘t Nieuwe Waale eijland agter de hoek van de Haekmarkt, Wijk 11, Verpondingsnr 3155.
2026-08-01 17:43:57,979 [INFO] Turtle succesfully updated for row: 001fba45-8b74-4abe-875e-15e376fe67bc
2026-08-01 17:43:57,979 [INFO] Turtle is changed in the script. Check loginfo for details on uuid: 001fba45-8b74-4abe-875e-15e376fe67bc
2026-08-01 17:43:57,980 [INFO] STARTING WITH UUID: 0021b2d5-3820-4944-99dc-c368f4f380f0
2026-08-01 17:43:58,058 [INFO] Concept vocabulair and description: Wijk 58, Verpondingsnr 4936 added for row: 0021b2d5-3820-4944-99dc-c368f4f380f0
2026-08-01 17:43:58,058 [INFO] UUID: 0021b2d5-3820-4944-99dc-c368f4f380f0
2026-08-01 17:43:58,058 [INFO] Migrated location description to new Bnode for uuid: 0021b2d5-3820-4944-99dc-c368f4f380f0 and description: Wijk 58, Verpondingsnr 4936.
2026-08-01 17:43:58,174 [INFO] Turtle succesfully updated for row: 0021b2d5-3820-4944-99dc-c368f4f380f0
2026-08-01 17:43:58,174 [INFO] Turtle is changed in the script. Check loginfo for details on uuid: 0021b2d5-3820-4944-99dc-c368f4f380f0
2026-08-01 17:43:58,174 [INFO] STARTING WITH UUID: 002bbc2b-d747-4d37-874d-dff9a6a1f985
2026-08-01 17:43:58,264 [INFO] Concept vocabulair and description: Anthonij Breestraat oostzij van de Snoekjessteeg tot de Beustraat, Wijk 13, Verpondingsnr 3708 added for row: 002bbc2b-d747-4d37-874d-dff9a6a1f985
2026-08-01 17:43:58,264 [INFO] UUID: 002bbc2b-d747-4d37-874d-dff9a6a1f985
2026-08-01 17:43:58,264 [INFO] Migrated location description to new Bnode for uuid: 002bbc2b-d747-4d37-874d-dff9a6a1f985 and description: Anthonij Breestraat oostzij van de Snoekjessteeg tot de Beustraat, Wijk 13, Verpondingsnr 3708.
2026-08-01 17:43:58,396 [INFO] Turtle succesfully updated for row: 002bbc2b-d747-4d37-874d-dff9a6a1f985
2026-08-01 17:43:58,396 [INFO] Turtle is changed in the script. Check loginfo for details on uuid: 002bbc2b-d747-4d37-874d-dff9a6a1f985
2026-08-01 17:43:58,396 [INFO] STARTING WITH UUID: 002e2cb9-73c6-4832-bdda-5d33893ecf03
2026-08-01 17:43:58,512 [INFO] Concept vocabulair and description: Wijk 34, Verpondingsnr 6337 added for row: 002e2cb9-73c6-4832-bdda-5d33893ecf03
2026-08-01 17:43:58,512 [INFO] UUID: 002e2cb9-73c6-4832-bdda-5d33893ecf03
2026-08-01 17:43:58,512 [INFO] Migrated location description to new Bnode for uuid: 002e2cb9-73c6-4832-bdda-5d33893ecf03 and description: Wijk 34, Verpondingsnr 6337.
2026-08-01 17:43:58,644 [INFO] Turtle succesfully updated for row: 002e2cb9-73c6-4832-bdda-5d33893ecf03
2026-08-01 17:43:58,644 [INFO] Turtle is changed in the script. Check loginfo for details on uuid: 002e2cb9-73c6-4832-bdda-5d33893ecf03
2026-08-01 17:43:58,644 [INFO] STARTING WITH UUID: 00349d8f-4e93-4a84-acb9-1cf01dcdb782
2026-08-01 17:43:58,712 [INFO] Concept vocabulair and description: Wijk 35, Verpondingsnr 172 added for row: 00349d8f-4e93-4a84-acb9-1cf01dcdb782
2026-08-01 17:43:58,713 [INFO] UUID: 00349d8f-4e93-4a84-acb9-1cf01dcdb782
2026-08-01 17:43:58,713 [INFO] Migrated location description to new Bnode for uuid: 00349d8f-4e93-4a84-acb9-1cf01dcdb782 and description: Wijk 35, Verpondingsnr 172.
2026-08-01 17:43:58,833 [INFO] Turtle succesfully updated for row: 00349d8f-4e93-4a84-acb9-1cf01dcdb782
2026-08-01 17:43:58,833 [INFO] Turtle is changed in the script. Check loginfo for details on uuid: 00349d8f-4e93-4a84-acb9-1cf01dcdb782
2026-08-01 17:43:58,834 [INFO] STARTING WITH UUID: 0034bbba-48c6-4fa7-9003-ce0e0ab25fa4
2026-08-01 17:43:58,915 [INFO] Concept vocabulair and description: Wijk 54, Verpondingsnr 2223 added for row: 0034bbba-48c6-4fa7-9003-ce0e0ab25fa4
2026-08-01 17:43:58,915 [INFO] UUID: 0034bbba-48c6-4fa7-9003-ce0e0ab25fa4
2026-08-01 17:43:58,915 [INFO] Migrated location description to new Bnode for uuid: 0034bbba-48c6-4fa7-9003-ce0e0ab25fa4 and description: Wijk 54, Verpondingsnr 2223.
2026-08-01 17:43:59,040 [INFO] Turtle succesfully updated for row: 0034bbba-48c6-4fa7-9003-ce0e0ab25fa4
2026-08-01 17:43:59,040 [INFO] Turtle is changed in the script. Check loginfo for details on uuid: 0034bbba-48c6-4fa7-9003-ce0e0ab25fa4
2026-08-01 17:43:59,041 [INFO] STARTING WITH UUID: 00359470-d759-42c1-81be-f8af79580b65
2026-08-01 17:43:59,109 [INFO] Concept vocabulair and description: Keijsersgracht oostzij van de Westermarksluijs, Wijk 43, Verpondingsnr 2884 added for row: 00359470-d759-42c1-81be-f8af79580b65
2026-08-01 17:43:59,109 [INFO] UUID: 00359470-d759-42c1-81be-f8af79580b65
2026-08-01 17:43:59,109 [INFO] Migrated location description to new Bnode for uuid: 00359470-d759-42c1-81be-f8af79580b65 and description: Keijsersgracht oostzij van de Westermarksluijs, Wijk 43, Verpondingsnr 2884.
2026-08-01 17:43:59,259 [INFO] Turtle succesfully updated for row: 00359470-d759-42c1-81be-f8af79580b65
2026-08-01 17:43:59,259 [INFO] Turtle is changed in the script. Check loginfo for details on uuid: 00359470-d759-42c1-81be-f8af79580b65
2026-08-01 17:43:59,259 [INFO] STARTING WITH UUID: 00361c26-b118-4b35-b523-add00ed498fd
2026-08-01 17:43:59,349 [INFO] Concept vocabulair and description: Wijk 54, Verpondingsnr 2706-1 added for row: 00361c26-b118-4b35-b523-add00ed498fd
2026-08-01 17:43:59,349 [INFO] UUID: 00361c26-b118-4b35-b523-add00ed498fd
2026-08-01 17:43:59,349 [INFO] Migrated location description to new Bnode for uuid: 00361c26-b118-4b35-b523-add00ed498fd and description: Wijk 54, Verpondingsnr 2706-1.
2026-08-01 17:43:59,459 [INFO] Turtle succesfully updated for row: 00361c26-b118-4b35-b523-add00ed498fd
2026-08-01 17:43:59,459 [INFO] Turtle is changed in the script. Check loginfo for details on uuid: 00361c26-b118-4b35-b523-add00ed498fd
2026-08-01 17:43:59,460 [INFO] STARTING WITH UUID: 003796a9-e564-455c-8880-9ef7b89813f0
2026-08-01 17:43:59,539 [INFO] Concept vocabulair and description: Wijk 21, Verpondingsnr 2211 added for row: 003796a9-e564-455c-8880-9ef7b89813f0
2026-08-01 17:43:59,539 [INFO] UUID: 003796a9-e564-455c-8880-9ef7b89813f0
2026-08-01 17:43:59,539 [INFO] Migrated location description to new Bnode for uuid: 003796a9-e564-455c-8880-9ef7b89813f0 and description: Wijk 21, Verpondingsnr 2211.
2026-08-01 17:43:59,662 [INFO] Turtle succesfully updated for row: 003796a9-e564-455c-8880-9ef7b89813f0
2026-08-01 17:43:59,662 [INFO] Turtle is changed in the script. Check loginfo for details on uuid: 003796a9-e564-455c-8880-9ef7b89813f0
2026-08-01 17:43:59,662 [INFO] STARTING WITH UUID: 0038ac5e-3d33-426e-9a5d-7c4f84af57f8
2026-08-01 17:43:59,729 [INFO] Concept vocabulair and description: Wijk 54, Verpondingsnr 2684 added for row: 0038ac5e-3d33-426e-9a5d-7c4f84af57f8
2026-08-01 17:43:59,729 [INFO] UUID: 0038ac5e-3d33-426e-9a5d-7c4f84af57f8
2026-08-01 17:43:59,729 [INFO] Migrated location description to new Bnode for uuid: 0038ac5e-3d33-426e-9a5d-7c4f84af57f8 and description: Wijk 54, Verpondingsnr 2684.
2026-08-01 17:43:59,836 [INFO] Turtle succesfully updated for row: 0038ac5e-3d33-426e-9a5d-7c4f84af57f8
2026-08-01 17:43:59,836 [INFO] Turtle is changed in the script. Check loginfo for details on uuid: 0038ac5e-3d33-426e-9a5d-7c4f84af57f8
2026-08-01 17:43:59,836 [INFO] STARTING WITH UUID: 003cc9cb-e0cd-4d26-b5a3-9db01b4cb93e
2026-08-01 17:43:59,916 [INFO] Concept vocabulair and description: Wijk 28, Verpondingsnr 4733 added for row: 003cc9cb-e0cd-4d26-b5a3-9db01b4cb93e
2026-08-01 17:43:59,916 [INFO] UUID: 003cc9cb-e0cd-4d26-b5a3-9db01b4cb93e
2026-08-01 17:43:59,916 [INFO] Migrated location description to new Bnode for uuid: 003cc9cb-e0cd-4d26-b5a3-9db01b4cb93e and description: Wijk 28, Verpondingsnr 4733.
2026-08-01 17:44:00,093 [INFO] Turtle succesfully updated for row: 003cc9cb-e0cd-4d26-b5a3-9db01b4cb93e
2026-08-01 17:44:00,093 [INFO] Turtle is changed in the script. Check loginfo for details on uuid: 003cc9cb-e0cd-4d26-b5a3-9db01b4cb93e
2026-08-01 17:44:00,094 [INFO] STARTING WITH UUID: 003d57e1-f811-4fd5-bd42-1448ba1538ed
2026-08-01 17:44:00,165 [INFO] Concept vocabulair and description: Wijk 37, Verpondingsnr 1042 added for row: 003d57e1-f811-4fd5-bd42-1448ba1538ed
2026-08-01 17:44:00,165 [INFO] UUID: 003d57e1-f811-4fd5-bd42-1448ba1538ed
2026-08-01 17:44:00,165 [INFO] Migrated location description to new Bnode for uuid: 003d57e1-f811-4fd5-bd42-1448ba1538ed and description: Wijk 37, Verpondingsnr 1042.
2026-08-01 17:44:00,279 [INFO] Turtle succesfully updated for row: 003d57e1-f811-4fd5-bd42-1448ba1538ed
2026-08-01 17:44:00,279 [INFO] Turtle is changed in the script. Check loginfo for details on uuid: 003d57e1-f811-4fd5-bd42-1448ba1538ed
2026-08-01 17:44:00,279 [INFO] STARTING WITH UUID: 003d634b-ccd9-4cfd-9a5a-96544611ebd2
2026-08-01 17:44:00,350 [INFO] Concept vocabulair and description: Nieuwe Gang, Wijk 49, Verpondingsnr 5123 added for row: 003d634b-ccd9-4cfd-9a5a-96544611ebd2
2026-08-01 17:44:00,350 [INFO] UUID: 003d634b-ccd9-4cfd-9a5a-96544611ebd2
2026-08-01 17:44:00,350 [INFO] Migrated location description to new Bnode for uuid: 003d634b-ccd9-4cfd-9a5a-96544611ebd2 and description: Nieuwe Gang, Wijk 49, Verpondingsnr 5123.
2026-08-01 17:44:00,530 [INFO] Turtle succesfully updated for row: 003d634b-ccd9-4cfd-9a5a-96544611ebd2
2026-08-01 17:44:00,530 [INFO] Turtle is changed in the script. Check loginfo for details on uuid: 003d634b-ccd9-4cfd-9a5a-96544611ebd2
2026-08-01 17:44:00,531 [INFO] STARTING WITH UUID: 003d65d3-e308-4331-a4dc-509a651e9cd4
2026-08-01 17:44:00,607 [INFO] Concept vocabulair and description: Wijk 56, Verpondingsnr 3672 added for row: 003d65d3-e308-4331-a4dc-509a651e9cd4
2026-08-01 17:44:00,607 [INFO] UUID: 003d65d3-e308-4331-a4dc-509a651e9cd4
2026-08-01 17:44:00,607 [INFO] Migrated location description to new Bnode for uuid: 003d65d3-e308-4331-a4dc-509a651e9cd4 and description: Wijk 56, Verpondingsnr 3672.
2026-08-01 17:44:00,754 [INFO] Turtle succesfully updated for row: 003d65d3-e308-4331-a4dc-509a651e9cd4
2026-08-01 17:44:00,754 [INFO] Turtle is changed in the script. Check loginfo for details on uuid: 003d65d3-e308-4331-a4dc-509a651e9cd4
2026-08-01 17:44:00,754 [INFO] STARTING WITH UUID: 0041ca1f-3d7d-41c3-a6b4-da959eaf2502
2026-08-01 17:44:00,835 [INFO] Concept vocabulair and description: Wijk 57, Verpondingsnr 4326-2 added for row: 0041ca1f-3d7d-41c3-a6b4-da959eaf2502
2026-08-01 17:44:00,835 [INFO] UUID: 0041ca1f-3d7d-41c3-a6b4-da959eaf2502
2026-08-01 17:44:00,835 [INFO] Migrated location description to new Bnode for uuid: 0041ca1f-3d7d-41c3-a6b4-da959eaf2502 and description: Wijk 57, Verpondingsnr 4326-2.
2026-08-01 17:44:00,940 [INFO] Turtle succesfully updated for row: 0041ca1f-3d7d-41c3-a6b4-da959eaf2502
2026-08-01 17:44:00,940 [INFO] Turtle is changed in the script. Check loginfo for details on uuid: 0041ca1f-3d7d-41c3-a6b4-da959eaf2502
2026-08-01 17:44:00,940 [INFO] STARTING WITH UUID: 004412b2-26a2-407b-a865-284a5fa23dba
2026-08-01 17:44:01,018 [INFO] Concept vocabulair and description: Wijk 17, Verpondingsnr 1204 added for row: 004412b2-26a2-407b-a865-284a5fa23dba
2026-08-01 17:44:01,018 [INFO] UUID: 004412b2-26a2-407b-a865-284a5fa23dba
2026-08-01 17:44:01,019 [INFO] Migrated location description to new Bnode for uuid: 004412b2-26a2-407b-a865-284a5fa23dba and description: Wijk 17, Verpondingsnr 1204.
2026-08-01 17:44:01,152 [INFO] Turtle succesfully updated for row: 004412b2-26a2-407b-a865-284a5fa23dba
2026-08-01 17:44:01,152 [INFO] Turtle is changed in the script. Check loginfo for details on uuid: 004412b2-26a2-407b-a865-284a5fa23dba
2026-08-01 17:44:01,152 [INFO] STARTING WITH UUID: 004418af-95a7-4839-9966-b6236d7871b0
2026-08-01 17:44:01,253 [INFO] Concept vocabulair and description: Wijk 57, Verpondingsnr 4055 added for row: 004418af-95a7-4839-9966-b6236d7871b0
2026-08-01 17:44:01,253 [INFO] UUID: 004418af-95a7-4839-9966-b6236d7871b0
2026-08-01 17:44:01,253 [INFO] Migrated location description to new Bnode for uuid: 004418af-95a7-4839-9966-b6236d7871b0 and description: Wijk 57, Verpondingsnr 4055.
2026-08-01 17:44:01,380 [INFO] Turtle succesfully updated for row: 004418af-95a7-4839-9966-b6236d7871b0
2026-08-01 17:44:01,380 [INFO] Turtle is changed in the script. Check loginfo for details on uuid: 004418af-95a7-4839-9966-b6236d7871b0
2026-08-01 17:44:01,381 [INFO] STARTING WITH UUID: 0044e921-e903-4abd-9433-c2827752fa15
2026-08-01 17:44:01,468 [INFO] Concept vocabulair and description: Wijk 40, Verpondingsnr 2082 added for row: 0044e921-e903-4abd-9433-c2827752fa15
2026-08-01 17:44:01,468 [INFO] UUID: 0044e921-e903-4abd-9433-c2827752fa15
2026-08-01 17:44:01,468 [INFO] Migrated location description to new Bnode for uuid: 0044e921-e903-4abd-9433-c2827752fa15 and description: Wijk 40, Verpondingsnr 2082.
2026-08-01 17:44:01,583 [INFO] Turtle succesfully updated for row: 0044e921-e903-4abd-9433-c2827752fa15
2026-08-01 17:44:01,583 [INFO] Turtle is changed in the script. Check loginfo for details on uuid: 0044e921-e903-4abd-9433-c2827752fa15
2026-08-01 17:44:01,583 [INFO] STARTING WITH UUID: 004e5ff0-799e-4623-8765-9f01f2b163f5
2026-08-01 17:44:01,650 [INFO] Concept vocabulair and description: Warmoesstraat aan de Guldehandsteeg, Wijk 1, Verpondingsnr 124 added for row: 004e5ff0-799e-4623-8765-9f01f2b163f5
2026-08-01 17:44:01,651 [INFO] UUID: 004e5ff0-799e-4623-8765-9f01f2b163f5
2026-08-01 17:44:01,651 [INFO] Migrated location description to new Bnode for uuid: 004e5ff0-799e-4623-8765-9f01f2b163f5 and description: Warmoesstraat aan de Guldehandsteeg, Wijk 1, Verpondingsnr 124.
2026-08-01 17:44:01,789 [INFO] Turtle succesfully updated for row: 004e5ff0-799e-4623-8765-9f01f2b163f5
2026-08-01 17:44:01,789 [INFO] Turtle is changed in the script. Check loginfo for details on uuid: 004e5ff0-799e-4623-8765-9f01f2b163f5
2026-08-01 17:44:01,790 [INFO] STARTING WITH UUID: 00502c4d-069f-444d-a9f3-adb68cd6405b
2026-08-01 17:44:01,905 [INFO] Concept vocabulair and description: Oosterse Kaaij, Wijk 16, Verpondingsnr 673 added for row: 00502c4d-069f-444d-a9f3-adb68cd6405b
2026-08-01 17:44:01,905 [INFO] UUID: 00502c4d-069f-444d-a9f3-adb68cd6405b
2026-08-01 17:44:01,906 [INFO] Migrated location description to new Bnode for uuid: 00502c4d-069f-444d-a9f3-adb68cd6405b and description: Oosterse Kaaij, Wijk 16, Verpondingsnr 673.
2026-08-01 17:44:02,008 [INFO] Turtle succesfully updated for row: 00502c4d-069f-444d-a9f3-adb68cd6405b
2026-08-01 17:44:02,008 [INFO] Turtle is changed in the script. Check loginfo for details on uuid: 00502c4d-069f-444d-a9f3-adb68cd6405b
2026-08-01 17:44:02,009 [INFO] STARTING WITH UUID: 005296b1-1eeb-41ab-b41f-a07182dd97a7
2026-08-01 17:44:02,081 [INFO] Concept vocabulair and description: Wijk 51, Verpondingsnr 199 added for row: 005296b1-1eeb-41ab-b41f-a07182dd97a7
2026-08-01 17:44:02,081 [INFO] UUID: 005296b1-1eeb-41ab-b41f-a07182dd97a7
2026-08-01 17:44:02,081 [INFO] Migrated location description to new Bnode for uuid: 005296b1-1eeb-41ab-b41f-a07182dd97a7 and description: Wijk 51, Verpondingsnr 199.
2026-08-01 17:44:02,178 [INFO] Turtle succesfully updated for row: 005296b1-1eeb-41ab-b41f-a07182dd97a7
2026-08-01 17:44:02,178 [INFO] Turtle is changed in the script. Check loginfo for details on uuid: 005296b1-1eeb-41ab-b41f-a07182dd97a7
2026-08-01 17:44:02,178 [INFO] STARTING WITH UUID: 00556c9b-b5d7-4f91-87ae-6a17c28b3f0e
2026-08-01 17:44:02,256 [INFO] Concept vocabulair and description: Wijk 40, Verpondingsnr 2200 added for row: 00556c9b-b5d7-4f91-87ae-6a17c28b3f0e
2026-08-01 17:44:02,256 [INFO] UUID: 00556c9b-b5d7-4f91-87ae-6a17c28b3f0e
2026-08-01 17:44:02,256 [INFO] Migrated location description to new Bnode for uuid: 00556c9b-b5d7-4f91-87ae-6a17c28b3f0e and description: Wijk 40, Verpondingsnr 2200.
2026-08-01 17:44:02,356 [INFO] Turtle succesfully updated for row: 00556c9b-b5d7-4f91-87ae-6a17c28b3f0e
2026-08-01 17:44:02,357 [INFO] Turtle is changed in the script. Check loginfo for details on uuid: 00556c9b-b5d7-4f91-87ae-6a17c28b3f0e
2026-08-01 17:44:02,357 [INFO] STARTING WITH UUID: 00557e5f-e23a-4584-a5b3-4c0ba8fbed29
2026-08-01 17:44:02,425 [INFO] Concept vocabulair and description: Kromme Tuijnstraat, Wijk 48, Verpondingsnr 4750 added for row: 00557e5f-e23a-4584-a5b3-4c0ba8fbed29
2026-08-01 17:44:02,425 [INFO] UUID: 00557e5f-e23a-4584-a5b3-4c0ba8fbed29
2026-08-01 17:44:02,425 [INFO] Migrated location description to new Bnode for uuid: 00557e5f-e23a-4584-a5b3-4c0ba8fbed29 and description: Kromme Tuijnstraat, Wijk 48, Verpondingsnr 4750.
2026-08-01 17:44:02,527 [INFO] Turtle succesfully updated for row: 00557e5f-e23a-4584-a5b3-4c0ba8fbed29
2026-08-01 17:44:02,527 [INFO] Turtle is changed in the script. Check loginfo for details on uuid: 00557e5f-e23a-4584-a5b3-4c0ba8fbed29
2026-08-01 17:44:02,528 [INFO] STARTING WITH UUID: 0055f2dd-82ef-4c95-b35e-e6dab7f9a363
2026-08-01 17:44:02,596 [INFO] Concept vocabulair and description: Wijk 28, Verpondingsnr 4478 added for row: 0055f2dd-82ef-4c95-b35e-e6dab7f9a363
2026-08-01 17:44:02,597 [INFO] UUID: 0055f2dd-82ef-4c95-b35e-e6dab7f9a363
2026-08-01 17:44:02,597 [INFO] Migrated location description to new Bnode for uuid: 0055f2dd-82ef-4c95-b35e-e6dab7f9a363 and description: Wijk 28, Verpondingsnr 4478.
2026-08-01 17:44:02,704 [INFO] Turtle succesfully updated for row: 0055f2dd-82ef-4c95-b35e-e6dab7f9a363
2026-08-01 17:44:02,704 [INFO] Turtle is changed in the script. Check loginfo for details on uuid: 0055f2dd-82ef-4c95-b35e-e6dab7f9a363
2026-08-01 17:44:02,705 [INFO] STARTING WITH UUID: 00587b7c-9cd4-4931-ae9c-3b06895ae382
2026-08-01 17:44:02,778 [INFO] Concept vocabulair and description: Wijk 51, Verpondingsnr 208 added for row: 00587b7c-9cd4-4931-ae9c-3b06895ae382
2026-08-01 17:44:02,778 [INFO] UUID: 00587b7c-9cd4-4931-ae9c-3b06895ae382
2026-08-01 17:44:02,778 [INFO] Migrated location description to new Bnode for uuid: 00587b7c-9cd4-4931-ae9c-3b06895ae382 and description: Wijk 51, Verpondingsnr 208.
2026-08-01 17:44:02,916 [INFO] Turtle succesfully updated for row: 00587b7c-9cd4-4931-ae9c-3b06895ae382
2026-08-01 17:44:02,916 [INFO] Turtle is changed in the script. Check loginfo for details on uuid: 00587b7c-9cd4-4931-ae9c-3b06895ae382
2026-08-01 17:44:02,916 [INFO] STARTING WITH UUID: 0059e03d-a06c-4bff-a7ce-ecc09a38368a
2026-08-01 17:44:02,995 [INFO] Concept vocabulair and description: Wijk 60, Verpondingsnr 6100 added for row: 0059e03d-a06c-4bff-a7ce-ecc09a38368a
2026-08-01 17:44:02,995 [INFO] UUID: 0059e03d-a06c-4bff-a7ce-ecc09a38368a
2026-08-01 17:44:02,995 [INFO] Migrated location description to new Bnode for uuid: 0059e03d-a06c-4bff-a7ce-ecc09a38368a and description: Wijk 60, Verpondingsnr 6100.
2026-08-01 17:44:03,136 [INFO] Turtle succesfully updated for row: 0059e03d-a06c-4bff-a7ce-ecc09a38368a
2026-08-01 17:44:03,136 [INFO] Turtle is changed in the script. Check loginfo for details on uuid: 0059e03d-a06c-4bff-a7ce-ecc09a38368a
2026-08-01 17:44:03,137 [INFO] STARTING WITH UUID: 005e30fa-b073-4da9-884f-0daa9c7fd046
2026-08-01 17:44:03,221 [INFO] Concept vocabulair and description: Stormsteeg zuidzij van de Zeedijk naer de Geldersche kaade, Wijk 3, Verpondingsnr 511 added for row: 005e30fa-b073-4da9-884f-0daa9c7fd046
2026-08-01 17:44:03,221 [INFO] UUID: 005e30fa-b073-4da9-884f-0daa9c7fd046
2026-08-01 17:44:03,221 [INFO] Migrated location description to new Bnode for uuid: 005e30fa-b073-4da9-884f-0daa9c7fd046 and description: Stormsteeg zuidzij van de Zeedijk naer de Geldersche kaade, Wijk 3, Verpondingsnr 511.
2026-08-01 17:44:03,329 [INFO] Turtle succesfully updated for row: 005e30fa-b073-4da9-884f-0daa9c7fd046
2026-08-01 17:44:03,329 [INFO] Turtle is changed in the script. Check loginfo for details on uuid: 005e30fa-b073-4da9-884f-0daa9c7fd046
2026-08-01 17:44:03,329 [INFO] STARTING WITH UUID: 0060c365-49ef-4c10-9d5c-8a05aecfd24f
2026-08-01 17:44:03,405 [INFO] Concept vocabulair and description: Wijk 39, Verpondingsnr 1636 added for row: 0060c365-49ef-4c10-9d5c-8a05aecfd24f
2026-08-01 17:44:03,405 [INFO] UUID: 0060c365-49ef-4c10-9d5c-8a05aecfd24f
2026-08-01 17:44:03,405 [INFO] Migrated location description to new Bnode for uuid: 0060c365-49ef-4c10-9d5c-8a05aecfd24f and description: Wijk 39, Verpondingsnr 1636.
2026-08-01 17:44:03,525 [INFO] Turtle succesfully updated for row: 0060c365-49ef-4c10-9d5c-8a05aecfd24f
2026-08-01 17:44:03,526 [INFO] Turtle is changed in the script. Check loginfo for details on uuid: 0060c365-49ef-4c10-9d5c-8a05aecfd24f
2026-08-01 17:44:03,526 [INFO] STARTING WITH UUID: 0060f52f-1350-4034-af22-cce8d371ef5e
2026-08-01 17:44:03,602 [INFO] Concept vocabulair and description: Warmoesstraat aan de Guldehandsteeg, Wijk 1, Verpondingsnr 94 added for row: 0060f52f-1350-4034-af22-cce8d371ef5e
2026-08-01 17:44:03,602 [INFO] UUID: 0060f52f-1350-4034-af22-cce8d371ef5e
2026-08-01 17:44:03,603 [INFO] Migrated location description to new Bnode for uuid: 0060f52f-1350-4034-af22-cce8d371ef5e and description: Warmoesstraat aan de Guldehandsteeg, Wijk 1, Verpondingsnr 94.
2026-08-01 17:44:03,743 [INFO] Turtle succesfully updated for row: 0060f52f-1350-4034-af22-cce8d371ef5e
2026-08-01 17:44:03,743 [INFO] Turtle is changed in the script. Check loginfo for details on uuid: 0060f52f-1350-4034-af22-cce8d371ef5e
2026-08-01 17:44:03,743 [INFO] STARTING WITH UUID: 0066fcbe-2234-4c50-b8cb-08bc3f1d13d3
2026-08-01 17:44:03,830 [INFO] Concept vocabulair and description: Wijk 42, Verpondingsnr 2551 added for row: 0066fcbe-2234-4c50-b8cb-08bc3f1d13d3
2026-08-01 17:44:03,830 [INFO] UUID: 0066fcbe-2234-4c50-b8cb-08bc3f1d13d3
2026-08-01 17:44:03,830 [INFO] Migrated location description to new Bnode for uuid: 0066fcbe-2234-4c50-b8cb-08bc3f1d13d3 and description: Wijk 42, Verpondingsnr 2551.
2026-08-01 17:44:03,961 [INFO] Turtle succesfully updated for row: 0066fcbe-2234-4c50-b8cb-08bc3f1d13d3
2026-08-01 17:44:03,961 [INFO] Turtle is changed in the script. Check loginfo for details on uuid: 0066fcbe-2234-4c50-b8cb-08bc3f1d13d3
2026-08-01 17:44:03,961 [INFO] STARTING WITH UUID: 0067239a-6152-464f-803b-fe99c281c6e2
2026-08-01 17:44:04,042 [INFO] Concept vocabulair and description: Wijk 28, Verpondingsnr 4616 added for row: 0067239a-6152-464f-803b-fe99c281c6e2
2026-08-01 17:44:04,042 [INFO] UUID: 0067239a-6152-464f-803b-fe99c281c6e2
2026-08-01 17:44:04,042 [INFO] Migrated location description to new Bnode for uuid: 0067239a-6152-464f-803b-fe99c281c6e2 and description: Wijk 28, Verpondingsnr 4616.
2026-08-01 17:44:04,154 [INFO] Turtle succesfully updated for row: 0067239a-6152-464f-803b-fe99c281c6e2
2026-08-01 17:44:04,154 [INFO] Turtle is changed in the script. Check loginfo for details on uuid: 0067239a-6152-464f-803b-fe99c281c6e2
2026-08-01 17:44:04,155 [INFO] STARTING WITH UUID: 00693b24-5095-45c6-bd11-fa0ab3465bd7
2026-08-01 17:44:04,231 [INFO] Concept vocabulair and description: Begint op de Heeregragt westzij over de Bergstraat, Wijk 46, Verpondingsnr 3734 added for row: 00693b24-5095-45c6-bd11-fa0ab3465bd7
2026-08-01 17:44:04,231 [INFO] UUID: 00693b24-5095-45c6-bd11-fa0ab3465bd7
2026-08-01 17:44:04,231 [INFO] Migrated location description to new Bnode for uuid: 00693b24-5095-45c6-bd11-fa0ab3465bd7 and description: Begint op de Heeregragt westzij over de Bergstraat, Wijk 46, Verpondingsnr 3734.
2026-08-01 17:44:04,365 [INFO] Turtle succesfully updated for row: 00693b24-5095-45c6-bd11-fa0ab3465bd7
2026-08-01 17:44:04,365 [INFO] Turtle is changed in the script. Check loginfo for details on uuid: 00693b24-5095-45c6-bd11-fa0ab3465bd7
2026-08-01 17:44:04,365 [INFO] STARTING WITH UUID: 006fb576-6329-4007-b80d-a349fb2ceebb
2026-08-01 17:44:04,436 [INFO] Concept vocabulair and description: Overzijde Keijsersgragt, Wijk 45, Verpondingsnr 3558 added for row: 006fb576-6329-4007-b80d-a349fb2ceebb
2026-08-01 17:44:04,436 [INFO] UUID: 006fb576-6329-4007-b80d-a349fb2ceebb
2026-08-01 17:44:04,436 [INFO] Migrated location description to new Bnode for uuid: 006fb576-6329-4007-b80d-a349fb2ceebb and description: Overzijde Keijsersgragt, Wijk 45, Verpondingsnr 3558.
2026-08-01 17:44:04,540 [INFO] Turtle succesfully updated for row: 006fb576-6329-4007-b80d-a349fb2ceebb
2026-08-01 17:44:04,540 [INFO] Turtle is changed in the script. Check loginfo for details on uuid: 006fb576-6329-4007-b80d-a349fb2ceebb
2026-08-01 17:44:04,540 [INFO] STARTING WITH UUID: 00740fc2-bd79-4afd-9fdf-33a4ab968a85
2026-08-01 17:44:04,603 [INFO] Concept vocabulair and description: Wijk 33, Verpondingsnr 6041 added for row: 00740fc2-bd79-4afd-9fdf-33a4ab968a85
2026-08-01 17:44:04,604 [INFO] UUID: 00740fc2-bd79-4afd-9fdf-33a4ab968a85
2026-08-01 17:44:04,604 [INFO] Migrated location description to new Bnode for uuid: 00740fc2-bd79-4afd-9fdf-33a4ab968a85 and description: Wijk 33, Verpondingsnr 6041.
2026-08-01 17:44:04,741 [INFO] Turtle succesfully updated for row: 00740fc2-bd79-4afd-9fdf-33a4ab968a85
2026-08-01 17:44:04,741 [INFO] Turtle is changed in the script. Check loginfo for details on uuid: 00740fc2-bd79-4afd-9fdf-33a4ab968a85
2026-08-01 17:44:04,741 [INFO] STARTING WITH UUID: 0075b5f1-99d1-49dd-9b09-93fb85b5e5b3
2026-08-01 17:44:04,811 [INFO] Concept vocabulair and description: Steenvoetsteeg zuidzij van de Houtuijnen naar de Breestraat, Wijk 15, Verpondingsnr 5661 added for row: 0075b5f1-99d1-49dd-9b09-93fb85b5e5b3
2026-08-01 17:44:04,811 [INFO] UUID: 0075b5f1-99d1-49dd-9b09-93fb85b5e5b3
2026-08-01 17:44:04,811 [INFO] Migrated location description to new Bnode for uuid: 0075b5f1-99d1-49dd-9b09-93fb85b5e5b3 and description: Steenvoetsteeg zuidzij van de Houtuijnen naar de Breestraat, Wijk 15, Verpondingsnr 5661.
2026-08-01 17:44:04,908 [INFO] Turtle succesfully updated for row: 0075b5f1-99d1-49dd-9b09-93fb85b5e5b3
2026-08-01 17:44:04,908 [INFO] Turtle is changed in the script. Check loginfo for details on uuid: 0075b5f1-99d1-49dd-9b09-93fb85b5e5b3
2026-08-01 17:44:04,908 [INFO] STARTING WITH UUID: 00766906-d20b-4509-a717-b82076fbcd39
2026-08-01 17:44:04,987 [INFO] Concept vocabulair and description: Wijk 57, Verpondingsnr 3944 added for row: 00766906-d20b-4509-a717-b82076fbcd39
2026-08-01 17:44:04,987 [INFO] UUID: 00766906-d20b-4509-a717-b82076fbcd39
2026-08-01 17:44:04,987 [INFO] Migrated location description to new Bnode for uuid: 00766906-d20b-4509-a717-b82076fbcd39 and description: Wijk 57, Verpondingsnr 3944.
2026-08-01 17:44:05,087 [INFO] Turtle succesfully updated for row: 00766906-d20b-4509-a717-b82076fbcd39
2026-08-01 17:44:05,087 [INFO] Turtle is changed in the script. Check loginfo for details on uuid: 00766906-d20b-4509-a717-b82076fbcd39
2026-08-01 17:44:05,088 [INFO] STARTING WITH UUID: 007d3a69-8b48-46dc-80a7-5cb7d6d8b20d
2026-08-01 17:44:05,157 [INFO] Concept vocabulair and description: Wijk 28, Verpondingsnr 4339 added for row: 007d3a69-8b48-46dc-80a7-5cb7d6d8b20d
2026-08-01 17:44:05,157 [INFO] UUID: 007d3a69-8b48-46dc-80a7-5cb7d6d8b20d
2026-08-01 17:44:05,157 [INFO] Migrated location description to new Bnode for uuid: 007d3a69-8b48-46dc-80a7-5cb7d6d8b20d and description: Wijk 28, Verpondingsnr 4339.
2026-08-01 17:44:05,282 [INFO] Turtle succesfully updated for row: 007d3a69-8b48-46dc-80a7-5cb7d6d8b20d
2026-08-01 17:44:05,282 [INFO] Turtle is changed in the script. Check loginfo for details on uuid: 007d3a69-8b48-46dc-80a7-5cb7d6d8b20d
2026-08-01 17:44:05,282 [INFO] STARTING WITH UUID: 007f4b71-682b-479b-b12b-872c5135ae14
2026-08-01 17:44:05,408 [INFO] Concept vocabulair and description: Wijk 27, Verpondingsnr 3802 added for row: 007f4b71-682b-479b-b12b-872c5135ae14
2026-08-01 17:44:05,408 [INFO] UUID: 007f4b71-682b-479b-b12b-872c5135ae14
2026-08-01 17:44:05,408 [INFO] Migrated location description to new Bnode for uuid: 007f4b71-682b-479b-b12b-872c5135ae14 and description: Wijk 27, Verpondingsnr 3802.
2026-08-01 17:44:05,522 [INFO] Turtle succesfully updated for row: 007f4b71-682b-479b-b12b-872c5135ae14
2026-08-01 17:44:05,522 [INFO] Turtle is changed in the script. Check loginfo for details on uuid: 007f4b71-682b-479b-b12b-872c5135ae14
2026-08-01 17:44:05,522 [INFO] STARTING WITH UUID: 008287f5-d2d5-4d31-93a8-29244cec5ea0
2026-08-01 17:44:05,602 [INFO] Concept vocabulair and description: Wijk 34, Verpondingsnr 6653 added for row: 008287f5-d2d5-4d31-93a8-29244cec5ea0
2026-08-01 17:44:05,602 [INFO] UUID: 008287f5-d2d5-4d31-93a8-29244cec5ea0
2026-08-01 17:44:05,603 [INFO] Migrated location description to new Bnode for uuid: 008287f5-d2d5-4d31-93a8-29244cec5ea0 and description: Wijk 34, Verpondingsnr 6653.
2026-08-01 17:44:05,744 [INFO] Turtle succesfully updated for row: 008287f5-d2d5-4d31-93a8-29244cec5ea0
2026-08-01 17:44:05,744 [INFO] Turtle is changed in the script. Check loginfo for details on uuid: 008287f5-d2d5-4d31-93a8-29244cec5ea0
2026-08-01 17:44:05,745 [INFO] STARTING WITH UUID: 0083809d-0cd7-4549-9031-ecc035b9a75f
2026-08-01 17:44:05,828 [INFO] Concept vocabulair and description: Wijk 57, Verpondingsnr 4311 added for row: 0083809d-0cd7-4549-9031-ecc035b9a75f
2026-08-01 17:44:05,828 [INFO] UUID: 0083809d-0cd7-4549-9031-ecc035b9a75f
2026-08-01 17:44:05,829 [INFO] Migrated location description to new Bnode for uuid: 0083809d-0cd7-4549-9031-ecc035b9a75f and description: Wijk 57, Verpondingsnr 4311.
2026-08-01 17:44:05,954 [INFO] Turtle succesfully updated for row: 0083809d-0cd7-4549-9031-ecc035b9a75f
2026-08-01 17:44:05,954 [INFO] Turtle is changed in the script. Check loginfo for details on uuid: 0083809d-0cd7-4549-9031-ecc035b9a75f
2026-08-01 17:44:05,955 [INFO] STARTING WITH UUID: 0083d17a-8f72-4233-92a3-593a56be066b
2026-08-01 17:44:06,017 [INFO] Concept vocabulair and description: Wijk 51, Verpondingsnr 1222 added for row: 0083d17a-8f72-4233-92a3-593a56be066b
2026-08-01 17:44:06,017 [INFO] UUID: 0083d17a-8f72-4233-92a3-593a56be066b
2026-08-01 17:44:06,017 [INFO] Migrated location description to new Bnode for uuid: 0083d17a-8f72-4233-92a3-593a56be066b and description: Wijk 51, Verpondingsnr 1222.
2026-08-01 17:44:06,126 [INFO] Turtle succesfully updated for row: 0083d17a-8f72-4233-92a3-593a56be066b
2026-08-01 17:44:06,126 [INFO] Turtle is changed in the script. Check loginfo for details on uuid: 0083d17a-8f72-4233-92a3-593a56be066b
2026-08-01 17:44:06,127 [INFO] STARTING WITH UUID: 008979a9-777a-4225-8084-48f21292d4fa
2026-08-01 17:44:06,221 [INFO] Concept vocabulair and description: Anthonij Breestraat oostzij van de Snoekjessteeg tot de Beustraat, Wijk 13, Verpondingsnr 3867-1 added for row: 008979a9-777a-4225-8084-48f21292d4fa
2026-08-01 17:44:06,221 [INFO] UUID: 008979a9-777a-4225-8084-48f21292d4fa
2026-08-01 17:44:06,221 [INFO] Migrated location description to new Bnode for uuid: 008979a9-777a-4225-8084-48f21292d4fa and description: Anthonij Breestraat oostzij van de Snoekjessteeg tot de Beustraat, Wijk 13, Verpondingsnr 3867-1.
2026-08-01 17:44:06,328 [INFO] Turtle succesfully updated for row: 008979a9-777a-4225-8084-48f21292d4fa
2026-08-01 17:44:06,328 [INFO] Turtle is changed in the script. Check loginfo for details on uuid: 008979a9-777a-4225-8084-48f21292d4fa
2026-08-01 17:44:06,329 [INFO] STARTING WITH UUID: 008c7a55-c8f6-455f-aa00-73d49d57e698
2026-08-01 17:44:06,404 [INFO] Concept vocabulair and description: Wijk 56, Verpondingsnr 3079 added for row: 008c7a55-c8f6-455f-aa00-73d49d57e698
2026-08-01 17:44:06,404 [INFO] UUID: 008c7a55-c8f6-455f-aa00-73d49d57e698
2026-08-01 17:44:06,404 [INFO] Migrated location description to new Bnode for uuid: 008c7a55-c8f6-455f-aa00-73d49d57e698 and description: Wijk 56, Verpondingsnr 3079.
2026-08-01 17:44:06,506 [INFO] Turtle succesfully updated for row: 008c7a55-c8f6-455f-aa00-73d49d57e698
2026-08-01 17:44:06,506 [INFO] Turtle is changed in the script. Check loginfo for details on uuid: 008c7a55-c8f6-455f-aa00-73d49d57e698
2026-08-01 17:44:06,506 [INFO] STARTING WITH UUID: 008ef523-811d-4770-be1e-bd3181d16f65
2026-08-01 17:44:06,597 [INFO] Concept vocabulair and description: Beginnende met de Jonkerstraat, Wijk 12, Verpondingsnr 3190 added for row: 008ef523-811d-4770-be1e-bd3181d16f65
2026-08-01 17:44:06,597 [INFO] UUID: 008ef523-811d-4770-be1e-bd3181d16f65
2026-08-01 17:44:06,597 [INFO] Migrated location description to new Bnode for uuid: 008ef523-811d-4770-be1e-bd3181d16f65 and description: Beginnende met de Jonkerstraat, Wijk 12, Verpondingsnr 3190.
2026-08-01 17:44:06,690 [INFO] Turtle succesfully updated for row: 008ef523-811d-4770-be1e-bd3181d16f65
2026-08-01 17:44:06,690 [INFO] Turtle is changed in the script. Check loginfo for details on uuid: 008ef523-811d-4770-be1e-bd3181d16f65
2026-08-01 17:44:06,690 [INFO] STARTING WITH UUID: 0090b5b2-61b3-4ae6-9f63-29ec3835d156
2026-08-01 17:44:06,759 [INFO] Concept vocabulair and description: Beginnende met de Jonkerstraat, Wijk 12, Verpondingsnr 3371 added for row: 0090b5b2-61b3-4ae6-9f63-29ec3835d156
2026-08-01 17:44:06,759 [INFO] UUID: 0090b5b2-61b3-4ae6-9f63-29ec3835d156
2026-08-01 17:44:06,759 [INFO] Migrated location description to new Bnode for uuid: 0090b5b2-61b3-4ae6-9f63-29ec3835d156 and description: Beginnende met de Jonkerstraat, Wijk 12, Verpondingsnr 3371.
2026-08-01 17:44:06,881 [INFO] Turtle succesfully updated for row: 0090b5b2-61b3-4ae6-9f63-29ec3835d156
2026-08-01 17:44:06,881 [INFO] Turtle is changed in the script. Check loginfo for details on uuid: 0090b5b2-61b3-4ae6-9f63-29ec3835d156
2026-08-01 17:44:06,881 [INFO] STARTING WITH UUID: 0093bd14-32e9-4e98-b65f-be928954c570
2026-08-01 17:44:06,950 [INFO] Concept vocabulair and description: Steenvoetsteeg zuidzij van de Houtuijnen naar de Breestraat, Wijk 15, Verpondingsnr 6080-31 added for row: 0093bd14-32e9-4e98-b65f-be928954c570
2026-08-01 17:44:06,950 [INFO] UUID: 0093bd14-32e9-4e98-b65f-be928954c570
2026-08-01 17:44:06,950 [INFO] Migrated location description to new Bnode for uuid: 0093bd14-32e9-4e98-b65f-be928954c570 and description: Steenvoetsteeg zuidzij van de Houtuijnen naar de Breestraat, Wijk 15, Verpondingsnr 6080-31.
2026-08-01 17:44:07,075 [INFO] Turtle succesfully updated for row: 0093bd14-32e9-4e98-b65f-be928954c570
2026-08-01 17:44:07,075 [INFO] Turtle is changed in the script. Check loginfo for details on uuid: 0093bd14-32e9-4e98-b65f-be928954c570
2026-08-01 17:44:07,075 [INFO] STARTING WITH UUID: 00977908-ed19-4ee2-909c-4dfcf7bd99bf
2026-08-01 17:44:07,143 [INFO] Concept vocabulair and description: Steenvoetsteeg zuidzij van de Houtuijnen naar de Breestraat, Wijk 15, Verpondingsnr 5977 added for row: 00977908-ed19-4ee2-909c-4dfcf7bd99bf
2026-08-01 17:44:07,143 [INFO] UUID: 00977908-ed19-4ee2-909c-4dfcf7bd99bf
2026-08-01 17:44:07,143 [INFO] Migrated location description to new Bnode for uuid: 00977908-ed19-4ee2-909c-4dfcf7bd99bf and description: Steenvoetsteeg zuidzij van de Houtuijnen naar de Breestraat, Wijk 15, Verpondingsnr 5977.
2026-08-01 17:44:07,282 [INFO] Turtle succesfully updated for row: 00977908-ed19-4ee2-909c-4dfcf7bd99bf
2026-08-01 17:44:07,282 [INFO] Turtle is changed in the script. Check loginfo for details on uuid: 00977908-ed19-4ee2-909c-4dfcf7bd99bf
2026-08-01 17:44:07,282 [INFO] STARTING WITH UUID: 009a32da-2861-4b7f-9bfe-339b4640685f
2026-08-01 17:44:07,366 [INFO] Concept vocabulair and description: Wijk 41, Verpondingsnr 2451-1 added for row: 009a32da-2861-4b7f-9bfe-339b4640685f
2026-08-01 17:44:07,366 [INFO] UUID: 009a32da-2861-4b7f-9bfe-339b4640685f
2026-08-01 17:44:07,366 [INFO] Migrated location description to new Bnode for uuid: 009a32da-2861-4b7f-9bfe-339b4640685f and description: Wijk 41, Verpondingsnr 2451-1.
2026-08-01 17:44:07,473 [INFO] Turtle succesfully updated for row: 009a32da-2861-4b7f-9bfe-339b4640685f
2026-08-01 17:44:07,474 [INFO] Turtle is changed in the script. Check loginfo for details on uuid: 009a32da-2861-4b7f-9bfe-339b4640685f
2026-08-01 17:44:07,474 [INFO] STARTING WITH UUID: 009e23b9-35e9-4ec5-9536-b2a332a7281b
2026-08-01 17:44:07,569 [INFO] Concept vocabulair and description: Wijk 24, Verpondingsnr 2997 added for row: 009e23b9-35e9-4ec5-9536-b2a332a7281b
2026-08-01 17:44:07,569 [INFO] UUID: 009e23b9-35e9-4ec5-9536-b2a332a7281b
2026-08-01 17:44:07,569 [INFO] Migrated location description to new Bnode for uuid: 009e23b9-35e9-4ec5-9536-b2a332a7281b and description: Wijk 24, Verpondingsnr 2997.
2026-08-01 17:44:07,666 [INFO] Turtle succesfully updated for row: 009e23b9-35e9-4ec5-9536-b2a332a7281b
2026-08-01 17:44:07,666 [INFO] Turtle is changed in the script. Check loginfo for details on uuid: 009e23b9-35e9-4ec5-9536-b2a332a7281b
2026-08-01 17:44:07,667 [INFO] STARTING WITH UUID: 009ecb08-6223-46ab-952d-d620dbc7b2b4
2026-08-01 17:44:07,750 [INFO] Concept vocabulair and description: Begint op de Heeregragt westzij Korsjessteeg na de Brouwersgragt, Wijk 50, Verpondingsnr 5420 added for row: 009ecb08-6223-46ab-952d-d620dbc7b2b4
2026-08-01 17:44:07,750 [INFO] UUID: 009ecb08-6223-46ab-952d-d620dbc7b2b4
2026-08-01 17:44:07,750 [INFO] Migrated location description to new Bnode for uuid: 009ecb08-6223-46ab-952d-d620dbc7b2b4 and description: Begint op de Heeregragt westzij Korsjessteeg na de Brouwersgragt, Wijk 50, Verpondingsnr 5420.
2026-08-01 17:44:07,891 [INFO] Turtle succesfully updated for row: 009ecb08-6223-46ab-952d-d620dbc7b2b4
2026-08-01 17:44:07,891 [INFO] Turtle is changed in the script. Check loginfo for details on uuid: 009ecb08-6223-46ab-952d-d620dbc7b2b4
2026-08-01 17:44:07,892 [INFO] STARTING WITH UUID: 00a2405d-e8fb-4ba2-9513-f56e241ca10b
2026-08-01 17:44:07,964 [INFO] Concept vocabulair and description: Wijk 20, Verpondingsnr 1992-2 added for row: 00a2405d-e8fb-4ba2-9513-f56e241ca10b
2026-08-01 17:44:07,964 [INFO] UUID: 00a2405d-e8fb-4ba2-9513-f56e241ca10b
2026-08-01 17:44:07,964 [INFO] Migrated location description to new Bnode for uuid: 00a2405d-e8fb-4ba2-9513-f56e241ca10b and description: Wijk 20, Verpondingsnr 1992-2.
2026-08-01 17:44:08,104 [INFO] Turtle succesfully updated for row: 00a2405d-e8fb-4ba2-9513-f56e241ca10b
2026-08-01 17:44:08,104 [INFO] Turtle is changed in the script. Check loginfo for details on uuid: 00a2405d-e8fb-4ba2-9513-f56e241ca10b
2026-08-01 17:44:08,104 [INFO] STARTING WITH UUID: 00a6b744-15e6-465a-9716-0c96e2e1d5f5
2026-08-01 17:44:08,177 [INFO] Concept vocabulair and description: Wijk 32, Verpondingsnr 5789 added for row: 00a6b744-15e6-465a-9716-0c96e2e1d5f5
2026-08-01 17:44:08,177 [INFO] UUID: 00a6b744-15e6-465a-9716-0c96e2e1d5f5
2026-08-01 17:44:08,177 [INFO] Migrated location description to new Bnode for uuid: 00a6b744-15e6-465a-9716-0c96e2e1d5f5 and description: Wijk 32, Verpondingsnr 5789.
2026-08-01 17:44:08,292 [INFO] Turtle succesfully updated for row: 00a6b744-15e6-465a-9716-0c96e2e1d5f5
2026-08-01 17:44:08,292 [INFO] Turtle is changed in the script. Check loginfo for details on uuid: 00a6b744-15e6-465a-9716-0c96e2e1d5f5
2026-08-01 17:44:08,292 [INFO] STARTING WITH UUID: 00ac2bfe-aaa9-42f3-8abf-4b2fbf525eee
2026-08-01 17:44:08,371 [INFO] Concept vocabulair and description: Wijk 33, Verpondingsnr 5930 added for row: 00ac2bfe-aaa9-42f3-8abf-4b2fbf525eee
2026-08-01 17:44:08,371 [INFO] UUID: 00ac2bfe-aaa9-42f3-8abf-4b2fbf525eee
2026-08-01 17:44:08,371 [INFO] Migrated location description to new Bnode for uuid: 00ac2bfe-aaa9-42f3-8abf-4b2fbf525eee and description: Wijk 33, Verpondingsnr 5930.
2026-08-01 17:44:08,473 [INFO] Turtle succesfully updated for row: 00ac2bfe-aaa9-42f3-8abf-4b2fbf525eee
2026-08-01 17:44:08,473 [INFO] Turtle is changed in the script. Check loginfo for details on uuid: 00ac2bfe-aaa9-42f3-8abf-4b2fbf525eee
2026-08-01 17:44:08,474 [INFO] STARTING WITH UUID: 00ae127d-6ea2-451f-8d19-c4cb9ab3051e
2026-08-01 17:44:08,549 [INFO] Concept vocabulair and description: Wijk 59, Verpondingsnr 5400 added for row: 00ae127d-6ea2-451f-8d19-c4cb9ab3051e
2026-08-01 17:44:08,549 [INFO] UUID: 00ae127d-6ea2-451f-8d19-c4cb9ab3051e
2026-08-01 17:44:08,549 [INFO] Migrated location description to new Bnode for uuid: 00ae127d-6ea2-451f-8d19-c4cb9ab3051e and description: Wijk 59, Verpondingsnr 5400.
2026-08-01 17:44:08,650 [INFO] Turtle succesfully updated for row: 00ae127d-6ea2-451f-8d19-c4cb9ab3051e
2026-08-01 17:44:08,650 [INFO] Turtle is changed in the script. Check loginfo for details on uuid: 00ae127d-6ea2-451f-8d19-c4cb9ab3051e
2026-08-01 17:44:08,651 [INFO] STARTING WITH UUID: 00ae6826-2696-48eb-bcde-761aa75f09e3
2026-08-01 17:44:08,722 [INFO] Concept vocabulair and description: Slappersgang, Wijk 48, Verpondingsnr 4586 added for row: 00ae6826-2696-48eb-bcde-761aa75f09e3
2026-08-01 17:44:08,722 [INFO] UUID: 00ae6826-2696-48eb-bcde-761aa75f09e3
2026-08-01 17:44:08,723 [INFO] Migrated location description to new Bnode for uuid: 00ae6826-2696-48eb-bcde-761aa75f09e3 and description: Slappersgang, Wijk 48, Verpondingsnr 4586.
2026-08-01 17:44:08,835 [INFO] Turtle succesfully updated for row: 00ae6826-2696-48eb-bcde-761aa75f09e3
2026-08-01 17:44:08,836 [INFO] Turtle is changed in the script. Check loginfo for details on uuid: 00ae6826-2696-48eb-bcde-761aa75f09e3
2026-08-01 17:44:08,836 [INFO] STARTING WITH UUID: 00b1e45d-c706-4cce-98fe-87f34016ec61
2026-08-01 17:44:08,910 [INFO] Concept vocabulair and description: Wijk 33, Verpondingsnr 5902 added for row: 00b1e45d-c706-4cce-98fe-87f34016ec61
2026-08-01 17:44:08,910 [INFO] UUID: 00b1e45d-c706-4cce-98fe-87f34016ec61
2026-08-01 17:44:08,910 [INFO] Migrated location description to new Bnode for uuid: 00b1e45d-c706-4cce-98fe-87f34016ec61 and description: Wijk 33, Verpondingsnr 5902.
2026-08-01 17:44:09,090 [INFO] Turtle succesfully updated for row: 00b1e45d-c706-4cce-98fe-87f34016ec61
2026-08-01 17:44:09,090 [INFO] Turtle is changed in the script. Check loginfo for details on uuid: 00b1e45d-c706-4cce-98fe-87f34016ec61
2026-08-01 17:44:09,090 [INFO] STARTING WITH UUID: 00b31fa2-22e9-4a08-abf4-16c2af17bd85
2026-08-01 17:44:09,182 [INFO] Concept vocabulair and description: Wijk 51, Verpondingsnr 1069 added for row: 00b31fa2-22e9-4a08-abf4-16c2af17bd85
2026-08-01 17:44:09,182 [INFO] UUID: 00b31fa2-22e9-4a08-abf4-16c2af17bd85
2026-08-01 17:44:09,182 [INFO] Migrated location description to new Bnode for uuid: 00b31fa2-22e9-4a08-abf4-16c2af17bd85 and description: Wijk 51, Verpondingsnr 1069.
2026-08-01 17:44:09,317 [INFO] Turtle succesfully updated for row: 00b31fa2-22e9-4a08-abf4-16c2af17bd85
2026-08-01 17:44:09,317 [INFO] Turtle is changed in the script. Check loginfo for details on uuid: 00b31fa2-22e9-4a08-abf4-16c2af17bd85
2026-08-01 17:44:09,318 [INFO] STARTING WITH UUID: 00b3a57e-7a1d-4a65-b29d-b1761a5d1fa8
2026-08-01 17:44:09,397 [INFO] Concept vocabulair and description: Wijk 40, Verpondingsnr 2037 added for row: 00b3a57e-7a1d-4a65-b29d-b1761a5d1fa8
2026-08-01 17:44:09,397 [INFO] UUID: 00b3a57e-7a1d-4a65-b29d-b1761a5d1fa8
2026-08-01 17:44:09,397 [INFO] Migrated location description to new Bnode for uuid: 00b3a57e-7a1d-4a65-b29d-b1761a5d1fa8 and description: Wijk 40, Verpondingsnr 2037.
2026-08-01 17:44:09,506 [INFO] Turtle succesfully updated for row: 00b3a57e-7a1d-4a65-b29d-b1761a5d1fa8
2026-08-01 17:44:09,506 [INFO] Turtle is changed in the script. Check loginfo for details on uuid: 00b3a57e-7a1d-4a65-b29d-b1761a5d1fa8
2026-08-01 17:44:09,507 [INFO] STARTING WITH UUID: 00b6cf78-11a6-457e-abe9-9c1e32e0f590
2026-08-01 17:44:09,596 [INFO] Concept vocabulair and description: Wijk 23, Verpondingsnr 2737 added for row: 00b6cf78-11a6-457e-abe9-9c1e32e0f590
2026-08-01 17:44:09,597 [INFO] UUID: 00b6cf78-11a6-457e-abe9-9c1e32e0f590
2026-08-01 17:44:09,597 [INFO] Migrated location description to new Bnode for uuid: 00b6cf78-11a6-457e-abe9-9c1e32e0f590 and description: Wijk 23, Verpondingsnr 2737.
2026-08-01 17:44:09,755 [INFO] Turtle succesfully updated for row: 00b6cf78-11a6-457e-abe9-9c1e32e0f590
2026-08-01 17:44:09,755 [INFO] Turtle is changed in the script. Check loginfo for details on uuid: 00b6cf78-11a6-457e-abe9-9c1e32e0f590
2026-08-01 17:44:09,756 [INFO] STARTING WITH UUID: 00b999c6-47b1-4282-9847-d1907b765813
2026-08-01 17:44:09,849 [INFO] Concept vocabulair and description: Wijk 31, Verpondingsnr 5532 added for row: 00b999c6-47b1-4282-9847-d1907b765813
2026-08-01 17:44:09,849 [INFO] UUID: 00b999c6-47b1-4282-9847-d1907b765813
2026-08-01 17:44:09,849 [INFO] Migrated location description to new Bnode for uuid: 00b999c6-47b1-4282-9847-d1907b765813 and description: Wijk 31, Verpondingsnr 5532.
2026-08-01 17:44:09,958 [INFO] Turtle succesfully updated for row: 00b999c6-47b1-4282-9847-d1907b765813
2026-08-01 17:44:09,958 [INFO] Turtle is changed in the script. Check loginfo for details on uuid: 00b999c6-47b1-4282-9847-d1907b765813
2026-08-01 17:44:09,958 [INFO] STARTING WITH UUID: 00bd3b1c-47fd-4130-ba86-6385ff368e6b
2026-08-01 17:44:10,035 [INFO] Concept vocabulair and description: Wijk 54, Verpondingsnr 2789 added for row: 00bd3b1c-47fd-4130-ba86-6385ff368e6b
2026-08-01 17:44:10,035 [INFO] UUID: 00bd3b1c-47fd-4130-ba86-6385ff368e6b
2026-08-01 17:44:10,035 [INFO] Migrated location description to new Bnode for uuid: 00bd3b1c-47fd-4130-ba86-6385ff368e6b and description: Wijk 54, Verpondingsnr 2789.
2026-08-01 17:44:10,133 [INFO] Turtle succesfully updated for row: 00bd3b1c-47fd-4130-ba86-6385ff368e6b
2026-08-01 17:44:10,133 [INFO] Turtle is changed in the script. Check loginfo for details on uuid: 00bd3b1c-47fd-4130-ba86-6385ff368e6b
2026-08-01 17:44:10,134 [INFO] STARTING WITH UUID: 00beb6d9-843d-4c4e-ac16-7086417872e8
2026-08-01 17:44:10,204 [INFO] Concept vocabulair and description: Wijk 34, Verpondingsnr 6242 added for row: 00beb6d9-843d-4c4e-ac16-7086417872e8
2026-08-01 17:44:10,204 [INFO] UUID: 00beb6d9-843d-4c4e-ac16-7086417872e8
2026-08-01 17:44:10,204 [INFO] Migrated location description to new Bnode for uuid: 00beb6d9-843d-4c4e-ac16-7086417872e8 and description: Wijk 34, Verpondingsnr 6242.
2026-08-01 17:44:10,304 [INFO] Turtle succesfully updated for row: 00beb6d9-843d-4c4e-ac16-7086417872e8
2026-08-01 17:44:10,304 [INFO] Turtle is changed in the script. Check loginfo for details on uuid: 00beb6d9-843d-4c4e-ac16-7086417872e8
2026-08-01 17:44:10,304 [INFO] STARTING WITH UUID: 00bf42a2-a4ce-4855-9ba7-0d65f91ed34a
2026-08-01 17:44:10,380 [INFO] Concept vocabulair and description: Wijk 28, Verpondingsnr 4509 added for row: 00bf42a2-a4ce-4855-9ba7-0d65f91ed34a
2026-08-01 17:44:10,380 [INFO] UUID: 00bf42a2-a4ce-4855-9ba7-0d65f91ed34a
2026-08-01 17:44:10,380 [INFO] Migrated location description to new Bnode for uuid: 00bf42a2-a4ce-4855-9ba7-0d65f91ed34a and description: Wijk 28, Verpondingsnr 4509.
2026-08-01 17:44:10,501 [INFO] Turtle succesfully updated for row: 00bf42a2-a4ce-4855-9ba7-0d65f91ed34a
2026-08-01 17:44:10,501 [INFO] Turtle is changed in the script. Check loginfo for details on uuid: 00bf42a2-a4ce-4855-9ba7-0d65f91ed34a
2026-08-01 17:44:10,501 [INFO] STARTING WITH UUID: 00bfc57d-092f-45ca-acdd-30836f328053
2026-08-01 17:44:10,576 [INFO] Concept vocabulair and description: Wijk 17, Verpondingsnr 1205-1 added for row: 00bfc57d-092f-45ca-acdd-30836f328053
2026-08-01 17:44:10,576 [INFO] UUID: 00bfc57d-092f-45ca-acdd-30836f328053
2026-08-01 17:44:10,576 [INFO] Migrated location description to new Bnode for uuid: 00bfc57d-092f-45ca-acdd-30836f328053 and description: Wijk 17, Verpondingsnr 1205-1.
2026-08-01 17:44:10,674 [INFO] Turtle succesfully updated for row: 00bfc57d-092f-45ca-acdd-30836f328053
2026-08-01 17:44:10,674 [INFO] Turtle is changed in the script. Check loginfo for details on uuid: 00bfc57d-092f-45ca-acdd-30836f328053
2026-08-01 17:44:10,674 [INFO] STARTING WITH UUID: 00c1367c-268d-489c-8b44-67b1190e0c95
2026-08-01 17:44:10,742 [INFO] Concept vocabulair and description: Wijk 26, Verpondingsnr 3446 added for row: 00c1367c-268d-489c-8b44-67b1190e0c95
2026-08-01 17:44:10,742 [INFO] UUID: 00c1367c-268d-489c-8b44-67b1190e0c95
2026-08-01 17:44:10,742 [INFO] Migrated location description to new Bnode for uuid: 00c1367c-268d-489c-8b44-67b1190e0c95 and description: Wijk 26, Verpondingsnr 3446.
2026-08-01 17:44:10,840 [INFO] Turtle succesfully updated for row: 00c1367c-268d-489c-8b44-67b1190e0c95
2026-08-01 17:44:10,840 [INFO] Turtle is changed in the script. Check loginfo for details on uuid: 00c1367c-268d-489c-8b44-67b1190e0c95
2026-08-01 17:44:10,840 [INFO] STARTING WITH UUID: 00c2b55a-e847-4638-aeb8-b219f4055bb4
2026-08-01 17:44:10,912 [INFO] Concept vocabulair and description: Wijk 34, Verpondingsnr 6413 added for row: 00c2b55a-e847-4638-aeb8-b219f4055bb4
2026-08-01 17:44:10,912 [INFO] UUID: 00c2b55a-e847-4638-aeb8-b219f4055bb4
2026-08-01 17:44:10,912 [INFO] Migrated location description to new Bnode for uuid: 00c2b55a-e847-4638-aeb8-b219f4055bb4 and description: Wijk 34, Verpondingsnr 6413.
2026-08-01 17:44:11,027 [INFO] Turtle succesfully updated for row: 00c2b55a-e847-4638-aeb8-b219f4055bb4
2026-08-01 17:44:11,028 [INFO] Turtle is changed in the script. Check loginfo for details on uuid: 00c2b55a-e847-4638-aeb8-b219f4055bb4
2026-08-01 17:44:11,028 [INFO] STARTING WITH UUID: 00c70ea0-6a1b-43b1-b0c5-aa3a7f22d739
2026-08-01 17:44:11,090 [INFO] Concept vocabulair and description: Wijk 36, Verpondingsnr 591 added for row: 00c70ea0-6a1b-43b1-b0c5-aa3a7f22d739
2026-08-01 17:44:11,090 [INFO] UUID: 00c70ea0-6a1b-43b1-b0c5-aa3a7f22d739
2026-08-01 17:44:11,090 [INFO] Migrated location description to new Bnode for uuid: 00c70ea0-6a1b-43b1-b0c5-aa3a7f22d739 and description: Wijk 36, Verpondingsnr 591.
2026-08-01 17:44:11,186 [INFO] Turtle succesfully updated for row: 00c70ea0-6a1b-43b1-b0c5-aa3a7f22d739
2026-08-01 17:44:11,186 [INFO] Turtle is changed in the script. Check loginfo for details on uuid: 00c70ea0-6a1b-43b1-b0c5-aa3a7f22d739
2026-08-01 17:44:11,187 [INFO] STARTING WITH UUID: 00c83b2d-f2ee-47a5-974b-4cdaced1c99f
2026-08-01 17:44:11,317 [INFO] Concept vocabulair and description: Wijk 54, Verpondingsnr 2525 added for row: 00c83b2d-f2ee-47a5-974b-4cdaced1c99f
2026-08-01 17:44:11,318 [INFO] UUID: 00c83b2d-f2ee-47a5-974b-4cdaced1c99f
2026-08-01 17:44:11,318 [INFO] Migrated location description to new Bnode for uuid: 00c83b2d-f2ee-47a5-974b-4cdaced1c99f and description: Wijk 54, Verpondingsnr 2525.
2026-08-01 17:44:11,474 [INFO] Turtle succesfully updated for row: 00c83b2d-f2ee-47a5-974b-4cdaced1c99f
2026-08-01 17:44:11,474 [INFO] Turtle is changed in the script. Check loginfo for details on uuid: 00c83b2d-f2ee-47a5-974b-4cdaced1c99f
2026-08-01 17:44:11,474 [INFO] STARTING WITH UUID: 00cce8ad-2cd7-4c56-8a28-38c34d72e5b2
2026-08-01 17:44:11,551 [INFO] Concept vocabulair and description: Oosterse Kaaij, Wijk 16, Verpondingsnr 965 added for row: 00cce8ad-2cd7-4c56-8a28-38c34d72e5b2
2026-08-01 17:44:11,551 [INFO] UUID: 00cce8ad-2cd7-4c56-8a28-38c34d72e5b2
2026-08-01 17:44:11,551 [INFO] Migrated location description to new Bnode for uuid: 00cce8ad-2cd7-4c56-8a28-38c34d72e5b2 and description: Oosterse Kaaij, Wijk 16, Verpondingsnr 965.
2026-08-01 17:44:11,674 [INFO] Turtle succesfully updated for row: 00cce8ad-2cd7-4c56-8a28-38c34d72e5b2
2026-08-01 17:44:11,675 [INFO] Turtle is changed in the script. Check loginfo for details on uuid: 00cce8ad-2cd7-4c56-8a28-38c34d72e5b2
2026-08-01 17:44:11,675 [INFO] STARTING WITH UUID: 00ce8db6-06f9-4703-92f6-75e4ae50e6c0
2026-08-01 17:44:11,758 [INFO] Concept vocabulair and description: Wijk 35, Verpondingsnr 296 added for row: 00ce8db6-06f9-4703-92f6-75e4ae50e6c0
2026-08-01 17:44:11,758 [INFO] UUID: 00ce8db6-06f9-4703-92f6-75e4ae50e6c0
2026-08-01 17:44:11,758 [INFO] Migrated location description to new Bnode for uuid: 00ce8db6-06f9-4703-92f6-75e4ae50e6c0 and description: Wijk 35, Verpondingsnr 296.
2026-08-01 17:44:11,886 [INFO] Turtle succesfully updated for row: 00ce8db6-06f9-4703-92f6-75e4ae50e6c0
2026-08-01 17:44:11,887 [INFO] Turtle is changed in the script. Check loginfo for details on uuid: 00ce8db6-06f9-4703-92f6-75e4ae50e6c0
2026-08-01 17:44:11,887 [INFO] STARTING WITH UUID: 00cf4c4d-96ab-444b-a29e-6d15e70861a5
2026-08-01 17:44:11,992 [INFO] Concept vocabulair and description: Wijk 60, Verpondingsnr 5593 added for row: 00cf4c4d-96ab-444b-a29e-6d15e70861a5
2026-08-01 17:44:11,993 [INFO] UUID: 00cf4c4d-96ab-444b-a29e-6d15e70861a5
2026-08-01 17:44:11,993 [INFO] Migrated location description to new Bnode for uuid: 00cf4c4d-96ab-444b-a29e-6d15e70861a5 and description: Wijk 60, Verpondingsnr 5593.
2026-08-01 17:44:12,133 [INFO] Turtle succesfully updated for row: 00cf4c4d-96ab-444b-a29e-6d15e70861a5
2026-08-01 17:44:12,133 [INFO] Turtle is changed in the script. Check loginfo for details on uuid: 00cf4c4d-96ab-444b-a29e-6d15e70861a5
2026-08-01 17:44:12,133 [INFO] STARTING WITH UUID: 00d145cf-394b-4c07-bfb0-a0d03c6d2701
2026-08-01 17:44:12,210 [INFO] Concept vocabulair and description: Wijk 40, Verpondingsnr 1983 added for row: 00d145cf-394b-4c07-bfb0-a0d03c6d2701
2026-08-01 17:44:12,210 [INFO] UUID: 00d145cf-394b-4c07-bfb0-a0d03c6d2701
2026-08-01 17:44:12,211 [INFO] Migrated location description to new Bnode for uuid: 00d145cf-394b-4c07-bfb0-a0d03c6d2701 and description: Wijk 40, Verpondingsnr 1983.
2026-08-01 17:44:12,357 [INFO] Turtle succesfully updated for row: 00d145cf-394b-4c07-bfb0-a0d03c6d2701
2026-08-01 17:44:12,357 [INFO] Turtle is changed in the script. Check loginfo for details on uuid: 00d145cf-394b-4c07-bfb0-a0d03c6d2701
2026-08-01 17:44:12,357 [INFO] STARTING WITH UUID: 00d19081-b0b1-4102-be1f-869a9776c3f9
2026-08-01 17:44:12,428 [INFO] Concept vocabulair and description: Wijk 29, Verpondingsnr 4958 added for row: 00d19081-b0b1-4102-be1f-869a9776c3f9
2026-08-01 17:44:12,428 [INFO] UUID: 00d19081-b0b1-4102-be1f-869a9776c3f9
2026-08-01 17:44:12,428 [INFO] Migrated location description to new Bnode for uuid: 00d19081-b0b1-4102-be1f-869a9776c3f9 and description: Wijk 29, Verpondingsnr 4958.
2026-08-01 17:44:12,542 [INFO] Turtle succesfully updated for row: 00d19081-b0b1-4102-be1f-869a9776c3f9
2026-08-01 17:44:12,542 [INFO] Turtle is changed in the script. Check loginfo for details on uuid: 00d19081-b0b1-4102-be1f-869a9776c3f9
2026-08-01 17:44:12,543 [INFO] STARTING WITH UUID: 00d8088c-0efb-4138-965e-9ed895291fcd
2026-08-01 17:44:12,623 [INFO] Concept vocabulair and description: Brouwersgracht added for row: 00d8088c-0efb-4138-965e-9ed895291fcd
2026-08-01 17:44:12,623 [INFO] UUID: 00d8088c-0efb-4138-965e-9ed895291fcd
2026-08-01 17:44:12,623 [INFO] Migrated location description to new Bnode for uuid: 00d8088c-0efb-4138-965e-9ed895291fcd and description: Brouwersgracht.
2026-08-01 17:44:12,747 [INFO] Turtle succesfully updated for row: 00d8088c-0efb-4138-965e-9ed895291fcd
2026-08-01 17:44:12,747 [INFO] Turtle is changed in the script. Check loginfo for details on uuid: 00d8088c-0efb-4138-965e-9ed895291fcd
2026-08-01 17:44:12,748 [INFO] STARTING WITH UUID: 00db7865-4c98-4087-bef1-4663864c61c1
2026-08-01 17:44:12,818 [INFO] Concept vocabulair and description: Wijk 30, Verpondingsnr 5252 added for row: 00db7865-4c98-4087-bef1-4663864c61c1
2026-08-01 17:44:12,818 [INFO] UUID: 00db7865-4c98-4087-bef1-4663864c61c1
2026-08-01 17:44:12,818 [INFO] Migrated location description to new Bnode for uuid: 00db7865-4c98-4087-bef1-4663864c61c1 and description: Wijk 30, Verpondingsnr 5252.
2026-08-01 17:44:12,966 [INFO] Turtle succesfully updated for row: 00db7865-4c98-4087-bef1-4663864c61c1
2026-08-01 17:44:12,966 [INFO] Turtle is changed in the script. Check loginfo for details on uuid: 00db7865-4c98-4087-bef1-4663864c61c1
2026-08-01 17:44:12,966 [INFO] STARTING WITH UUID: 00e08d6f-75a5-434f-ab2e-56b4d40a883d
2026-08-01 17:44:13,039 [INFO] Concept vocabulair and description: Wijk 52, Verpondingsnr 1431 added for row: 00e08d6f-75a5-434f-ab2e-56b4d40a883d
2026-08-01 17:44:13,039 [INFO] UUID: 00e08d6f-75a5-434f-ab2e-56b4d40a883d
2026-08-01 17:44:13,039 [INFO] Migrated location description to new Bnode for uuid: 00e08d6f-75a5-434f-ab2e-56b4d40a883d and description: Wijk 52, Verpondingsnr 1431.
2026-08-01 17:44:13,160 [INFO] Turtle succesfully updated for row: 00e08d6f-75a5-434f-ab2e-56b4d40a883d
2026-08-01 17:44:13,160 [INFO] Turtle is changed in the script. Check loginfo for details on uuid: 00e08d6f-75a5-434f-ab2e-56b4d40a883d
2026-08-01 17:44:13,160 [INFO] STARTING WITH UUID: 00e14e01-bdfc-4b39-b7a3-7bf74d4846ae
2026-08-01 17:44:13,232 [INFO] Concept vocabulair and description: Steenvoetsteeg zuidzij van de Houtuijnen naar de Breestraat, Wijk 15, Verpondingsnr 6564 added for row: 00e14e01-bdfc-4b39-b7a3-7bf74d4846ae
2026-08-01 17:44:13,232 [INFO] UUID: 00e14e01-bdfc-4b39-b7a3-7bf74d4846ae
2026-08-01 17:44:13,232 [INFO] Migrated location description to new Bnode for uuid: 00e14e01-bdfc-4b39-b7a3-7bf74d4846ae and description: Steenvoetsteeg zuidzij van de Houtuijnen naar de Breestraat, Wijk 15, Verpondingsnr 6564.
2026-08-01 17:44:13,357 [INFO] Turtle succesfully updated for row: 00e14e01-bdfc-4b39-b7a3-7bf74d4846ae
2026-08-01 17:44:13,358 [INFO] Turtle is changed in the script. Check loginfo for details on uuid: 00e14e01-bdfc-4b39-b7a3-7bf74d4846ae
2026-08-01 17:44:13,358 [INFO] STARTING WITH UUID: 00e33a16-5773-47bc-9bad-6bd86cc98964
2026-08-01 17:44:13,442 [INFO] Concept vocabulair and description: Wijk 60, Verpondingsnr 5899 added for row: 00e33a16-5773-47bc-9bad-6bd86cc98964
2026-08-01 17:44:13,442 [INFO] UUID: 00e33a16-5773-47bc-9bad-6bd86cc98964
2026-08-01 17:44:13,442 [INFO] Migrated location description to new Bnode for uuid: 00e33a16-5773-47bc-9bad-6bd86cc98964 and description: Wijk 60, Verpondingsnr 5899.
2026-08-01 17:44:13,557 [INFO] Turtle succesfully updated for row: 00e33a16-5773-47bc-9bad-6bd86cc98964
2026-08-01 17:44:13,557 [INFO] Turtle is changed in the script. Check loginfo for details on uuid: 00e33a16-5773-47bc-9bad-6bd86cc98964
2026-08-01 17:44:13,557 [INFO] STARTING WITH UUID: 00e45fcd-c6f0-4464-8d4a-c5a25ce6a79d
2026-08-01 17:44:13,641 [INFO] Concept vocabulair and description: Wijk 33, Verpondingsnr 6018 added for row: 00e45fcd-c6f0-4464-8d4a-c5a25ce6a79d
2026-08-01 17:44:13,641 [INFO] UUID: 00e45fcd-c6f0-4464-8d4a-c5a25ce6a79d
2026-08-01 17:44:13,641 [INFO] Migrated location description to new Bnode for uuid: 00e45fcd-c6f0-4464-8d4a-c5a25ce6a79d and description: Wijk 33, Verpondingsnr 6018.
2026-08-01 17:44:13,765 [INFO] Turtle succesfully updated for row: 00e45fcd-c6f0-4464-8d4a-c5a25ce6a79d
2026-08-01 17:44:13,765 [INFO] Turtle is changed in the script. Check loginfo for details on uuid: 00e45fcd-c6f0-4464-8d4a-c5a25ce6a79d
2026-08-01 17:44:13,766 [INFO] STARTING WITH UUID: 00e76c66-73bc-4e03-beb9-6e69d7ab4cd1
2026-08-01 17:44:13,844 [INFO] Concept vocabulair and description: Wijk 36, Verpondingsnr 572 added for row: 00e76c66-73bc-4e03-beb9-6e69d7ab4cd1
2026-08-01 17:44:13,844 [INFO] UUID: 00e76c66-73bc-4e03-beb9-6e69d7ab4cd1
2026-08-01 17:44:13,844 [INFO] Migrated location description to new Bnode for uuid: 00e76c66-73bc-4e03-beb9-6e69d7ab4cd1 and description: Wijk 36, Verpondingsnr 572.
2026-08-01 17:44:13,947 [INFO] Turtle succesfully updated for row: 00e76c66-73bc-4e03-beb9-6e69d7ab4cd1
2026-08-01 17:44:13,948 [INFO] Turtle is changed in the script. Check loginfo for details on uuid: 00e76c66-73bc-4e03-beb9-6e69d7ab4cd1
2026-08-01 17:44:13,948 [INFO] STARTING WITH UUID: 00eb32ce-dcae-402e-b84c-b4c0256ab09b
2026-08-01 17:44:14,034 [INFO] Concept vocabulair and description: Beginnende op de hoek van de Raamgracht en Groene Burgwal, Wijk 14, Verpondingsnr 4122 added for row: 00eb32ce-dcae-402e-b84c-b4c0256ab09b
2026-08-01 17:44:14,034 [INFO] UUID: 00eb32ce-dcae-402e-b84c-b4c0256ab09b
2026-08-01 17:44:14,034 [INFO] Migrated location description to new Bnode for uuid: 00eb32ce-dcae-402e-b84c-b4c0256ab09b and description: Beginnende op de hoek van de Raamgracht en Groene Burgwal, Wijk 14, Verpondingsnr 4122.
2026-08-01 17:44:14,151 [INFO] Turtle succesfully updated for row: 00eb32ce-dcae-402e-b84c-b4c0256ab09b
2026-08-01 17:44:14,151 [INFO] Turtle is changed in the script. Check loginfo for details on uuid: 00eb32ce-dcae-402e-b84c-b4c0256ab09b
2026-08-01 17:44:14,151 [INFO] STARTING WITH UUID: 00fe9128-71dc-4585-8422-681766d14981
2026-08-01 17:44:14,238 [INFO] Concept vocabulair and description: Voorbij de Tweede Dwarsstraat, Wijk 44, Verpondingsnr 3416 added for row: 00fe9128-71dc-4585-8422-681766d14981
2026-08-01 17:44:14,238 [INFO] UUID: 00fe9128-71dc-4585-8422-681766d14981
2026-08-01 17:44:14,238 [INFO] Migrated location description to new Bnode for uuid: 00fe9128-71dc-4585-8422-681766d14981 and description: Voorbij de Tweede Dwarsstraat, Wijk 44, Verpondingsnr 3416.
2026-08-01 17:44:14,370 [INFO] Turtle succesfully updated for row: 00fe9128-71dc-4585-8422-681766d14981
2026-08-01 17:44:14,370 [INFO] Turtle is changed in the script. Check loginfo for details on uuid: 00fe9128-71dc-4585-8422-681766d14981
2026-08-01 17:44:14,371 [INFO] STARTING WITH UUID: 00ff4b16-c60b-4f2f-86d8-bcbd88e2fc2e
2026-08-01 17:44:14,470 [INFO] Concept vocabulair and description: Wijk 51, Verpondingsnr 950 added for row: 00ff4b16-c60b-4f2f-86d8-bcbd88e2fc2e
2026-08-01 17:44:14,470 [INFO] UUID: 00ff4b16-c60b-4f2f-86d8-bcbd88e2fc2e
2026-08-01 17:44:14,470 [INFO] Migrated location description to new Bnode for uuid: 00ff4b16-c60b-4f2f-86d8-bcbd88e2fc2e and description: Wijk 51, Verpondingsnr 950.
2026-08-01 17:44:14,566 [INFO] Turtle succesfully updated for row: 00ff4b16-c60b-4f2f-86d8-bcbd88e2fc2e
2026-08-01 17:44:14,566 [INFO] Turtle is changed in the script. Check loginfo for details on uuid: 00ff4b16-c60b-4f2f-86d8-bcbd88e2fc2e
2026-08-01 17:44:14,566 [INFO] STARTING WITH UUID: 00ffca2b-1fa2-4309-ac21-9e82e9e6873e
2026-08-01 17:44:14,672 [INFO] Concept vocabulair and description: Cathuijserstraat oostzij van de Lindestraat Na de Lindegragt, Wijk 50, Verpondingsnr 5659 added for row: 00ffca2b-1fa2-4309-ac21-9e82e9e6873e
2026-08-01 17:44:14,673 [INFO] UUID: 00ffca2b-1fa2-4309-ac21-9e82e9e6873e
2026-08-01 17:44:14,673 [INFO] Migrated location description to new Bnode for uuid: 00ffca2b-1fa2-4309-ac21-9e82e9e6873e and description: Cathuijserstraat oostzij van de Lindestraat Na de Lindegragt, Wijk 50, Verpondingsnr 5659.
2026-08-01 17:44:14,799 [INFO] Turtle succesfully updated for row: 00ffca2b-1fa2-4309-ac21-9e82e9e6873e
2026-08-01 17:44:14,799 [INFO] Turtle is changed in the script. Check loginfo for details on uuid: 00ffca2b-1fa2-4309-ac21-9e82e9e6873e
2026-08-01 17:44:14,799 [INFO] STARTING WITH UUID: 01014e10-f729-429d-b214-d9a3ef1fd56f
2026-08-01 17:44:14,880 [INFO] Concept vocabulair and description: Wijk 52, Verpondingsnr 1415 added for row: 01014e10-f729-429d-b214-d9a3ef1fd56f
2026-08-01 17:44:14,880 [INFO] UUID: 01014e10-f729-429d-b214-d9a3ef1fd56f
2026-08-01 17:44:14,880 [INFO] Migrated location description to new Bnode for uuid: 01014e10-f729-429d-b214-d9a3ef1fd56f and description: Wijk 52, Verpondingsnr 1415.
2026-08-01 17:44:14,991 [INFO] Turtle succesfully updated for row: 01014e10-f729-429d-b214-d9a3ef1fd56f
2026-08-01 17:44:14,991 [INFO] Turtle is changed in the script. Check loginfo for details on uuid: 01014e10-f729-429d-b214-d9a3ef1fd56f
2026-08-01 17:44:14,991 [INFO] STARTING WITH UUID: 0103e8c4-3d10-4b15-a42e-b2c93c6ea80d
2026-08-01 17:44:15,079 [INFO] Concept vocabulair and description: Steenvoetsteeg zuidzij van de Houtuijnen naar de Breestraat, Wijk 15, Verpondingsnr 6363 added for row: 0103e8c4-3d10-4b15-a42e-b2c93c6ea80d
2026-08-01 17:44:15,079 [INFO] UUID: 0103e8c4-3d10-4b15-a42e-b2c93c6ea80d
2026-08-01 17:44:15,079 [INFO] Migrated location description to new Bnode for uuid: 0103e8c4-3d10-4b15-a42e-b2c93c6ea80d and description: Steenvoetsteeg zuidzij van de Houtuijnen naar de Breestraat, Wijk 15, Verpondingsnr 6363.
2026-08-01 17:44:15,192 [INFO] Turtle succesfully updated for row: 0103e8c4-3d10-4b15-a42e-b2c93c6ea80d
2026-08-01 17:44:15,193 [INFO] Turtle is changed in the script. Check loginfo for details on uuid: 0103e8c4-3d10-4b15-a42e-b2c93c6ea80d
2026-08-01 17:44:15,193 [INFO] STARTING WITH UUID: 010aaea6-782c-4aa0-be67-a80b0a78be7e
2026-08-01 17:44:15,284 [INFO] Concept vocabulair and description: Wijk 55, Verpondingsnr 3027 added for row: 010aaea6-782c-4aa0-be67-a80b0a78be7e
2026-08-01 17:44:15,284 [INFO] UUID: 010aaea6-782c-4aa0-be67-a80b0a78be7e
2026-08-01 17:44:15,284 [INFO] Migrated location description to new Bnode for uuid: 010aaea6-782c-4aa0-be67-a80b0a78be7e and description: Wijk 55, Verpondingsnr 3027.
2026-08-01 17:44:15,390 [INFO] Turtle succesfully updated for row: 010aaea6-782c-4aa0-be67-a80b0a78be7e
2026-08-01 17:44:15,390 [INFO] Turtle is changed in the script. Check loginfo for details on uuid: 010aaea6-782c-4aa0-be67-a80b0a78be7e
2026-08-01 17:44:15,390 [INFO] STARTING WITH UUID: 010aee08-61b4-45f8-8ea6-8f36d3911df5
2026-08-01 17:44:15,470 [INFO] Concept vocabulair and description: Anthonij Breestraat oostzij van de Snoekjessteeg tot de Beustraat, Wijk 13, Verpondingsnr 3611 added for row: 010aee08-61b4-45f8-8ea6-8f36d3911df5
2026-08-01 17:44:15,470 [INFO] UUID: 010aee08-61b4-45f8-8ea6-8f36d3911df5
2026-08-01 17:44:15,470 [INFO] Migrated location description to new Bnode for uuid: 010aee08-61b4-45f8-8ea6-8f36d3911df5 and description: Anthonij Breestraat oostzij van de Snoekjessteeg tot de Beustraat, Wijk 13, Verpondingsnr 3611.
2026-08-01 17:44:15,578 [INFO] Turtle succesfully updated for row: 010aee08-61b4-45f8-8ea6-8f36d3911df5
2026-08-01 17:44:15,579 [INFO] Turtle is changed in the script. Check loginfo for details on uuid: 010aee08-61b4-45f8-8ea6-8f36d3911df5
2026-08-01 17:44:15,579 [INFO] STARTING WITH UUID: 0110223f-71f0-4f1a-a7fb-6c79920649e5
2026-08-01 17:44:15,681 [INFO] Concept vocabulair and description: Wijk 39, Verpondingsnr 1664 added for row: 0110223f-71f0-4f1a-a7fb-6c79920649e5
2026-08-01 17:44:15,681 [INFO] UUID: 0110223f-71f0-4f1a-a7fb-6c79920649e5
2026-08-01 17:44:15,682 [INFO] Migrated location description to new Bnode for uuid: 0110223f-71f0-4f1a-a7fb-6c79920649e5 and description: Wijk 39, Verpondingsnr 1664.
2026-08-01 17:44:15,803 [INFO] Turtle succesfully updated for row: 0110223f-71f0-4f1a-a7fb-6c79920649e5
2026-08-01 17:44:15,804 [INFO] Turtle is changed in the script. Check loginfo for details on uuid: 0110223f-71f0-4f1a-a7fb-6c79920649e5
2026-08-01 17:44:15,804 [INFO] STARTING WITH UUID: 011187b3-e3b4-493d-b408-dc5d3391af39
2026-08-01 17:44:15,885 [INFO] Concept vocabulair and description: Beginnende in de Nieuwe Doelestraat, Wijk 9, Verpondingsnr 2444 added for row: 011187b3-e3b4-493d-b408-dc5d3391af39
2026-08-01 17:44:15,885 [INFO] UUID: 011187b3-e3b4-493d-b408-dc5d3391af39
2026-08-01 17:44:15,886 [INFO] Migrated location description to new Bnode for uuid: 011187b3-e3b4-493d-b408-dc5d3391af39 and description: Beginnende in de Nieuwe Doelestraat, Wijk 9, Verpondingsnr 2444.
2026-08-01 17:44:16,046 [INFO] Turtle succesfully updated for row: 011187b3-e3b4-493d-b408-dc5d3391af39
2026-08-01 17:44:16,046 [INFO] Turtle is changed in the script. Check loginfo for details on uuid: 011187b3-e3b4-493d-b408-dc5d3391af39
2026-08-01 17:44:16,046 [INFO] STARTING WITH UUID: 01198f86-493a-4539-a5e5-6445130d3f57
2026-08-01 17:44:16,120 [INFO] Concept vocabulair and description: Wijk 60, Verpondingsnr 5991 added for row: 01198f86-493a-4539-a5e5-6445130d3f57
2026-08-01 17:44:16,120 [INFO] UUID: 01198f86-493a-4539-a5e5-6445130d3f57
2026-08-01 17:44:16,120 [INFO] Migrated location description to new Bnode for uuid: 01198f86-493a-4539-a5e5-6445130d3f57 and description: Wijk 60, Verpondingsnr 5991.
2026-08-01 17:44:16,240 [INFO] Turtle succesfully updated for row: 01198f86-493a-4539-a5e5-6445130d3f57
2026-08-01 17:44:16,240 [INFO] Turtle is changed in the script. Check loginfo for details on uuid: 01198f86-493a-4539-a5e5-6445130d3f57
2026-08-01 17:44:16,240 [INFO] STARTING WITH UUID: 011a7e99-6a08-4193-983b-b102807016ec
2026-08-01 17:44:16,309 [INFO] Concept vocabulair and description: Wijk 28, Verpondingsnr 4400 added for row: 011a7e99-6a08-4193-983b-b102807016ec
2026-08-01 17:44:16,309 [INFO] UUID: 011a7e99-6a08-4193-983b-b102807016ec
2026-08-01 17:44:16,309 [INFO] Migrated location description to new Bnode for uuid: 011a7e99-6a08-4193-983b-b102807016ec and description: Wijk 28, Verpondingsnr 4400.
2026-08-01 17:44:16,419 [INFO] Turtle succesfully updated for row: 011a7e99-6a08-4193-983b-b102807016ec
2026-08-01 17:44:16,419 [INFO] Turtle is changed in the script. Check loginfo for details on uuid: 011a7e99-6a08-4193-983b-b102807016ec
2026-08-01 17:44:16,419 [INFO] STARTING WITH UUID: 011ae99e-cd4c-40be-a66f-e98e5a9c40a4
2026-08-01 17:44:16,484 [INFO] Concept vocabulair and description: Annestraat zuidzij van de Bierkaij naa de Warmoestraat, Wijk 4, Verpondingsnr 819 added for row: 011ae99e-cd4c-40be-a66f-e98e5a9c40a4
2026-08-01 17:44:16,485 [INFO] UUID: 011ae99e-cd4c-40be-a66f-e98e5a9c40a4
2026-08-01 17:44:16,485 [INFO] Migrated location description to new Bnode for uuid: 011ae99e-cd4c-40be-a66f-e98e5a9c40a4 and description: Annestraat zuidzij van de Bierkaij naa de Warmoestraat, Wijk 4, Verpondingsnr 819.
2026-08-01 17:44:16,627 [INFO] Turtle succesfully updated for row: 011ae99e-cd4c-40be-a66f-e98e5a9c40a4
2026-08-01 17:44:16,627 [INFO] Turtle is changed in the script. Check loginfo for details on uuid: 011ae99e-cd4c-40be-a66f-e98e5a9c40a4
2026-08-01 17:44:16,627 [INFO] STARTING WITH UUID: 011fa12a-6afd-4a89-a70d-8656bdb25e7f
2026-08-01 17:44:16,710 [INFO] Concept vocabulair and description: Wijk 36, Verpondingsnr 641 added for row: 011fa12a-6afd-4a89-a70d-8656bdb25e7f
2026-08-01 17:44:16,710 [INFO] UUID: 011fa12a-6afd-4a89-a70d-8656bdb25e7f
2026-08-01 17:44:16,710 [INFO] Migrated location description to new Bnode for uuid: 011fa12a-6afd-4a89-a70d-8656bdb25e7f and description: Wijk 36, Verpondingsnr 641.
2026-08-01 17:44:16,815 [INFO] Turtle succesfully updated for row: 011fa12a-6afd-4a89-a70d-8656bdb25e7f
2026-08-01 17:44:16,815 [INFO] Turtle is changed in the script. Check loginfo for details on uuid: 011fa12a-6afd-4a89-a70d-8656bdb25e7f
2026-08-01 17:44:16,815 [INFO] STARTING WITH UUID: 012179b0-be65-47c3-9c23-c14e72f5450b
2026-08-01 17:44:16,884 [INFO] Concept vocabulair and description: Steenvoetsteeg zuidzij van de Houtuijnen naar de Breestraat, Wijk 15, Verpondingsnr 5333 added for row: 012179b0-be65-47c3-9c23-c14e72f5450b
2026-08-01 17:44:16,884 [INFO] UUID: 012179b0-be65-47c3-9c23-c14e72f5450b
2026-08-01 17:44:16,884 [INFO] Migrated location description to new Bnode for uuid: 012179b0-be65-47c3-9c23-c14e72f5450b and description: Steenvoetsteeg zuidzij van de Houtuijnen naar de Breestraat, Wijk 15, Verpondingsnr 5333.
2026-08-01 17:44:16,995 [INFO] Turtle succesfully updated for row: 012179b0-be65-47c3-9c23-c14e72f5450b
2026-08-01 17:44:16,995 [INFO] Turtle is changed in the script. Check loginfo for details on uuid: 012179b0-be65-47c3-9c23-c14e72f5450b
2026-08-01 17:44:16,996 [INFO] STARTING WITH UUID: 012355f7-8dce-443b-8cb6-81f3d01489f8
2026-08-01 17:44:17,073 [INFO] Concept vocabulair and description: Wijk 34, Verpondingsnr 6221 added for row: 012355f7-8dce-443b-8cb6-81f3d01489f8
2026-08-01 17:44:17,073 [INFO] UUID: 012355f7-8dce-443b-8cb6-81f3d01489f8
2026-08-01 17:44:17,073 [INFO] Migrated location description to new Bnode for uuid: 012355f7-8dce-443b-8cb6-81f3d01489f8 and description: Wijk 34, Verpondingsnr 6221.
2026-08-01 17:44:17,175 [INFO] Turtle succesfully updated for row: 012355f7-8dce-443b-8cb6-81f3d01489f8
2026-08-01 17:44:17,175 [INFO] Turtle is changed in the script. Check loginfo for details on uuid: 012355f7-8dce-443b-8cb6-81f3d01489f8
2026-08-01 17:44:17,176 [INFO] STARTING WITH UUID: 0126efae-655f-41ea-9c3f-6f311807b59b
2026-08-01 17:44:17,246 [INFO] Concept vocabulair and description: Steenvoetsteeg zuidzij van de Houtuijnen naar de Breestraat, Wijk 15, Verpondingsnr 6590 added for row: 0126efae-655f-41ea-9c3f-6f311807b59b
2026-08-01 17:44:17,246 [INFO] UUID: 0126efae-655f-41ea-9c3f-6f311807b59b
2026-08-01 17:44:17,246 [INFO] Migrated location description to new Bnode for uuid: 0126efae-655f-41ea-9c3f-6f311807b59b and description: Steenvoetsteeg zuidzij van de Houtuijnen naar de Breestraat, Wijk 15, Verpondingsnr 6590.
2026-08-01 17:44:17,364 [INFO] Turtle succesfully updated for row: 0126efae-655f-41ea-9c3f-6f311807b59b
2026-08-01 17:44:17,364 [INFO] Turtle is changed in the script. Check loginfo for details on uuid: 0126efae-655f-41ea-9c3f-6f311807b59b
2026-08-01 17:44:17,365 [INFO] STARTING WITH UUID: 012a8556-bb16-4853-ad88-c2c0d67c83d5
2026-08-01 17:44:17,459 [INFO] Concept vocabulair and description: Steenvoetsteeg zuidzij van de Houtuijnen naar de Breestraat, Wijk 15, Verpondingsnr 6065 added for row: 012a8556-bb16-4853-ad88-c2c0d67c83d5
2026-08-01 17:44:17,459 [INFO] UUID: 012a8556-bb16-4853-ad88-c2c0d67c83d5
2026-08-01 17:44:17,459 [INFO] Migrated location description to new Bnode for uuid: 012a8556-bb16-4853-ad88-c2c0d67c83d5 and description: Steenvoetsteeg zuidzij van de Houtuijnen naar de Breestraat, Wijk 15, Verpondingsnr 6065.
2026-08-01 17:44:17,595 [INFO] Turtle succesfully updated for row: 012a8556-bb16-4853-ad88-c2c0d67c83d5
2026-08-01 17:44:17,595 [INFO] Turtle is changed in the script. Check loginfo for details on uuid: 012a8556-bb16-4853-ad88-c2c0d67c83d5
2026-08-01 17:44:17,595 [INFO] STARTING WITH UUID: 012c7d93-c691-454c-9172-410fa6b83e3e
2026-08-01 17:44:17,678 [INFO] Concept vocabulair and description: Wijk 17, Verpondingsnr 1301 added for row: 012c7d93-c691-454c-9172-410fa6b83e3e
2026-08-01 17:44:17,678 [INFO] UUID: 012c7d93-c691-454c-9172-410fa6b83e3e
2026-08-01 17:44:17,678 [INFO] Migrated location description to new Bnode for uuid: 012c7d93-c691-454c-9172-410fa6b83e3e and description: Wijk 17, Verpondingsnr 1301.
2026-08-01 17:44:17,788 [INFO] Turtle succesfully updated for row: 012c7d93-c691-454c-9172-410fa6b83e3e
2026-08-01 17:44:17,789 [INFO] Turtle is changed in the script. Check loginfo for details on uuid: 012c7d93-c691-454c-9172-410fa6b83e3e
2026-08-01 17:44:17,789 [INFO] STARTING WITH UUID: 012cca71-292c-40bc-8cce-2612a9b95a38
2026-08-01 17:44:17,867 [INFO] Concept vocabulair and description: Wijk 56, Verpondingsnr 3591 added for row: 012cca71-292c-40bc-8cce-2612a9b95a38
2026-08-01 17:44:17,867 [INFO] UUID: 012cca71-292c-40bc-8cce-2612a9b95a38
2026-08-01 17:44:17,867 [INFO] Migrated location description to new Bnode for uuid: 012cca71-292c-40bc-8cce-2612a9b95a38 and description: Wijk 56, Verpondingsnr 3591.
2026-08-01 17:44:17,967 [INFO] Turtle succesfully updated for row: 012cca71-292c-40bc-8cce-2612a9b95a38
2026-08-01 17:44:17,967 [INFO] Turtle is changed in the script. Check loginfo for details on uuid: 012cca71-292c-40bc-8cce-2612a9b95a38
2026-08-01 17:44:17,967 [INFO] STARTING WITH UUID: 01320683-ae64-4698-b0bd-45d106e3be07
2026-08-01 17:44:18,040 [INFO] Concept vocabulair and description: Wijk 51, Verpondingsnr 652 added for row: 01320683-ae64-4698-b0bd-45d106e3be07
2026-08-01 17:44:18,040 [INFO] UUID: 01320683-ae64-4698-b0bd-45d106e3be07
2026-08-01 17:44:18,040 [INFO] Migrated location description to new Bnode for uuid: 01320683-ae64-4698-b0bd-45d106e3be07 and description: Wijk 51, Verpondingsnr 652.
2026-08-01 17:44:18,151 [INFO] Turtle succesfully updated for row: 01320683-ae64-4698-b0bd-45d106e3be07
2026-08-01 17:44:18,151 [INFO] Turtle is changed in the script. Check loginfo for details on uuid: 01320683-ae64-4698-b0bd-45d106e3be07
2026-08-01 17:44:18,152 [INFO] STARTING WITH UUID: 0132d619-9ace-4af8-9c67-775856e86719
2026-08-01 17:44:18,229 [INFO] Concept vocabulair and description: Steenvoetsteeg zuidzij van de Houtuijnen naar de Breestraat, Wijk 15, Verpondingsnr 6294-1 added for row: 0132d619-9ace-4af8-9c67-775856e86719
2026-08-01 17:44:18,229 [INFO] UUID: 0132d619-9ace-4af8-9c67-775856e86719
2026-08-01 17:44:18,229 [INFO] Migrated location description to new Bnode for uuid: 0132d619-9ace-4af8-9c67-775856e86719 and description: Steenvoetsteeg zuidzij van de Houtuijnen naar de Breestraat, Wijk 15, Verpondingsnr 6294-1.
2026-08-01 17:44:18,315 [INFO] Turtle succesfully updated for row: 0132d619-9ace-4af8-9c67-775856e86719
2026-08-01 17:44:18,315 [INFO] Turtle is changed in the script. Check loginfo for details on uuid: 0132d619-9ace-4af8-9c67-775856e86719
2026-08-01 17:44:18,315 [INFO] STARTING WITH UUID: 0138f4e6-1690-4414-b593-b89b3d8a9300
2026-08-01 17:44:18,391 [INFO] Concept vocabulair and description: Steenvoetsteeg zuidzij van de Houtuijnen naar de Breestraat, Wijk 15, Verpondingsnr 5940 added for row: 0138f4e6-1690-4414-b593-b89b3d8a9300
2026-08-01 17:44:18,391 [INFO] UUID: 0138f4e6-1690-4414-b593-b89b3d8a9300
2026-08-01 17:44:18,391 [INFO] Migrated location description to new Bnode for uuid: 0138f4e6-1690-4414-b593-b89b3d8a9300 and description: Steenvoetsteeg zuidzij van de Houtuijnen naar de Breestraat, Wijk 15, Verpondingsnr 5940.
2026-08-01 17:44:18,544 [INFO] Turtle succesfully updated for row: 0138f4e6-1690-4414-b593-b89b3d8a9300
2026-08-01 17:44:18,544 [INFO] Turtle is changed in the script. Check loginfo for details on uuid: 0138f4e6-1690-4414-b593-b89b3d8a9300
2026-08-01 17:44:18,545 [INFO] STARTING WITH UUID: 013b9502-d19d-4cae-8fed-38c3daca9836
2026-08-01 17:44:18,612 [INFO] Concept vocabulair and description: Koestraat noordzij, Wijk 5, Verpondingsnr 1183 added for row: 013b9502-d19d-4cae-8fed-38c3daca9836
2026-08-01 17:44:18,612 [INFO] UUID: 013b9502-d19d-4cae-8fed-38c3daca9836
2026-08-01 17:44:18,612 [INFO] Migrated location description to new Bnode for uuid: 013b9502-d19d-4cae-8fed-38c3daca9836 and description: Koestraat noordzij, Wijk 5, Verpondingsnr 1183.
2026-08-01 17:44:18,713 [INFO] Turtle succesfully updated for row: 013b9502-d19d-4cae-8fed-38c3daca9836
2026-08-01 17:44:18,713 [INFO] Turtle is changed in the script. Check loginfo for details on uuid: 013b9502-d19d-4cae-8fed-38c3daca9836
2026-08-01 17:44:18,714 [INFO] STARTING WITH UUID: 013def50-1798-41cd-890a-24f84a8969b8
2026-08-01 17:44:18,794 [INFO] Concept vocabulair and description: Wijk 59, Verpondingsnr 5403 added for row: 013def50-1798-41cd-890a-24f84a8969b8
2026-08-01 17:44:18,794 [INFO] UUID: 013def50-1798-41cd-890a-24f84a8969b8
2026-08-01 17:44:18,794 [INFO] Migrated location description to new Bnode for uuid: 013def50-1798-41cd-890a-24f84a8969b8 and description: Wijk 59, Verpondingsnr 5403.
2026-08-01 17:44:18,971 [INFO] Turtle succesfully updated for row: 013def50-1798-41cd-890a-24f84a8969b8
2026-08-01 17:44:18,972 [INFO] Turtle is changed in the script. Check loginfo for details on uuid: 013def50-1798-41cd-890a-24f84a8969b8
2026-08-01 17:44:18,972 [INFO] STARTING WITH UUID: 013ea233-81d5-43d4-9d10-babd0ec946c8
2026-08-01 17:44:19,050 [INFO] Concept vocabulair and description: Wijk 56, Verpondingsnr 3639 added for row: 013ea233-81d5-43d4-9d10-babd0ec946c8
2026-08-01 17:44:19,050 [INFO] UUID: 013ea233-81d5-43d4-9d10-babd0ec946c8
2026-08-01 17:44:19,050 [INFO] Migrated location description to new Bnode for uuid: 013ea233-81d5-43d4-9d10-babd0ec946c8 and description: Wijk 56, Verpondingsnr 3639.
2026-08-01 17:44:19,160 [INFO] Turtle succesfully updated for row: 013ea233-81d5-43d4-9d10-babd0ec946c8
2026-08-01 17:44:19,160 [INFO] Turtle is changed in the script. Check loginfo for details on uuid: 013ea233-81d5-43d4-9d10-babd0ec946c8
2026-08-01 17:44:19,160 [INFO] STARTING WITH UUID: 01402732-ad80-41f9-bf61-75f74c9ac00b
2026-08-01 17:44:19,244 [INFO] Concept vocabulair and description: Anthonij Breestraat oostzij van de Snoekjessteeg tot de Beustraat, Wijk 13, Verpondingsnr 3858-1 added for row: 01402732-ad80-41f9-bf61-75f74c9ac00b
2026-08-01 17:44:19,244 [INFO] UUID: 01402732-ad80-41f9-bf61-75f74c9ac00b
2026-08-01 17:44:19,244 [INFO] Migrated location description to new Bnode for uuid: 01402732-ad80-41f9-bf61-75f74c9ac00b and description: Anthonij Breestraat oostzij van de Snoekjessteeg tot de Beustraat, Wijk 13, Verpondingsnr 3858-1.
2026-08-01 17:44:19,350 [INFO] Turtle succesfully updated for row: 01402732-ad80-41f9-bf61-75f74c9ac00b
2026-08-01 17:44:19,350 [INFO] Turtle is changed in the script. Check loginfo for details on uuid: 01402732-ad80-41f9-bf61-75f74c9ac00b
2026-08-01 17:44:19,351 [INFO] STARTING WITH UUID: 01402851-5c78-42e1-a04b-9ff78414e007
2026-08-01 17:44:19,426 [INFO] Concept vocabulair and description: Vijgendam hoek Vispoort naar de Warmoesstraat, Wijk 7, Verpondingsnr 1732 added for row: 01402851-5c78-42e1-a04b-9ff78414e007
2026-08-01 17:44:19,427 [INFO] UUID: 01402851-5c78-42e1-a04b-9ff78414e007
2026-08-01 17:44:19,427 [INFO] Migrated location description to new Bnode for uuid: 01402851-5c78-42e1-a04b-9ff78414e007 and description: Vijgendam hoek Vispoort naar de Warmoesstraat, Wijk 7, Verpondingsnr 1732.
2026-08-01 17:44:19,555 [INFO] Turtle succesfully updated for row: 01402851-5c78-42e1-a04b-9ff78414e007
2026-08-01 17:44:19,555 [INFO] Turtle is changed in the script. Check loginfo for details on uuid: 01402851-5c78-42e1-a04b-9ff78414e007
2026-08-01 17:44:19,555 [INFO] STARTING WITH UUID: 0140b1c2-5311-4568-8dc6-afebdb4e4c8c
2026-08-01 17:44:19,627 [INFO] Concept vocabulair and description: Wijk 28, Verpondingsnr 4798 added for row: 0140b1c2-5311-4568-8dc6-afebdb4e4c8c
2026-08-01 17:44:19,627 [INFO] UUID: 0140b1c2-5311-4568-8dc6-afebdb4e4c8c
2026-08-01 17:44:19,627 [INFO] Migrated location description to new Bnode for uuid: 0140b1c2-5311-4568-8dc6-afebdb4e4c8c and description: Wijk 28, Verpondingsnr 4798.
2026-08-01 17:44:19,761 [INFO] Turtle succesfully updated for row: 0140b1c2-5311-4568-8dc6-afebdb4e4c8c
2026-08-01 17:44:19,761 [INFO] Turtle is changed in the script. Check loginfo for details on uuid: 0140b1c2-5311-4568-8dc6-afebdb4e4c8c
2026-08-01 17:44:19,761 [INFO] STARTING WITH UUID: 014691b9-5dd2-4770-b702-e8dbcbbcc84e
2026-08-01 17:44:19,837 [INFO] Concept vocabulair and description: Wijk 51, Verpondingsnr 537 added for row: 014691b9-5dd2-4770-b702-e8dbcbbcc84e
2026-08-01 17:44:19,837 [INFO] UUID: 014691b9-5dd2-4770-b702-e8dbcbbcc84e
2026-08-01 17:44:19,837 [INFO] Migrated location description to new Bnode for uuid: 014691b9-5dd2-4770-b702-e8dbcbbcc84e and description: Wijk 51, Verpondingsnr 537.
2026-08-01 17:44:19,948 [INFO] Turtle succesfully updated for row: 014691b9-5dd2-4770-b702-e8dbcbbcc84e
2026-08-01 17:44:19,948 [INFO] Turtle is changed in the script. Check loginfo for details on uuid: 014691b9-5dd2-4770-b702-e8dbcbbcc84e
2026-08-01 17:44:19,948 [INFO] STARTING WITH UUID: 014a5d71-18b5-4de4-840c-cecca6c34489
2026-08-01 17:44:20,032 [INFO] Concept vocabulair and description: Wijk 19, Verpondingsnr 1725 added for row: 014a5d71-18b5-4de4-840c-cecca6c34489
2026-08-01 17:44:20,032 [INFO] UUID: 014a5d71-18b5-4de4-840c-cecca6c34489
2026-08-01 17:44:20,032 [INFO] Migrated location description to new Bnode for uuid: 014a5d71-18b5-4de4-840c-cecca6c34489 and description: Wijk 19, Verpondingsnr 1725.
2026-08-01 17:44:20,151 [INFO] Turtle succesfully updated for row: 014a5d71-18b5-4de4-840c-cecca6c34489
2026-08-01 17:44:20,151 [INFO] Turtle is changed in the script. Check loginfo for details on uuid: 014a5d71-18b5-4de4-840c-cecca6c34489
2026-08-01 17:44:20,151 [INFO] STARTING WITH UUID: 01507de4-a0fb-4f57-baee-6922e1cebca4
2026-08-01 17:44:20,227 [INFO] Concept vocabulair and description: Wijk 52, Verpondingsnr 1370 added for row: 01507de4-a0fb-4f57-baee-6922e1cebca4
2026-08-01 17:44:20,228 [INFO] UUID: 01507de4-a0fb-4f57-baee-6922e1cebca4
2026-08-01 17:44:20,228 [INFO] Migrated location description to new Bnode for uuid: 01507de4-a0fb-4f57-baee-6922e1cebca4 and description: Wijk 52, Verpondingsnr 1370.
2026-08-01 17:44:20,371 [INFO] Turtle succesfully updated for row: 01507de4-a0fb-4f57-baee-6922e1cebca4
2026-08-01 17:44:20,372 [INFO] Turtle is changed in the script. Check loginfo for details on uuid: 01507de4-a0fb-4f57-baee-6922e1cebca4
2026-08-01 17:44:20,372 [INFO] STARTING WITH UUID: 01523cee-5535-4530-bd84-1330e85393f4
2026-08-01 17:44:20,449 [INFO] Concept vocabulair and description: Wijk 58, Verpondingsnr 4573 added for row: 01523cee-5535-4530-bd84-1330e85393f4
2026-08-01 17:44:20,449 [INFO] UUID: 01523cee-5535-4530-bd84-1330e85393f4
2026-08-01 17:44:20,453 [INFO] Migrated location description to new Bnode for uuid: 01523cee-5535-4530-bd84-1330e85393f4 and description: Wijk 58, Verpondingsnr 4573.
2026-08-01 17:44:20,555 [INFO] Turtle succesfully updated for row: 01523cee-5535-4530-bd84-1330e85393f4
2026-08-01 17:44:20,555 [INFO] Turtle is changed in the script. Check loginfo for details on uuid: 01523cee-5535-4530-bd84-1330e85393f4
2026-08-01 17:44:20,555 [INFO] STARTING WITH UUID: 01546a61-9446-4bfe-8b19-06de2097a5d6
2026-08-01 17:44:20,641 [INFO] Concept vocabulair and description: Wijk 41, Verpondingsnr 2354 added for row: 01546a61-9446-4bfe-8b19-06de2097a5d6
2026-08-01 17:44:20,641 [INFO] UUID: 01546a61-9446-4bfe-8b19-06de2097a5d6
2026-08-01 17:44:20,641 [INFO] Migrated location description to new Bnode for uuid: 01546a61-9446-4bfe-8b19-06de2097a5d6 and description: Wijk 41, Verpondingsnr 2354.
2026-08-01 17:44:20,773 [INFO] Turtle succesfully updated for row: 01546a61-9446-4bfe-8b19-06de2097a5d6
2026-08-01 17:44:20,773 [INFO] Turtle is changed in the script. Check loginfo for details on uuid: 01546a61-9446-4bfe-8b19-06de2097a5d6
2026-08-01 17:44:20,773 [INFO] STARTING WITH UUID: 0158f603-dbdd-4139-a6e8-7b75e2df5644
2026-08-01 17:44:20,855 [INFO] Concept vocabulair and description: Wijk 17, Verpondingsnr 1201 added for row: 0158f603-dbdd-4139-a6e8-7b75e2df5644
2026-08-01 17:44:20,855 [INFO] UUID: 0158f603-dbdd-4139-a6e8-7b75e2df5644
2026-08-01 17:44:20,855 [INFO] Migrated location description to new Bnode for uuid: 0158f603-dbdd-4139-a6e8-7b75e2df5644 and description: Wijk 17, Verpondingsnr 1201.
2026-08-01 17:44:20,984 [INFO] Turtle succesfully updated for row: 0158f603-dbdd-4139-a6e8-7b75e2df5644
2026-08-01 17:44:20,984 [INFO] Turtle is changed in the script. Check loginfo for details on uuid: 0158f603-dbdd-4139-a6e8-7b75e2df5644
2026-08-01 17:44:20,984 [INFO] STARTING WITH UUID: 0159851f-3b88-4d8c-940e-af47abe1afc3
2026-08-01 17:44:21,082 [INFO] Concept vocabulair and description: Beginnende op de hoek van de Raamgracht en Groene Burgwal, Wijk 14, Verpondingsnr 4571-3 added for row: 0159851f-3b88-4d8c-940e-af47abe1afc3
2026-08-01 17:44:21,083 [INFO] UUID: 0159851f-3b88-4d8c-940e-af47abe1afc3
2026-08-01 17:44:21,083 [INFO] Migrated location description to new Bnode for uuid: 0159851f-3b88-4d8c-940e-af47abe1afc3 and description: Beginnende op de hoek van de Raamgracht en Groene Burgwal, Wijk 14, Verpondingsnr 4571-3.
2026-08-01 17:44:21,190 [INFO] Turtle succesfully updated for row: 0159851f-3b88-4d8c-940e-af47abe1afc3
2026-08-01 17:44:21,190 [INFO] Turtle is changed in the script. Check loginfo for details on uuid: 0159851f-3b88-4d8c-940e-af47abe1afc3
2026-08-01 17:44:21,191 [INFO] STARTING WITH UUID: 015ae6db-6e86-4d61-a38d-eb77be9c24c1
2026-08-01 17:44:21,276 [INFO] Concept vocabulair and description: Wijk 53, Verpondingsnr 1983 added for row: 015ae6db-6e86-4d61-a38d-eb77be9c24c1
2026-08-01 17:44:21,276 [INFO] UUID: 015ae6db-6e86-4d61-a38d-eb77be9c24c1
2026-08-01 17:44:21,276 [INFO] Migrated location description to new Bnode for uuid: 015ae6db-6e86-4d61-a38d-eb77be9c24c1 and description: Wijk 53, Verpondingsnr 1983.
2026-08-01 17:44:21,415 [INFO] Turtle succesfully updated for row: 015ae6db-6e86-4d61-a38d-eb77be9c24c1
2026-08-01 17:44:21,415 [INFO] Turtle is changed in the script. Check loginfo for details on uuid: 015ae6db-6e86-4d61-a38d-eb77be9c24c1
2026-08-01 17:44:21,415 [INFO] STARTING WITH UUID: 015b4b6c-6aad-4ca9-a0b4-a30075c02d25
2026-08-01 17:44:21,492 [INFO] Concept vocabulair and description: Beginnende van de kraan huijs laagsche buitenkant tot de Nieuwe Beentemakernat, Wijk 10, Verpondingsnr 2603 added for row: 015b4b6c-6aad-4ca9-a0b4-a30075c02d25
2026-08-01 17:44:21,492 [INFO] UUID: 015b4b6c-6aad-4ca9-a0b4-a30075c02d25
2026-08-01 17:44:21,492 [INFO] Migrated location description to new Bnode for uuid: 015b4b6c-6aad-4ca9-a0b4-a30075c02d25 and description: Beginnende van de kraan huijs laagsche buitenkant tot de Nieuwe Beentemakernat, Wijk 10, Verpondingsnr 2603.
2026-08-01 17:44:21,599 [INFO] Turtle succesfully updated for row: 015b4b6c-6aad-4ca9-a0b4-a30075c02d25
2026-08-01 17:44:21,599 [INFO] Turtle is changed in the script. Check loginfo for details on uuid: 015b4b6c-6aad-4ca9-a0b4-a30075c02d25
2026-08-01 17:44:21,599 [INFO] STARTING WITH UUID: 015cfd99-2a58-4a14-bc43-b02d2ff88878
2026-08-01 17:44:21,669 [INFO] Concept vocabulair and description: Steenvoetsteeg zuidzij van de Houtuijnen naar de Breestraat, Wijk 15, Verpondingsnr 6684 added for row: 015cfd99-2a58-4a14-bc43-b02d2ff88878
2026-08-01 17:44:21,669 [INFO] UUID: 015cfd99-2a58-4a14-bc43-b02d2ff88878
2026-08-01 17:44:21,669 [INFO] Migrated location description to new Bnode for uuid: 015cfd99-2a58-4a14-bc43-b02d2ff88878 and description: Steenvoetsteeg zuidzij van de Houtuijnen naar de Breestraat, Wijk 15, Verpondingsnr 6684.
2026-08-01 17:44:21,753 [INFO] Turtle succesfully updated for row: 015cfd99-2a58-4a14-bc43-b02d2ff88878
2026-08-01 17:44:21,753 [INFO] Turtle is changed in the script. Check loginfo for details on uuid: 015cfd99-2a58-4a14-bc43-b02d2ff88878
2026-08-01 17:44:21,753 [INFO] STARTING WITH UUID: 015d574c-c58b-47d7-aa66-b887d14877ce
2026-08-01 17:44:21,831 [INFO] Concept vocabulair and description: Beginnende op de hoek van de Raamgracht en Groene Burgwal, Wijk 14, Verpondingsnr 4517 added for row: 015d574c-c58b-47d7-aa66-b887d14877ce
2026-08-01 17:44:21,831 [INFO] UUID: 015d574c-c58b-47d7-aa66-b887d14877ce
2026-08-01 17:44:21,831 [INFO] Migrated location description to new Bnode for uuid: 015d574c-c58b-47d7-aa66-b887d14877ce and description: Beginnende op de hoek van de Raamgracht en Groene Burgwal, Wijk 14, Verpondingsnr 4517.
2026-08-01 17:44:21,964 [INFO] Turtle succesfully updated for row: 015d574c-c58b-47d7-aa66-b887d14877ce
2026-08-01 17:44:21,965 [INFO] Turtle is changed in the script. Check loginfo for details on uuid: 015d574c-c58b-47d7-aa66-b887d14877ce
2026-08-01 17:44:21,965 [INFO] STARTING WITH UUID: 0162d80f-2ec3-445f-a5a3-4bbe67e77914
2026-08-01 17:44:22,050 [INFO] Concept vocabulair and description: Stormsteeg zuidzij van de Zeedijk naer de Geldersche kaade, Wijk 3, Verpondingsnr 461 added for row: 0162d80f-2ec3-445f-a5a3-4bbe67e77914
2026-08-01 17:44:22,050 [INFO] UUID: 0162d80f-2ec3-445f-a5a3-4bbe67e77914
2026-08-01 17:44:22,050 [INFO] Migrated location description to new Bnode for uuid: 0162d80f-2ec3-445f-a5a3-4bbe67e77914 and description: Stormsteeg zuidzij van de Zeedijk naer de Geldersche kaade, Wijk 3, Verpondingsnr 461.
2026-08-01 17:44:22,167 [INFO] Turtle succesfully updated for row: 0162d80f-2ec3-445f-a5a3-4bbe67e77914
2026-08-01 17:44:22,167 [INFO] Turtle is changed in the script. Check loginfo for details on uuid: 0162d80f-2ec3-445f-a5a3-4bbe67e77914
2026-08-01 17:44:22,167 [INFO] STARTING WITH UUID: 016a7d57-7ed2-4579-bd58-7b83dfab97fc
2026-08-01 17:44:22,236 [INFO] Concept vocabulair and description: Wijk 60, Verpondingsnr 5916 added for row: 016a7d57-7ed2-4579-bd58-7b83dfab97fc
2026-08-01 17:44:22,236 [INFO] UUID: 016a7d57-7ed2-4579-bd58-7b83dfab97fc
2026-08-01 17:44:22,236 [INFO] Migrated location description to new Bnode for uuid: 016a7d57-7ed2-4579-bd58-7b83dfab97fc and description: Wijk 60, Verpondingsnr 5916.
2026-08-01 17:44:22,342 [INFO] Turtle succesfully updated for row: 016a7d57-7ed2-4579-bd58-7b83dfab97fc
2026-08-01 17:44:22,342 [INFO] Turtle is changed in the script. Check loginfo for details on uuid: 016a7d57-7ed2-4579-bd58-7b83dfab97fc
2026-08-01 17:44:22,343 [INFO] STARTING WITH UUID: 016fc3cd-774b-4be7-a74d-16ee8de08c06
2026-08-01 17:44:22,417 [INFO] Concept vocabulair and description: Wijk 25, Verpondingsnr 3385 added for row: 016fc3cd-774b-4be7-a74d-16ee8de08c06
2026-08-01 17:44:22,417 [INFO] UUID: 016fc3cd-774b-4be7-a74d-16ee8de08c06
2026-08-01 17:44:22,417 [INFO] Migrated location description to new Bnode for uuid: 016fc3cd-774b-4be7-a74d-16ee8de08c06 and description: Wijk 25, Verpondingsnr 3385.
2026-08-01 17:44:22,558 [INFO] Turtle succesfully updated for row: 016fc3cd-774b-4be7-a74d-16ee8de08c06
2026-08-01 17:44:22,558 [INFO] Turtle is changed in the script. Check loginfo for details on uuid: 016fc3cd-774b-4be7-a74d-16ee8de08c06
2026-08-01 17:44:22,558 [INFO] STARTING WITH UUID: 016fd290-9e57-48be-9532-7de6d5225f0e
2026-08-01 17:44:22,641 [INFO] Concept vocabulair and description: Wijk 57, Verpondingsnr 3998 added for row: 016fd290-9e57-48be-9532-7de6d5225f0e
2026-08-01 17:44:22,641 [INFO] UUID: 016fd290-9e57-48be-9532-7de6d5225f0e
2026-08-01 17:44:22,641 [INFO] Migrated location description to new Bnode for uuid: 016fd290-9e57-48be-9532-7de6d5225f0e and description: Wijk 57, Verpondingsnr 3998.
2026-08-01 17:44:22,755 [INFO] Turtle succesfully updated for row: 016fd290-9e57-48be-9532-7de6d5225f0e
2026-08-01 17:44:22,755 [INFO] Turtle is changed in the script. Check loginfo for details on uuid: 016fd290-9e57-48be-9532-7de6d5225f0e
2026-08-01 17:44:22,755 [INFO] STARTING WITH UUID: 0174acab-5032-4b9c-9ec7-3a1dc761159e
2026-08-01 17:44:22,847 [INFO] Concept vocabulair and description: Wijk 25, Verpondingsnr 3125 added for row: 0174acab-5032-4b9c-9ec7-3a1dc761159e
2026-08-01 17:44:22,847 [INFO] UUID: 0174acab-5032-4b9c-9ec7-3a1dc761159e
2026-08-01 17:44:22,847 [INFO] Migrated location description to new Bnode for uuid: 0174acab-5032-4b9c-9ec7-3a1dc761159e and description: Wijk 25, Verpondingsnr 3125.
2026-08-01 17:44:22,954 [INFO] Turtle succesfully updated for row: 0174acab-5032-4b9c-9ec7-3a1dc761159e
2026-08-01 17:44:22,954 [INFO] Turtle is changed in the script. Check loginfo for details on uuid: 0174acab-5032-4b9c-9ec7-3a1dc761159e
2026-08-01 17:44:22,954 [INFO] STARTING WITH UUID: 01757afd-18d6-46ee-8aa5-95b467abc70b
2026-08-01 17:44:23,035 [INFO] Concept vocabulair and description: Angelierstraat Voorbij de Eerste Tuijndwarsstraat, Wijk 47, Verpondingsnr 4380 added for row: 01757afd-18d6-46ee-8aa5-95b467abc70b
2026-08-01 17:44:23,035 [INFO] UUID: 01757afd-18d6-46ee-8aa5-95b467abc70b
2026-08-01 17:44:23,035 [INFO] Migrated location description to new Bnode for uuid: 01757afd-18d6-46ee-8aa5-95b467abc70b and description: Angelierstraat Voorbij de Eerste Tuijndwarsstraat, Wijk 47, Verpondingsnr 4380.
2026-08-01 17:44:23,172 [INFO] Turtle succesfully updated for row: 01757afd-18d6-46ee-8aa5-95b467abc70b
2026-08-01 17:44:23,172 [INFO] Turtle is changed in the script. Check loginfo for details on uuid: 01757afd-18d6-46ee-8aa5-95b467abc70b
2026-08-01 17:44:23,172 [INFO] STARTING WITH UUID: 017d29c9-6d0c-441e-a59a-e0680b91387e
2026-08-01 17:44:23,250 [INFO] Concept vocabulair and description: Steenvoetsteeg zuidzij van de Houtuijnen naar de Breestraat, Wijk 15, Verpondingsnr 5688 added for row: 017d29c9-6d0c-441e-a59a-e0680b91387e
2026-08-01 17:44:23,250 [INFO] UUID: 017d29c9-6d0c-441e-a59a-e0680b91387e
2026-08-01 17:44:23,250 [INFO] Migrated location description to new Bnode for uuid: 017d29c9-6d0c-441e-a59a-e0680b91387e and description: Steenvoetsteeg zuidzij van de Houtuijnen naar de Breestraat, Wijk 15, Verpondingsnr 5688.
2026-08-01 17:44:23,345 [INFO] Turtle succesfully updated for row: 017d29c9-6d0c-441e-a59a-e0680b91387e
2026-08-01 17:44:23,345 [INFO] Turtle is changed in the script. Check loginfo for details on uuid: 017d29c9-6d0c-441e-a59a-e0680b91387e
2026-08-01 17:44:23,345 [INFO] STARTING WITH UUID: 017f65c3-55e6-4daa-848a-3a12ea0a371f
2026-08-01 17:44:23,420 [INFO] Concept vocabulair and description: Wijk 54, Verpondingsnr 2476 added for row: 017f65c3-55e6-4daa-848a-3a12ea0a371f
2026-08-01 17:44:23,420 [INFO] UUID: 017f65c3-55e6-4daa-848a-3a12ea0a371f
2026-08-01 17:44:23,420 [INFO] Migrated location description to new Bnode for uuid: 017f65c3-55e6-4daa-848a-3a12ea0a371f and description: Wijk 54, Verpondingsnr 2476.
2026-08-01 17:44:23,571 [INFO] Turtle succesfully updated for row: 017f65c3-55e6-4daa-848a-3a12ea0a371f
2026-08-01 17:44:23,571 [INFO] Turtle is changed in the script. Check loginfo for details on uuid: 017f65c3-55e6-4daa-848a-3a12ea0a371f
2026-08-01 17:44:23,571 [INFO] STARTING WITH UUID: 017fc964-ea4a-474c-a263-34179372809a
2026-08-01 17:44:23,651 [INFO] Concept vocabulair and description: Wijk 51, Verpondingsnr 849 added for row: 017fc964-ea4a-474c-a263-34179372809a
2026-08-01 17:44:23,651 [INFO] UUID: 017fc964-ea4a-474c-a263-34179372809a
2026-08-01 17:44:23,651 [INFO] Migrated location description to new Bnode for uuid: 017fc964-ea4a-474c-a263-34179372809a and description: Wijk 51, Verpondingsnr 849.
2026-08-01 17:44:23,773 [INFO] Turtle succesfully updated for row: 017fc964-ea4a-474c-a263-34179372809a
2026-08-01 17:44:23,774 [INFO] Turtle is changed in the script. Check loginfo for details on uuid: 017fc964-ea4a-474c-a263-34179372809a
2026-08-01 17:44:23,774 [INFO] STARTING WITH UUID: 0180140d-7a31-4103-9e81-105823cf44cb
2026-08-01 17:44:23,855 [INFO] Concept vocabulair and description: Beginnende met de Jonkerstraat, Wijk 12, Verpondingsnr 3177 added for row: 0180140d-7a31-4103-9e81-105823cf44cb
2026-08-01 17:44:23,855 [INFO] UUID: 0180140d-7a31-4103-9e81-105823cf44cb
2026-08-01 17:44:23,855 [INFO] Migrated location description to new Bnode for uuid: 0180140d-7a31-4103-9e81-105823cf44cb and description: Beginnende met de Jonkerstraat, Wijk 12, Verpondingsnr 3177.
2026-08-01 17:44:23,955 [INFO] Turtle succesfully updated for row: 0180140d-7a31-4103-9e81-105823cf44cb
2026-08-01 17:44:23,955 [INFO] Turtle is changed in the script. Check loginfo for details on uuid: 0180140d-7a31-4103-9e81-105823cf44cb
2026-08-01 17:44:23,955 [INFO] STARTING WITH UUID: 018095ad-3bcc-42ea-b2f9-522b03d1a151
2026-08-01 17:44:24,024 [INFO] Concept vocabulair and description: Beginnende van de kraan huijs laagsche buitenkant tot de Nieuwe Beentemakernat, Wijk 10, Verpondingsnr 2684 added for row: 018095ad-3bcc-42ea-b2f9-522b03d1a151
2026-08-01 17:44:24,024 [INFO] UUID: 018095ad-3bcc-42ea-b2f9-522b03d1a151
2026-08-01 17:44:24,024 [INFO] Migrated location description to new Bnode for uuid: 018095ad-3bcc-42ea-b2f9-522b03d1a151 and description: Beginnende van de kraan huijs laagsche buitenkant tot de Nieuwe Beentemakernat, Wijk 10, Verpondingsnr 2684.
2026-08-01 17:44:24,176 [INFO] Turtle succesfully updated for row: 018095ad-3bcc-42ea-b2f9-522b03d1a151
2026-08-01 17:44:24,176 [INFO] Turtle is changed in the script. Check loginfo for details on uuid: 018095ad-3bcc-42ea-b2f9-522b03d1a151
2026-08-01 17:44:24,176 [INFO] STARTING WITH UUID: 0183c1a5-2b23-428c-9609-beadae1bdbed
2026-08-01 17:44:24,247 [INFO] Concept vocabulair and description: Wijk 58, Verpondingsnr 4877 added for row: 0183c1a5-2b23-428c-9609-beadae1bdbed
2026-08-01 17:44:24,247 [INFO] UUID: 0183c1a5-2b23-428c-9609-beadae1bdbed
2026-08-01 17:44:24,247 [INFO] Migrated location description to new Bnode for uuid: 0183c1a5-2b23-428c-9609-beadae1bdbed and description: Wijk 58, Verpondingsnr 4877.
2026-08-01 17:44:24,344 [INFO] Turtle succesfully updated for row: 0183c1a5-2b23-428c-9609-beadae1bdbed
2026-08-01 17:44:24,344 [INFO] Turtle is changed in the script. Check loginfo for details on uuid: 0183c1a5-2b23-428c-9609-beadae1bdbed
2026-08-01 17:44:24,345 [INFO] STARTING WITH UUID: 018853ba-4631-43c5-9ed9-ae076a39dea6
2026-08-01 17:44:24,422 [INFO] Concept vocabulair and description: Oosterse Kaaij, Wijk 16, Verpondingsnr 57-2 added for row: 018853ba-4631-43c5-9ed9-ae076a39dea6
2026-08-01 17:44:24,422 [INFO] UUID: 018853ba-4631-43c5-9ed9-ae076a39dea6
2026-08-01 17:44:24,422 [INFO] Migrated location description to new Bnode for uuid: 018853ba-4631-43c5-9ed9-ae076a39dea6 and description: Oosterse Kaaij, Wijk 16, Verpondingsnr 57-2.
2026-08-01 17:44:24,559 [INFO] Turtle succesfully updated for row: 018853ba-4631-43c5-9ed9-ae076a39dea6
2026-08-01 17:44:24,559 [INFO] Turtle is changed in the script. Check loginfo for details on uuid: 018853ba-4631-43c5-9ed9-ae076a39dea6
2026-08-01 17:44:24,559 [INFO] STARTING WITH UUID: 01900a21-71dd-49fe-81ca-a16d905b46bb
2026-08-01 17:44:24,630 [INFO] Concept vocabulair and description: Wijk 53, Verpondingsnr 2010 added for row: 01900a21-71dd-49fe-81ca-a16d905b46bb
2026-08-01 17:44:24,630 [INFO] UUID: 01900a21-71dd-49fe-81ca-a16d905b46bb
2026-08-01 17:44:24,630 [INFO] Migrated location description to new Bnode for uuid: 01900a21-71dd-49fe-81ca-a16d905b46bb and description: Wijk 53, Verpondingsnr 2010.
2026-08-01 17:44:24,747 [INFO] Turtle succesfully updated for row: 01900a21-71dd-49fe-81ca-a16d905b46bb
2026-08-01 17:44:24,748 [INFO] Turtle is changed in the script. Check loginfo for details on uuid: 01900a21-71dd-49fe-81ca-a16d905b46bb
2026-08-01 17:44:24,748 [INFO] STARTING WITH UUID: 0193fc2d-4efd-469b-a9e3-a02bc222d14a
2026-08-01 17:44:24,824 [INFO] Concept vocabulair and description: Wijk 40, Verpondingsnr 1981 added for row: 0193fc2d-4efd-469b-a9e3-a02bc222d14a
2026-08-01 17:44:24,824 [INFO] UUID: 0193fc2d-4efd-469b-a9e3-a02bc222d14a
2026-08-01 17:44:24,824 [INFO] Migrated location description to new Bnode for uuid: 0193fc2d-4efd-469b-a9e3-a02bc222d14a and description: Wijk 40, Verpondingsnr 1981.
2026-08-01 17:44:24,960 [INFO] Turtle succesfully updated for row: 0193fc2d-4efd-469b-a9e3-a02bc222d14a
2026-08-01 17:44:24,960 [INFO] Turtle is changed in the script. Check loginfo for details on uuid: 0193fc2d-4efd-469b-a9e3-a02bc222d14a
2026-08-01 17:44:24,960 [INFO] STARTING WITH UUID: 01989022-d735-4cca-9c3b-24334b78d438
2026-08-01 17:44:25,073 [INFO] Concept vocabulair and description: Wijk 36, Verpondingsnr 704 added for row: 01989022-d735-4cca-9c3b-24334b78d438
2026-08-01 17:44:25,073 [INFO] UUID: 01989022-d735-4cca-9c3b-24334b78d438
2026-08-01 17:44:25,073 [INFO] Migrated location description to new Bnode for uuid: 01989022-d735-4cca-9c3b-24334b78d438 and description: Wijk 36, Verpondingsnr 704.
2026-08-01 17:44:25,167 [INFO] Turtle succesfully updated for row: 01989022-d735-4cca-9c3b-24334b78d438
2026-08-01 17:44:25,167 [INFO] Turtle is changed in the script. Check loginfo for details on uuid: 01989022-d735-4cca-9c3b-24334b78d438
2026-08-01 17:44:25,167 [INFO] STARTING WITH UUID: 019d7fbf-9e28-4c04-b5d6-558e700b2abd
2026-08-01 17:44:25,241 [INFO] Concept vocabulair and description: Wijk 24, Verpondingsnr 2908 added for row: 019d7fbf-9e28-4c04-b5d6-558e700b2abd
2026-08-01 17:44:25,241 [INFO] UUID: 019d7fbf-9e28-4c04-b5d6-558e700b2abd
2026-08-01 17:44:25,241 [INFO] Migrated location description to new Bnode for uuid: 019d7fbf-9e28-4c04-b5d6-558e700b2abd and description: Wijk 24, Verpondingsnr 2908.
2026-08-01 17:44:25,348 [INFO] Turtle succesfully updated for row: 019d7fbf-9e28-4c04-b5d6-558e700b2abd
2026-08-01 17:44:25,348 [INFO] Turtle is changed in the script. Check loginfo for details on uuid: 019d7fbf-9e28-4c04-b5d6-558e700b2abd
2026-08-01 17:44:25,348 [INFO] STARTING WITH UUID: 01a081ac-f77f-459e-b45e-92b2949bca66
2026-08-01 17:44:25,434 [INFO] Concept vocabulair and description: Binnekant van ‘t Nieuwe Waale eijland agter de hoek van de Haekmarkt, Wijk 11, Verpondingsnr 3072 added for row: 01a081ac-f77f-459e-b45e-92b2949bca66
2026-08-01 17:44:25,434 [INFO] UUID: 01a081ac-f77f-459e-b45e-92b2949bca66
2026-08-01 17:44:25,434 [INFO] Migrated location description to new Bnode for uuid: 01a081ac-f77f-459e-b45e-92b2949bca66 and description: Binnekant van ‘t Nieuwe Waale eijland agter de hoek van de Haekmarkt, Wijk 11, Verpondingsnr 3072.
2026-08-01 17:44:25,542 [INFO] Turtle succesfully updated for row: 01a081ac-f77f-459e-b45e-92b2949bca66
2026-08-01 17:44:25,542 [INFO] Turtle is changed in the script. Check loginfo for details on uuid: 01a081ac-f77f-459e-b45e-92b2949bca66
2026-08-01 17:44:25,543 [INFO] STARTING WITH UUID: 01a2c41c-a14e-43c9-9297-18897429d6aa
2026-08-01 17:44:25,634 [INFO] Concept vocabulair and description: Binnekant van ‘t Nieuwe Waale eijland agter de hoek van de Haekmarkt, Wijk 11, Verpondingsnr 2847 added for row: 01a2c41c-a14e-43c9-9297-18897429d6aa
2026-08-01 17:44:25,634 [INFO] UUID: 01a2c41c-a14e-43c9-9297-18897429d6aa
2026-08-01 17:44:25,634 [INFO] Migrated location description to new Bnode for uuid: 01a2c41c-a14e-43c9-9297-18897429d6aa and description: Binnekant van ‘t Nieuwe Waale eijland agter de hoek van de Haekmarkt, Wijk 11, Verpondingsnr 2847.
2026-08-01 17:44:25,773 [INFO] Turtle succesfully updated for row: 01a2c41c-a14e-43c9-9297-18897429d6aa
2026-08-01 17:44:25,773 [INFO] Turtle is changed in the script. Check loginfo for details on uuid: 01a2c41c-a14e-43c9-9297-18897429d6aa
2026-08-01 17:44:25,773 [INFO] STARTING WITH UUID: 01a3fe74-dca8-4312-9745-873158b136d0
2026-08-01 17:44:25,844 [INFO] Concept vocabulair and description: Wijk 60, Verpondingsnr 5555 added for row: 01a3fe74-dca8-4312-9745-873158b136d0
2026-08-01 17:44:25,844 [INFO] UUID: 01a3fe74-dca8-4312-9745-873158b136d0
2026-08-01 17:44:25,844 [INFO] Migrated location description to new Bnode for uuid: 01a3fe74-dca8-4312-9745-873158b136d0 and description: Wijk 60, Verpondingsnr 5555.
2026-08-01 17:44:25,966 [INFO] Turtle succesfully updated for row: 01a3fe74-dca8-4312-9745-873158b136d0
2026-08-01 17:44:25,966 [INFO] Turtle is changed in the script. Check loginfo for details on uuid: 01a3fe74-dca8-4312-9745-873158b136d0
2026-08-01 17:44:25,966 [INFO] STARTING WITH UUID: 01a454e7-9e35-4b79-ab43-4aad27b25cfd
2026-08-01 17:44:26,048 [INFO] Concept vocabulair and description: Beginnende van de kraan huijs laagsche buitenkant tot de Nieuwe Beentemakernat, Wijk 10, Verpondingsnr 2672 added for row: 01a454e7-9e35-4b79-ab43-4aad27b25cfd
2026-08-01 17:44:26,048 [INFO] UUID: 01a454e7-9e35-4b79-ab43-4aad27b25cfd
2026-08-01 17:44:26,048 [INFO] Migrated location description to new Bnode for uuid: 01a454e7-9e35-4b79-ab43-4aad27b25cfd and description: Beginnende van de kraan huijs laagsche buitenkant tot de Nieuwe Beentemakernat, Wijk 10, Verpondingsnr 2672.
2026-08-01 17:44:26,170 [INFO] Turtle succesfully updated for row: 01a454e7-9e35-4b79-ab43-4aad27b25cfd
2026-08-01 17:44:26,170 [INFO] Turtle is changed in the script. Check loginfo for details on uuid: 01a454e7-9e35-4b79-ab43-4aad27b25cfd
2026-08-01 17:44:26,171 [INFO] STARTING WITH UUID: 01ab8c7a-bdde-4bd1-9722-650bc71105c0
2026-08-01 17:44:26,251 [INFO] Concept vocabulair and description: Wijk 40, Verpondingsnr 2129-3 added for row: 01ab8c7a-bdde-4bd1-9722-650bc71105c0
2026-08-01 17:44:26,251 [INFO] UUID: 01ab8c7a-bdde-4bd1-9722-650bc71105c0
2026-08-01 17:44:26,251 [INFO] Migrated location description to new Bnode for uuid: 01ab8c7a-bdde-4bd1-9722-650bc71105c0 and description: Wijk 40, Verpondingsnr 2129-3.
2026-08-01 17:44:26,348 [INFO] Turtle succesfully updated for row: 01ab8c7a-bdde-4bd1-9722-650bc71105c0
2026-08-01 17:44:26,348 [INFO] Turtle is changed in the script. Check loginfo for details on uuid: 01ab8c7a-bdde-4bd1-9722-650bc71105c0
2026-08-01 17:44:26,349 [INFO] STARTING WITH UUID: 01ac1173-69c2-49f0-a910-9dcb60899518
2026-08-01 17:44:26,421 [INFO] Concept vocabulair and description: Oosterse Kaaij, Wijk 16, Verpondingsnr 38 added for row: 01ac1173-69c2-49f0-a910-9dcb60899518
2026-08-01 17:44:26,421 [INFO] UUID: 01ac1173-69c2-49f0-a910-9dcb60899518
2026-08-01 17:44:26,421 [INFO] Migrated location description to new Bnode for uuid: 01ac1173-69c2-49f0-a910-9dcb60899518 and description: Oosterse Kaaij, Wijk 16, Verpondingsnr 38.
2026-08-01 17:44:26,562 [INFO] Turtle succesfully updated for row: 01ac1173-69c2-49f0-a910-9dcb60899518
2026-08-01 17:44:26,562 [INFO] Turtle is changed in the script. Check loginfo for details on uuid: 01ac1173-69c2-49f0-a910-9dcb60899518
2026-08-01 17:44:26,562 [INFO] STARTING WITH UUID: 01ad220b-ea76-4018-b779-a5c2ee6eef68
2026-08-01 17:44:26,643 [INFO] Concept vocabulair and description: Wijk 54, Verpondingsnr 2691 added for row: 01ad220b-ea76-4018-b779-a5c2ee6eef68
2026-08-01 17:44:26,643 [INFO] UUID: 01ad220b-ea76-4018-b779-a5c2ee6eef68
2026-08-01 17:44:26,643 [INFO] Migrated location description to new Bnode for uuid: 01ad220b-ea76-4018-b779-a5c2ee6eef68 and description: Wijk 54, Verpondingsnr 2691.
2026-08-01 17:44:26,760 [INFO] Turtle succesfully updated for row: 01ad220b-ea76-4018-b779-a5c2ee6eef68
2026-08-01 17:44:26,760 [INFO] Turtle is changed in the script. Check loginfo for details on uuid: 01ad220b-ea76-4018-b779-a5c2ee6eef68
2026-08-01 17:44:26,761 [INFO] STARTING WITH UUID: 01ad4717-a6a7-401d-a023-6e2c0a4ba8d6
2026-08-01 17:44:26,844 [INFO] Concept vocabulair and description: Beginnende op de hoek van de Raamgracht en Groene Burgwal, Wijk 14, Verpondingsnr 4550 added for row: 01ad4717-a6a7-401d-a023-6e2c0a4ba8d6
2026-08-01 17:44:26,844 [INFO] UUID: 01ad4717-a6a7-401d-a023-6e2c0a4ba8d6
2026-08-01 17:44:26,844 [INFO] Migrated location description to new Bnode for uuid: 01ad4717-a6a7-401d-a023-6e2c0a4ba8d6 and description: Beginnende op de hoek van de Raamgracht en Groene Burgwal, Wijk 14, Verpondingsnr 4550.
2026-08-01 17:44:26,951 [INFO] Turtle succesfully updated for row: 01ad4717-a6a7-401d-a023-6e2c0a4ba8d6
2026-08-01 17:44:26,951 [INFO] Turtle is changed in the script. Check loginfo for details on uuid: 01ad4717-a6a7-401d-a023-6e2c0a4ba8d6
2026-08-01 17:44:26,952 [INFO] STARTING WITH UUID: 01af652e-5206-4df3-bd07-2abbad029ec8
2026-08-01 17:44:27,014 [INFO] Concept vocabulair and description: Wijk 55, Verpondingsnr 2944 added for row: 01af652e-5206-4df3-bd07-2abbad029ec8
2026-08-01 17:44:27,014 [INFO] UUID: 01af652e-5206-4df3-bd07-2abbad029ec8
2026-08-01 17:44:27,014 [INFO] Migrated location description to new Bnode for uuid: 01af652e-5206-4df3-bd07-2abbad029ec8 and description: Wijk 55, Verpondingsnr 2944.
2026-08-01 17:44:27,154 [INFO] Turtle succesfully updated for row: 01af652e-5206-4df3-bd07-2abbad029ec8
2026-08-01 17:44:27,154 [INFO] Turtle is changed in the script. Check loginfo for details on uuid: 01af652e-5206-4df3-bd07-2abbad029ec8
2026-08-01 17:44:27,155 [INFO] STARTING WITH UUID: 01b08517-b438-42dc-9552-cf326f8bd8cf
2026-08-01 17:44:27,229 [INFO] Concept vocabulair and description: Oosterse Kaaij, Wijk 16, Verpondingsnr 547 added for row: 01b08517-b438-42dc-9552-cf326f8bd8cf
2026-08-01 17:44:27,229 [INFO] UUID: 01b08517-b438-42dc-9552-cf326f8bd8cf
2026-08-01 17:44:27,230 [INFO] Migrated location description to new Bnode for uuid: 01b08517-b438-42dc-9552-cf326f8bd8cf and description: Oosterse Kaaij, Wijk 16, Verpondingsnr 547.
2026-08-01 17:44:27,338 [INFO] Turtle succesfully updated for row: 01b08517-b438-42dc-9552-cf326f8bd8cf
2026-08-01 17:44:27,338 [INFO] Turtle is changed in the script. Check loginfo for details on uuid: 01b08517-b438-42dc-9552-cf326f8bd8cf
2026-08-01 17:44:27,338 [INFO] STARTING WITH UUID: 01b1e43b-f910-4a70-8ad0-bce5b3e31810
2026-08-01 17:44:27,418 [INFO] Concept vocabulair and description: Anthonij Breestraat oostzij van de Snoekjessteeg tot de Beustraat, Wijk 13, Verpondingsnr 3749 added for row: 01b1e43b-f910-4a70-8ad0-bce5b3e31810
2026-08-01 17:44:27,418 [INFO] UUID: 01b1e43b-f910-4a70-8ad0-bce5b3e31810
2026-08-01 17:44:27,418 [INFO] Migrated location description to new Bnode for uuid: 01b1e43b-f910-4a70-8ad0-bce5b3e31810 and description: Anthonij Breestraat oostzij van de Snoekjessteeg tot de Beustraat, Wijk 13, Verpondingsnr 3749.
2026-08-01 17:44:27,533 [INFO] Turtle succesfully updated for row: 01b1e43b-f910-4a70-8ad0-bce5b3e31810
2026-08-01 17:44:27,533 [INFO] Turtle is changed in the script. Check loginfo for details on uuid: 01b1e43b-f910-4a70-8ad0-bce5b3e31810
2026-08-01 17:44:27,533 [INFO] STARTING WITH UUID: 01b678f6-bd5e-4a6c-a653-ef95c2ab4ff9
2026-08-01 17:44:27,631 [INFO] Concept vocabulair and description: Wijk 54, Verpondingsnr 2240-1 added for row: 01b678f6-bd5e-4a6c-a653-ef95c2ab4ff9
2026-08-01 17:44:27,631 [INFO] UUID: 01b678f6-bd5e-4a6c-a653-ef95c2ab4ff9
2026-08-01 17:44:27,631 [INFO] Migrated location description to new Bnode for uuid: 01b678f6-bd5e-4a6c-a653-ef95c2ab4ff9 and description: Wijk 54, Verpondingsnr 2240-1.
2026-08-01 17:44:27,777 [INFO] Turtle succesfully updated for row: 01b678f6-bd5e-4a6c-a653-ef95c2ab4ff9
2026-08-01 17:44:27,777 [INFO] Turtle is changed in the script. Check loginfo for details on uuid: 01b678f6-bd5e-4a6c-a653-ef95c2ab4ff9
2026-08-01 17:44:27,777 [INFO] STARTING WITH UUID: 01b7b1e1-b0d1-4e70-bd04-54ef49625562
2026-08-01 17:44:27,855 [INFO] Concept vocabulair and description: Wijk 36, Verpondingsnr 475 added for row: 01b7b1e1-b0d1-4e70-bd04-54ef49625562
2026-08-01 17:44:27,855 [INFO] UUID: 01b7b1e1-b0d1-4e70-bd04-54ef49625562
2026-08-01 17:44:27,855 [INFO] Migrated location description to new Bnode for uuid: 01b7b1e1-b0d1-4e70-bd04-54ef49625562 and description: Wijk 36, Verpondingsnr 475.
2026-08-01 17:44:27,951 [INFO] Turtle succesfully updated for row: 01b7b1e1-b0d1-4e70-bd04-54ef49625562
2026-08-01 17:44:27,951 [INFO] Turtle is changed in the script. Check loginfo for details on uuid: 01b7b1e1-b0d1-4e70-bd04-54ef49625562
2026-08-01 17:44:27,951 [INFO] STARTING WITH UUID: 01b9b0dc-2537-4de9-913f-0cc45c288d5e
2026-08-01 17:44:28,031 [INFO] Concept vocabulair and description: Warmoesstraat westzij hoek Vissteeg, Wijk 6, Verpondingsnr 1296-1 added for row: 01b9b0dc-2537-4de9-913f-0cc45c288d5e
2026-08-01 17:44:28,031 [INFO] UUID: 01b9b0dc-2537-4de9-913f-0cc45c288d5e
2026-08-01 17:44:28,031 [INFO] Migrated location description to new Bnode for uuid: 01b9b0dc-2537-4de9-913f-0cc45c288d5e and description: Warmoesstraat westzij hoek Vissteeg, Wijk 6, Verpondingsnr 1296-1.
2026-08-01 17:44:28,143 [INFO] Turtle succesfully updated for row: 01b9b0dc-2537-4de9-913f-0cc45c288d5e
2026-08-01 17:44:28,143 [INFO] Turtle is changed in the script. Check loginfo for details on uuid: 01b9b0dc-2537-4de9-913f-0cc45c288d5e
2026-08-01 17:44:28,143 [INFO] STARTING WITH UUID: 01b9e95b-9dc6-4aa8-9eac-11849a2ebb70
2026-08-01 17:44:28,253 [INFO] Concept vocabulair and description: Beginnende op de hoek van de Raamgracht en Groene Burgwal, Wijk 14, Verpondingsnr 4479 added for row: 01b9e95b-9dc6-4aa8-9eac-11849a2ebb70
2026-08-01 17:44:28,253 [INFO] UUID: 01b9e95b-9dc6-4aa8-9eac-11849a2ebb70
2026-08-01 17:44:28,253 [INFO] Migrated location description to new Bnode for uuid: 01b9e95b-9dc6-4aa8-9eac-11849a2ebb70 and description: Beginnende op de hoek van de Raamgracht en Groene Burgwal, Wijk 14, Verpondingsnr 4479.
2026-08-01 17:44:28,373 [INFO] Turtle succesfully updated for row: 01b9e95b-9dc6-4aa8-9eac-11849a2ebb70
2026-08-01 17:44:28,373 [INFO] Turtle is changed in the script. Check loginfo for details on uuid: 01b9e95b-9dc6-4aa8-9eac-11849a2ebb70
2026-08-01 17:44:28,373 [INFO] STARTING WITH UUID: 01bd7638-91d0-4e9d-bb10-181fabc5a2ff
2026-08-01 17:44:28,460 [INFO] Concept vocabulair and description: Koestraat noordzij, Wijk 5, Verpondingsnr 1170 added for row: 01bd7638-91d0-4e9d-bb10-181fabc5a2ff
2026-08-01 17:44:28,460 [INFO] UUID: 01bd7638-91d0-4e9d-bb10-181fabc5a2ff
2026-08-01 17:44:28,460 [INFO] Migrated location description to new Bnode for uuid: 01bd7638-91d0-4e9d-bb10-181fabc5a2ff and description: Koestraat noordzij, Wijk 5, Verpondingsnr 1170.
2026-08-01 17:44:28,555 [INFO] Turtle succesfully updated for row: 01bd7638-91d0-4e9d-bb10-181fabc5a2ff
2026-08-01 17:44:28,555 [INFO] Turtle is changed in the script. Check loginfo for details on uuid: 01bd7638-91d0-4e9d-bb10-181fabc5a2ff
2026-08-01 17:44:28,555 [INFO] STARTING WITH UUID: 01bfd098-0561-472b-a56a-654bacdcb853
2026-08-01 17:44:28,625 [INFO] Concept vocabulair and description: Wijk 54, Verpondingsnr 2365 added for row: 01bfd098-0561-472b-a56a-654bacdcb853
2026-08-01 17:44:28,625 [INFO] UUID: 01bfd098-0561-472b-a56a-654bacdcb853
2026-08-01 17:44:28,625 [INFO] Migrated location description to new Bnode for uuid: 01bfd098-0561-472b-a56a-654bacdcb853 and description: Wijk 54, Verpondingsnr 2365.
2026-08-01 17:44:28,719 [INFO] Turtle succesfully updated for row: 01bfd098-0561-472b-a56a-654bacdcb853
2026-08-01 17:44:28,719 [INFO] Turtle is changed in the script. Check loginfo for details on uuid: 01bfd098-0561-472b-a56a-654bacdcb853
2026-08-01 17:44:28,719 [INFO] STARTING WITH UUID: 01c0bc29-324e-4d8f-bc6d-f83ccb6de361
2026-08-01 17:44:28,802 [INFO] Concept vocabulair and description: Steenvoetsteeg zuidzij van de Houtuijnen naar de Breestraat, Wijk 15, Verpondingsnr 5966 added for row: 01c0bc29-324e-4d8f-bc6d-f83ccb6de361
2026-08-01 17:44:28,802 [INFO] UUID: 01c0bc29-324e-4d8f-bc6d-f83ccb6de361
2026-08-01 17:44:28,802 [INFO] Migrated location description to new Bnode for uuid: 01c0bc29-324e-4d8f-bc6d-f83ccb6de361 and description: Steenvoetsteeg zuidzij van de Houtuijnen naar de Breestraat, Wijk 15, Verpondingsnr 5966.
2026-08-01 17:44:28,914 [INFO] Turtle succesfully updated for row: 01c0bc29-324e-4d8f-bc6d-f83ccb6de361
2026-08-01 17:44:28,914 [INFO] Turtle is changed in the script. Check loginfo for details on uuid: 01c0bc29-324e-4d8f-bc6d-f83ccb6de361
2026-08-01 17:44:28,915 [INFO] STARTING WITH UUID: 01c21334-4853-45d7-91da-286f3f170b1f
2026-08-01 17:44:28,992 [INFO] Concept vocabulair and description: Steenvoetsteeg zuidzij van de Houtuijnen naar de Breestraat, Wijk 15, Verpondingsnr 6058-1 added for row: 01c21334-4853-45d7-91da-286f3f170b1f
2026-08-01 17:44:28,992 [INFO] UUID: 01c21334-4853-45d7-91da-286f3f170b1f
2026-08-01 17:44:28,992 [INFO] Migrated location description to new Bnode for uuid: 01c21334-4853-45d7-91da-286f3f170b1f and description: Steenvoetsteeg zuidzij van de Houtuijnen naar de Breestraat, Wijk 15, Verpondingsnr 6058-1.
2026-08-01 17:44:29,103 [INFO] Turtle succesfully updated for row: 01c21334-4853-45d7-91da-286f3f170b1f
2026-08-01 17:44:29,103 [INFO] Turtle is changed in the script. Check loginfo for details on uuid: 01c21334-4853-45d7-91da-286f3f170b1f
2026-08-01 17:44:29,103 [INFO] STARTING WITH UUID: 01c4e440-cd6f-42e4-a810-d72b8227a0b4
2026-08-01 17:44:29,187 [INFO] Concept vocabulair and description: De Gang, Wijk 47, Verpondingsnr 4142 added for row: 01c4e440-cd6f-42e4-a810-d72b8227a0b4
2026-08-01 17:44:29,187 [INFO] UUID: 01c4e440-cd6f-42e4-a810-d72b8227a0b4
2026-08-01 17:44:29,187 [INFO] Migrated location description to new Bnode for uuid: 01c4e440-cd6f-42e4-a810-d72b8227a0b4 and description: De Gang, Wijk 47, Verpondingsnr 4142.
2026-08-01 17:44:29,299 [INFO] Turtle succesfully updated for row: 01c4e440-cd6f-42e4-a810-d72b8227a0b4
2026-08-01 17:44:29,299 [INFO] Turtle is changed in the script. Check loginfo for details on uuid: 01c4e440-cd6f-42e4-a810-d72b8227a0b4
2026-08-01 17:44:29,299 [INFO] STARTING WITH UUID: 01c53ce6-630e-4d9c-bd37-1dfd71c4a802
2026-08-01 17:44:29,367 [INFO] Concept vocabulair and description: Wijk 54, Verpondingsnr 2266 added for row: 01c53ce6-630e-4d9c-bd37-1dfd71c4a802
2026-08-01 17:44:29,368 [INFO] UUID: 01c53ce6-630e-4d9c-bd37-1dfd71c4a802
2026-08-01 17:44:29,368 [INFO] Migrated location description to new Bnode for uuid: 01c53ce6-630e-4d9c-bd37-1dfd71c4a802 and description: Wijk 54, Verpondingsnr 2266.
2026-08-01 17:44:29,489 [INFO] Turtle succesfully updated for row: 01c53ce6-630e-4d9c-bd37-1dfd71c4a802
2026-08-01 17:44:29,489 [INFO] Turtle is changed in the script. Check loginfo for details on uuid: 01c53ce6-630e-4d9c-bd37-1dfd71c4a802
2026-08-01 17:44:29,489 [INFO] STARTING WITH UUID: 01c6e955-0815-4789-9dbb-3a1cec8de3d0
2026-08-01 17:44:29,567 [INFO] Concept vocabulair and description: Wijk 34, Verpondingsnr 6554 added for row: 01c6e955-0815-4789-9dbb-3a1cec8de3d0
2026-08-01 17:44:29,567 [INFO] UUID: 01c6e955-0815-4789-9dbb-3a1cec8de3d0
2026-08-01 17:44:29,567 [INFO] Migrated location description to new Bnode for uuid: 01c6e955-0815-4789-9dbb-3a1cec8de3d0 and description: Wijk 34, Verpondingsnr 6554.
2026-08-01 17:44:29,669 [INFO] Turtle succesfully updated for row: 01c6e955-0815-4789-9dbb-3a1cec8de3d0
2026-08-01 17:44:29,669 [INFO] Turtle is changed in the script. Check loginfo for details on uuid: 01c6e955-0815-4789-9dbb-3a1cec8de3d0
2026-08-01 17:44:29,669 [INFO] STARTING WITH UUID: 01ce367a-5524-4eb9-825f-0cdb8d07f4d8
2026-08-01 17:44:29,742 [INFO] Concept vocabulair and description: Wijk 55, Verpondingsnr 2864 added for row: 01ce367a-5524-4eb9-825f-0cdb8d07f4d8
2026-08-01 17:44:29,742 [INFO] UUID: 01ce367a-5524-4eb9-825f-0cdb8d07f4d8
2026-08-01 17:44:29,742 [INFO] Migrated location description to new Bnode for uuid: 01ce367a-5524-4eb9-825f-0cdb8d07f4d8 and description: Wijk 55, Verpondingsnr 2864.
2026-08-01 17:44:29,833 [INFO] Turtle succesfully updated for row: 01ce367a-5524-4eb9-825f-0cdb8d07f4d8
2026-08-01 17:44:29,833 [INFO] Turtle is changed in the script. Check loginfo for details on uuid: 01ce367a-5524-4eb9-825f-0cdb8d07f4d8
2026-08-01 17:44:29,833 [INFO] STARTING WITH UUID: 01ceb27b-339d-4f37-a017-0279e2c36a2e
2026-08-01 17:44:29,895 [INFO] Concept vocabulair and description: Wijk 39, Verpondingsnr 1872 added for row: 01ceb27b-339d-4f37-a017-0279e2c36a2e
2026-08-01 17:44:29,895 [INFO] UUID: 01ceb27b-339d-4f37-a017-0279e2c36a2e
2026-08-01 17:44:29,895 [INFO] Migrated location description to new Bnode for uuid: 01ceb27b-339d-4f37-a017-0279e2c36a2e and description: Wijk 39, Verpondingsnr 1872.
2026-08-01 17:44:29,988 [INFO] Turtle succesfully updated for row: 01ceb27b-339d-4f37-a017-0279e2c36a2e
2026-08-01 17:44:29,988 [INFO] Turtle is changed in the script. Check loginfo for details on uuid: 01ceb27b-339d-4f37-a017-0279e2c36a2e
2026-08-01 17:44:29,989 [INFO] STARTING WITH UUID: 01cf2d82-71de-4bf1-9cdc-691f4e6968ac
2026-08-01 17:44:30,080 [INFO] Concept vocabulair and description: Wijk 26, Verpondingsnr 3558 added for row: 01cf2d82-71de-4bf1-9cdc-691f4e6968ac
2026-08-01 17:44:30,081 [INFO] UUID: 01cf2d82-71de-4bf1-9cdc-691f4e6968ac
2026-08-01 17:44:30,081 [INFO] Migrated location description to new Bnode for uuid: 01cf2d82-71de-4bf1-9cdc-691f4e6968ac and description: Wijk 26, Verpondingsnr 3558.
2026-08-01 17:44:30,177 [INFO] Turtle succesfully updated for row: 01cf2d82-71de-4bf1-9cdc-691f4e6968ac
2026-08-01 17:44:30,177 [INFO] Turtle is changed in the script. Check loginfo for details on uuid: 01cf2d82-71de-4bf1-9cdc-691f4e6968ac
2026-08-01 17:44:30,177 [INFO] STARTING WITH UUID: 01cfe845-c430-4e73-b566-71ac445329c6
2026-08-01 17:44:30,259 [INFO] Concept vocabulair and description: Wijk 31, Verpondingsnr 5378 added for row: 01cfe845-c430-4e73-b566-71ac445329c6
2026-08-01 17:44:30,259 [INFO] UUID: 01cfe845-c430-4e73-b566-71ac445329c6
2026-08-01 17:44:30,259 [INFO] Migrated location description to new Bnode for uuid: 01cfe845-c430-4e73-b566-71ac445329c6 and description: Wijk 31, Verpondingsnr 5378.
2026-08-01 17:44:30,363 [INFO] Turtle succesfully updated for row: 01cfe845-c430-4e73-b566-71ac445329c6
2026-08-01 17:44:30,363 [INFO] Turtle is changed in the script. Check loginfo for details on uuid: 01cfe845-c430-4e73-b566-71ac445329c6
2026-08-01 17:44:30,363 [INFO] STARTING WITH UUID: 01d0512c-825f-4542-874c-29976ea51b54
2026-08-01 17:44:30,427 [INFO] Concept vocabulair and description: Wijk 18, Verpondingsnr 1585 added for row: 01d0512c-825f-4542-874c-29976ea51b54
2026-08-01 17:44:30,427 [INFO] UUID: 01d0512c-825f-4542-874c-29976ea51b54
2026-08-01 17:44:30,427 [INFO] Migrated location description to new Bnode for uuid: 01d0512c-825f-4542-874c-29976ea51b54 and description: Wijk 18, Verpondingsnr 1585.
2026-08-01 17:44:30,520 [INFO] Turtle succesfully updated for row: 01d0512c-825f-4542-874c-29976ea51b54
2026-08-01 17:44:30,520 [INFO] Turtle is changed in the script. Check loginfo for details on uuid: 01d0512c-825f-4542-874c-29976ea51b54
2026-08-01 17:44:30,521 [INFO] STARTING WITH UUID: 01d056ae-88cd-455c-82c3-a997f9f12568
2026-08-01 17:44:30,592 [INFO] Concept vocabulair and description: Beginnende met de Jonkerstraat, Wijk 12, Verpondingsnr 3303 added for row: 01d056ae-88cd-455c-82c3-a997f9f12568
2026-08-01 17:44:30,592 [INFO] UUID: 01d056ae-88cd-455c-82c3-a997f9f12568
2026-08-01 17:44:30,597 [INFO] Migrated location description to new Bnode for uuid: 01d056ae-88cd-455c-82c3-a997f9f12568 and description: Beginnende met de Jonkerstraat, Wijk 12, Verpondingsnr 3303.
2026-08-01 17:44:30,717 [INFO] Turtle succesfully updated for row: 01d056ae-88cd-455c-82c3-a997f9f12568
2026-08-01 17:44:30,717 [INFO] Turtle is changed in the script. Check loginfo for details on uuid: 01d056ae-88cd-455c-82c3-a997f9f12568
2026-08-01 17:44:30,717 [INFO] STARTING WITH UUID: 01d401c6-5ef4-4f45-b6f3-f82833f3e892
2026-08-01 17:44:30,794 [INFO] Concept vocabulair and description: Wijk 34, Verpondingsnr 6511 added for row: 01d401c6-5ef4-4f45-b6f3-f82833f3e892
2026-08-01 17:44:30,795 [INFO] UUID: 01d401c6-5ef4-4f45-b6f3-f82833f3e892
2026-08-01 17:44:30,795 [INFO] Migrated location description to new Bnode for uuid: 01d401c6-5ef4-4f45-b6f3-f82833f3e892 and description: Wijk 34, Verpondingsnr 6511.
2026-08-01 17:44:30,928 [INFO] Turtle succesfully updated for row: 01d401c6-5ef4-4f45-b6f3-f82833f3e892
2026-08-01 17:44:30,928 [INFO] Turtle is changed in the script. Check loginfo for details on uuid: 01d401c6-5ef4-4f45-b6f3-f82833f3e892
2026-08-01 17:44:30,928 [INFO] STARTING WITH UUID: 01d5d8e6-9a17-45fe-8093-b97bcf16ced9
2026-08-01 17:44:31,010 [INFO] Concept vocabulair and description: Wijk 23, Verpondingsnr 2793 added for row: 01d5d8e6-9a17-45fe-8093-b97bcf16ced9
2026-08-01 17:44:31,010 [INFO] UUID: 01d5d8e6-9a17-45fe-8093-b97bcf16ced9
2026-08-01 17:44:31,010 [INFO] Migrated location description to new Bnode for uuid: 01d5d8e6-9a17-45fe-8093-b97bcf16ced9 and description: Wijk 23, Verpondingsnr 2793.
2026-08-01 17:44:31,133 [INFO] Turtle succesfully updated for row: 01d5d8e6-9a17-45fe-8093-b97bcf16ced9
2026-08-01 17:44:31,134 [INFO] Turtle is changed in the script. Check loginfo for details on uuid: 01d5d8e6-9a17-45fe-8093-b97bcf16ced9
2026-08-01 17:44:31,134 [INFO] STARTING WITH UUID: 01d73cb1-032a-45a6-9803-c3f542988877
2026-08-01 17:44:31,218 [INFO] Concept vocabulair and description: Wijk 18, Verpondingsnr 1513 added for row: 01d73cb1-032a-45a6-9803-c3f542988877
2026-08-01 17:44:31,218 [INFO] UUID: 01d73cb1-032a-45a6-9803-c3f542988877
2026-08-01 17:44:31,218 [INFO] Migrated location description to new Bnode for uuid: 01d73cb1-032a-45a6-9803-c3f542988877 and description: Wijk 18, Verpondingsnr 1513.
2026-08-01 17:44:31,356 [INFO] Turtle succesfully updated for row: 01d73cb1-032a-45a6-9803-c3f542988877
2026-08-01 17:44:31,356 [INFO] Turtle is changed in the script. Check loginfo for details on uuid: 01d73cb1-032a-45a6-9803-c3f542988877
2026-08-01 17:44:31,357 [INFO] STARTING WITH UUID: 01d7ccc7-64fe-4ee4-8120-cea951a4bd55
2026-08-01 17:44:31,432 [INFO] Concept vocabulair and description: Wijk 58, Verpondingsnr 4530 added for row: 01d7ccc7-64fe-4ee4-8120-cea951a4bd55
2026-08-01 17:44:31,432 [INFO] UUID: 01d7ccc7-64fe-4ee4-8120-cea951a4bd55
2026-08-01 17:44:31,432 [INFO] Migrated location description to new Bnode for uuid: 01d7ccc7-64fe-4ee4-8120-cea951a4bd55 and description: Wijk 58, Verpondingsnr 4530.
2026-08-01 17:44:31,532 [INFO] Turtle succesfully updated for row: 01d7ccc7-64fe-4ee4-8120-cea951a4bd55
2026-08-01 17:44:31,532 [INFO] Turtle is changed in the script. Check loginfo for details on uuid: 01d7ccc7-64fe-4ee4-8120-cea951a4bd55
2026-08-01 17:44:31,532 [INFO] STARTING WITH UUID: 01d7d318-c4b8-4b03-a246-a6bea7466753
2026-08-01 17:44:31,607 [INFO] Concept vocabulair and description: Steenvoetsteeg zuidzij van de Houtuijnen naar de Breestraat, Wijk 15, Verpondingsnr 5052 added for row: 01d7d318-c4b8-4b03-a246-a6bea7466753
2026-08-01 17:44:31,607 [INFO] UUID: 01d7d318-c4b8-4b03-a246-a6bea7466753
2026-08-01 17:44:31,607 [INFO] Migrated location description to new Bnode for uuid: 01d7d318-c4b8-4b03-a246-a6bea7466753 and description: Steenvoetsteeg zuidzij van de Houtuijnen naar de Breestraat, Wijk 15, Verpondingsnr 5052.
2026-08-01 17:44:31,778 [INFO] Turtle succesfully updated for row: 01d7d318-c4b8-4b03-a246-a6bea7466753
2026-08-01 17:44:31,778 [INFO] Turtle is changed in the script. Check loginfo for details on uuid: 01d7d318-c4b8-4b03-a246-a6bea7466753
2026-08-01 17:44:31,779 [INFO] STARTING WITH UUID: 01dc688f-5bc8-43d9-bdf1-51689b9b39b5
2026-08-01 17:44:31,857 [INFO] Concept vocabulair and description: Kromme Tuijnstraat, Wijk 48, Verpondingsnr 4711 added for row: 01dc688f-5bc8-43d9-bdf1-51689b9b39b5
2026-08-01 17:44:31,857 [INFO] UUID: 01dc688f-5bc8-43d9-bdf1-51689b9b39b5
2026-08-01 17:44:31,857 [INFO] Migrated location description to new Bnode for uuid: 01dc688f-5bc8-43d9-bdf1-51689b9b39b5 and description: Kromme Tuijnstraat, Wijk 48, Verpondingsnr 4711.
2026-08-01 17:44:31,965 [INFO] Turtle succesfully updated for row: 01dc688f-5bc8-43d9-bdf1-51689b9b39b5
2026-08-01 17:44:31,965 [INFO] Turtle is changed in the script. Check loginfo for details on uuid: 01dc688f-5bc8-43d9-bdf1-51689b9b39b5
2026-08-01 17:44:31,966 [INFO] STARTING WITH UUID: 01e8fe34-d879-445a-ad2e-3ec716ff5c60
2026-08-01 17:44:32,052 [INFO] Concept vocabulair and description: Singel added for row: 01e8fe34-d879-445a-ad2e-3ec716ff5c60
2026-08-01 17:44:32,052 [INFO] UUID: 01e8fe34-d879-445a-ad2e-3ec716ff5c60
2026-08-01 17:44:32,052 [INFO] Migrated location description to new Bnode for uuid: 01e8fe34-d879-445a-ad2e-3ec716ff5c60 and description: Singel.
2026-08-01 17:44:32,157 [INFO] Turtle succesfully updated for row: 01e8fe34-d879-445a-ad2e-3ec716ff5c60
2026-08-01 17:44:32,157 [INFO] Turtle is changed in the script. Check loginfo for details on uuid: 01e8fe34-d879-445a-ad2e-3ec716ff5c60
2026-08-01 17:44:32,158 [INFO] STARTING WITH UUID: 01ea5c0e-7ba8-4fe6-96ab-ea4c6d45fea9
2026-08-01 17:44:32,225 [INFO] Concept vocabulair and description: Wijk 53, Verpondingsnr 2101 added for row: 01ea5c0e-7ba8-4fe6-96ab-ea4c6d45fea9
2026-08-01 17:44:32,225 [INFO] UUID: 01ea5c0e-7ba8-4fe6-96ab-ea4c6d45fea9
2026-08-01 17:44:32,225 [INFO] Migrated location description to new Bnode for uuid: 01ea5c0e-7ba8-4fe6-96ab-ea4c6d45fea9 and description: Wijk 53, Verpondingsnr 2101.
2026-08-01 17:44:32,346 [INFO] Turtle succesfully updated for row: 01ea5c0e-7ba8-4fe6-96ab-ea4c6d45fea9
2026-08-01 17:44:32,346 [INFO] Turtle is changed in the script. Check loginfo for details on uuid: 01ea5c0e-7ba8-4fe6-96ab-ea4c6d45fea9
2026-08-01 17:44:32,347 [INFO] STARTING WITH UUID: 01eaaeb4-f1fa-48b2-b66b-974ff9aa68e2
2026-08-01 17:44:32,425 [INFO] Concept vocabulair and description: Steenvoetsteeg zuidzij van de Houtuijnen naar de Breestraat, Wijk 15, Verpondingsnr 5150 added for row: 01eaaeb4-f1fa-48b2-b66b-974ff9aa68e2
2026-08-01 17:44:32,425 [INFO] UUID: 01eaaeb4-f1fa-48b2-b66b-974ff9aa68e2
2026-08-01 17:44:32,425 [INFO] Migrated location description to new Bnode for uuid: 01eaaeb4-f1fa-48b2-b66b-974ff9aa68e2 and description: Steenvoetsteeg zuidzij van de Houtuijnen naar de Breestraat, Wijk 15, Verpondingsnr 5150.
2026-08-01 17:44:32,554 [INFO] Turtle succesfully updated for row: 01eaaeb4-f1fa-48b2-b66b-974ff9aa68e2
2026-08-01 17:44:32,554 [INFO] Turtle is changed in the script. Check loginfo for details on uuid: 01eaaeb4-f1fa-48b2-b66b-974ff9aa68e2
2026-08-01 17:44:32,554 [INFO] STARTING WITH UUID: 01ec4bc4-667c-4607-b25a-9cf89d5a88d0
2026-08-01 17:44:32,628 [INFO] Concept vocabulair and description: Wijk 30, Verpondingsnr 5201 added for row: 01ec4bc4-667c-4607-b25a-9cf89d5a88d0
2026-08-01 17:44:32,628 [INFO] UUID: 01ec4bc4-667c-4607-b25a-9cf89d5a88d0
2026-08-01 17:44:32,628 [INFO] Migrated location description to new Bnode for uuid: 01ec4bc4-667c-4607-b25a-9cf89d5a88d0 and description: Wijk 30, Verpondingsnr 5201.
2026-08-01 17:44:32,767 [INFO] Turtle succesfully updated for row: 01ec4bc4-667c-4607-b25a-9cf89d5a88d0
2026-08-01 17:44:32,767 [INFO] Turtle is changed in the script. Check loginfo for details on uuid: 01ec4bc4-667c-4607-b25a-9cf89d5a88d0
2026-08-01 17:44:32,767 [INFO] STARTING WITH UUID: 01f0e69a-0195-4383-9b42-ad6096367d6b
2026-08-01 17:44:32,835 [INFO] Concept vocabulair and description: Wijk 58, Verpondingsnr 4820 added for row: 01f0e69a-0195-4383-9b42-ad6096367d6b
2026-08-01 17:44:32,835 [INFO] UUID: 01f0e69a-0195-4383-9b42-ad6096367d6b
2026-08-01 17:44:32,835 [INFO] Migrated location description to new Bnode for uuid: 01f0e69a-0195-4383-9b42-ad6096367d6b and description: Wijk 58, Verpondingsnr 4820.
2026-08-01 17:44:32,972 [INFO] Turtle succesfully updated for row: 01f0e69a-0195-4383-9b42-ad6096367d6b
2026-08-01 17:44:32,972 [INFO] Turtle is changed in the script. Check loginfo for details on uuid: 01f0e69a-0195-4383-9b42-ad6096367d6b
2026-08-01 17:44:32,973 [INFO] STARTING WITH UUID: 01f2d365-f296-4dd0-9389-2186fa8e3b78
2026-08-01 17:44:33,044 [INFO] Concept vocabulair and description: Wijk 38, Verpondingsnr 1255 added for row: 01f2d365-f296-4dd0-9389-2186fa8e3b78
2026-08-01 17:44:33,044 [INFO] UUID: 01f2d365-f296-4dd0-9389-2186fa8e3b78
2026-08-01 17:44:33,045 [INFO] Migrated location description to new Bnode for uuid: 01f2d365-f296-4dd0-9389-2186fa8e3b78 and description: Wijk 38, Verpondingsnr 1255.
2026-08-01 17:44:33,165 [INFO] Turtle succesfully updated for row: 01f2d365-f296-4dd0-9389-2186fa8e3b78
2026-08-01 17:44:33,166 [INFO] Turtle is changed in the script. Check loginfo for details on uuid: 01f2d365-f296-4dd0-9389-2186fa8e3b78
2026-08-01 17:44:33,166 [INFO] STARTING WITH UUID: 01f3902b-4ff4-4050-bef4-8f7357bc2bd6
2026-08-01 17:44:33,249 [INFO] Concept vocabulair and description: Wijk 56, Verpondingsnr 3461 added for row: 01f3902b-4ff4-4050-bef4-8f7357bc2bd6
2026-08-01 17:44:33,249 [INFO] UUID: 01f3902b-4ff4-4050-bef4-8f7357bc2bd6
2026-08-01 17:44:33,249 [INFO] Migrated location description to new Bnode for uuid: 01f3902b-4ff4-4050-bef4-8f7357bc2bd6 and description: Wijk 56, Verpondingsnr 3461.
2026-08-01 17:44:33,338 [INFO] Turtle succesfully updated for row: 01f3902b-4ff4-4050-bef4-8f7357bc2bd6
2026-08-01 17:44:33,338 [INFO] Turtle is changed in the script. Check loginfo for details on uuid: 01f3902b-4ff4-4050-bef4-8f7357bc2bd6
2026-08-01 17:44:33,339 [INFO] STARTING WITH UUID: 01f5dfed-080b-42b7-8224-4aa93ff10d70
2026-08-01 17:44:33,405 [INFO] Concept vocabulair and description: Beginnende op de hoek van de Raamgracht en Groene Burgwal, Wijk 14, Verpondingsnr 4602 added for row: 01f5dfed-080b-42b7-8224-4aa93ff10d70
2026-08-01 17:44:33,405 [INFO] UUID: 01f5dfed-080b-42b7-8224-4aa93ff10d70
2026-08-01 17:44:33,405 [INFO] Migrated location description to new Bnode for uuid: 01f5dfed-080b-42b7-8224-4aa93ff10d70 and description: Beginnende op de hoek van de Raamgracht en Groene Burgwal, Wijk 14, Verpondingsnr 4602.
2026-08-01 17:44:33,502 [INFO] Turtle succesfully updated for row: 01f5dfed-080b-42b7-8224-4aa93ff10d70
2026-08-01 17:44:33,503 [INFO] Turtle is changed in the script. Check loginfo for details on uuid: 01f5dfed-080b-42b7-8224-4aa93ff10d70
2026-08-01 17:44:33,503 [INFO] STARTING WITH UUID: 01f7dc11-0407-4a83-addc-82a27bff961d
2026-08-01 17:44:33,579 [INFO] Concept vocabulair and description: Wijk 17, Verpondingsnr 1363 added for row: 01f7dc11-0407-4a83-addc-82a27bff961d
2026-08-01 17:44:33,580 [INFO] UUID: 01f7dc11-0407-4a83-addc-82a27bff961d
2026-08-01 17:44:33,580 [INFO] Migrated location description to new Bnode for uuid: 01f7dc11-0407-4a83-addc-82a27bff961d and description: Wijk 17, Verpondingsnr 1363.
2026-08-01 17:44:33,706 [INFO] Turtle succesfully updated for row: 01f7dc11-0407-4a83-addc-82a27bff961d
2026-08-01 17:44:33,706 [INFO] Turtle is changed in the script. Check loginfo for details on uuid: 01f7dc11-0407-4a83-addc-82a27bff961d
2026-08-01 17:44:33,707 [INFO] STARTING WITH UUID: 01fd901e-2fa1-44d4-a685-d5bc2b22efaa
2026-08-01 17:44:33,774 [INFO] Concept vocabulair and description: Wijk 38, Verpondingsnr 1147 added for row: 01fd901e-2fa1-44d4-a685-d5bc2b22efaa
2026-08-01 17:44:33,774 [INFO] UUID: 01fd901e-2fa1-44d4-a685-d5bc2b22efaa
2026-08-01 17:44:33,774 [INFO] Migrated location description to new Bnode for uuid: 01fd901e-2fa1-44d4-a685-d5bc2b22efaa and description: Wijk 38, Verpondingsnr 1147.
2026-08-01 17:44:33,874 [INFO] Turtle succesfully updated for row: 01fd901e-2fa1-44d4-a685-d5bc2b22efaa
2026-08-01 17:44:33,874 [INFO] Turtle is changed in the script. Check loginfo for details on uuid: 01fd901e-2fa1-44d4-a685-d5bc2b22efaa
2026-08-01 17:44:33,875 [INFO] STARTING WITH UUID: 0203fcef-2af1-4d7f-85ae-0ce81e7699ae
2026-08-01 17:44:33,953 [INFO] Concept vocabulair and description: Wijk 28, Verpondingsnr 4814 added for row: 0203fcef-2af1-4d7f-85ae-0ce81e7699ae
2026-08-01 17:44:33,953 [INFO] UUID: 0203fcef-2af1-4d7f-85ae-0ce81e7699ae
2026-08-01 17:44:33,953 [INFO] Migrated location description to new Bnode for uuid: 0203fcef-2af1-4d7f-85ae-0ce81e7699ae and description: Wijk 28, Verpondingsnr 4814.
2026-08-01 17:44:34,059 [INFO] Turtle succesfully updated for row: 0203fcef-2af1-4d7f-85ae-0ce81e7699ae
2026-08-01 17:44:34,059 [INFO] Turtle is changed in the script. Check loginfo for details on uuid: 0203fcef-2af1-4d7f-85ae-0ce81e7699ae
2026-08-01 17:44:34,059 [INFO] STARTING WITH UUID: 02062e4b-9a1a-4acf-a6cd-282eec828d8c
2026-08-01 17:44:34,136 [INFO] Concept vocabulair and description: Wijk 19, Verpondingsnr 1765 added for row: 02062e4b-9a1a-4acf-a6cd-282eec828d8c
2026-08-01 17:44:34,136 [INFO] UUID: 02062e4b-9a1a-4acf-a6cd-282eec828d8c
2026-08-01 17:44:34,136 [INFO] Migrated location description to new Bnode for uuid: 02062e4b-9a1a-4acf-a6cd-282eec828d8c and description: Wijk 19, Verpondingsnr 1765.
2026-08-01 17:44:34,243 [INFO] Turtle succesfully updated for row: 02062e4b-9a1a-4acf-a6cd-282eec828d8c
2026-08-01 17:44:34,243 [INFO] Turtle is changed in the script. Check loginfo for details on uuid: 02062e4b-9a1a-4acf-a6cd-282eec828d8c
2026-08-01 17:44:34,243 [INFO] STARTING WITH UUID: 02084d78-ad8a-455c-a81b-5459aa466c1b
2026-08-01 17:44:34,315 [INFO] Concept vocabulair and description: Tweede Dwarsstraat Tussen de Egelantiersstraat En zijn straat, Wijk 46, Verpondingsnr 3826 added for row: 02084d78-ad8a-455c-a81b-5459aa466c1b
2026-08-01 17:44:34,315 [INFO] UUID: 02084d78-ad8a-455c-a81b-5459aa466c1b
2026-08-01 17:44:34,315 [INFO] Migrated location description to new Bnode for uuid: 02084d78-ad8a-455c-a81b-5459aa466c1b and description: Tweede Dwarsstraat Tussen de Egelantiersstraat En zijn straat, Wijk 46, Verpondingsnr 3826.
2026-08-01 17:44:34,427 [INFO] Turtle succesfully updated for row: 02084d78-ad8a-455c-a81b-5459aa466c1b
2026-08-01 17:44:34,427 [INFO] Turtle is changed in the script. Check loginfo for details on uuid: 02084d78-ad8a-455c-a81b-5459aa466c1b
2026-08-01 17:44:34,427 [INFO] STARTING WITH UUID: 02087460-adf7-4329-8521-a45b4666a92d
2026-08-01 17:44:34,511 [INFO] Concept vocabulair and description: Wijk 19, Verpondingsnr 1846 added for row: 02087460-adf7-4329-8521-a45b4666a92d
2026-08-01 17:44:34,511 [INFO] UUID: 02087460-adf7-4329-8521-a45b4666a92d
2026-08-01 17:44:34,511 [INFO] Migrated location description to new Bnode for uuid: 02087460-adf7-4329-8521-a45b4666a92d and description: Wijk 19, Verpondingsnr 1846.
2026-08-01 17:44:34,630 [INFO] Turtle succesfully updated for row: 02087460-adf7-4329-8521-a45b4666a92d
2026-08-01 17:44:34,630 [INFO] Turtle is changed in the script. Check loginfo for details on uuid: 02087460-adf7-4329-8521-a45b4666a92d
2026-08-01 17:44:34,631 [INFO] STARTING WITH UUID: 02119159-58e0-4763-90dd-10ca87b4f0bf
2026-08-01 17:44:34,734 [INFO] Concept vocabulair and description: Oosterse Kaaij, Wijk 16, Verpondingsnr 737 added for row: 02119159-58e0-4763-90dd-10ca87b4f0bf
2026-08-01 17:44:34,734 [INFO] UUID: 02119159-58e0-4763-90dd-10ca87b4f0bf
2026-08-01 17:44:34,734 [INFO] Migrated location description to new Bnode for uuid: 02119159-58e0-4763-90dd-10ca87b4f0bf and description: Oosterse Kaaij, Wijk 16, Verpondingsnr 737.
2026-08-01 17:44:34,869 [INFO] Turtle succesfully updated for row: 02119159-58e0-4763-90dd-10ca87b4f0bf
2026-08-01 17:44:34,869 [INFO] Turtle is changed in the script. Check loginfo for details on uuid: 02119159-58e0-4763-90dd-10ca87b4f0bf
2026-08-01 17:44:34,869 [INFO] STARTING WITH UUID: 0212f885-9aa6-4694-8323-fb05e89e8867
2026-08-01 17:44:34,948 [INFO] Concept vocabulair and description: Wijk 40, Verpondingsnr 2110 added for row: 0212f885-9aa6-4694-8323-fb05e89e8867
2026-08-01 17:44:34,949 [INFO] UUID: 0212f885-9aa6-4694-8323-fb05e89e8867
2026-08-01 17:44:34,949 [INFO] Migrated location description to new Bnode for uuid: 0212f885-9aa6-4694-8323-fb05e89e8867 and description: Wijk 40, Verpondingsnr 2110.
2026-08-01 17:44:35,061 [INFO] Turtle succesfully updated for row: 0212f885-9aa6-4694-8323-fb05e89e8867
2026-08-01 17:44:35,061 [INFO] Turtle is changed in the script. Check loginfo for details on uuid: 0212f885-9aa6-4694-8323-fb05e89e8867
2026-08-01 17:44:35,062 [INFO] STARTING WITH UUID: 0213bd40-c312-4941-91e7-0b6e3310da66
2026-08-01 17:44:35,133 [INFO] Concept vocabulair and description: Overzij van de Keijsersgragt, Wijk 45, Verpondingsnr 3438 added for row: 0213bd40-c312-4941-91e7-0b6e3310da66
2026-08-01 17:44:35,133 [INFO] UUID: 0213bd40-c312-4941-91e7-0b6e3310da66
2026-08-01 17:44:35,133 [INFO] Migrated location description to new Bnode for uuid: 0213bd40-c312-4941-91e7-0b6e3310da66 and description: Overzij van de Keijsersgragt, Wijk 45, Verpondingsnr 3438.
2026-08-01 17:44:35,242 [INFO] Turtle succesfully updated for row: 0213bd40-c312-4941-91e7-0b6e3310da66
2026-08-01 17:44:35,242 [INFO] Turtle is changed in the script. Check loginfo for details on uuid: 0213bd40-c312-4941-91e7-0b6e3310da66
2026-08-01 17:44:35,242 [INFO] STARTING WITH UUID: 021647f4-5bb1-436e-bd71-17b02284ae27
2026-08-01 17:44:35,321 [INFO] Concept vocabulair and description: Wijk 51, Verpondingsnr 376 added for row: 021647f4-5bb1-436e-bd71-17b02284ae27
2026-08-01 17:44:35,321 [INFO] UUID: 021647f4-5bb1-436e-bd71-17b02284ae27
2026-08-01 17:44:35,321 [INFO] Migrated location description to new Bnode for uuid: 021647f4-5bb1-436e-bd71-17b02284ae27 and description: Wijk 51, Verpondingsnr 376.
2026-08-01 17:44:35,418 [INFO] Turtle succesfully updated for row: 021647f4-5bb1-436e-bd71-17b02284ae27
2026-08-01 17:44:35,418 [INFO] Turtle is changed in the script. Check loginfo for details on uuid: 021647f4-5bb1-436e-bd71-17b02284ae27
2026-08-01 17:44:35,418 [INFO] STARTING WITH UUID: 02192456-3c37-4bc9-9264-b6b1b5e17802
2026-08-01 17:44:35,490 [INFO] Concept vocabulair and description: Hoek van de Steeg op de Zeedijk, Wijk 1, Verpondingsnr 177 added for row: 02192456-3c37-4bc9-9264-b6b1b5e17802
2026-08-01 17:44:35,490 [INFO] UUID: 02192456-3c37-4bc9-9264-b6b1b5e17802
2026-08-01 17:44:35,490 [INFO] Migrated location description to new Bnode for uuid: 02192456-3c37-4bc9-9264-b6b1b5e17802 and description: Hoek van de Steeg op de Zeedijk, Wijk 1, Verpondingsnr 177.
2026-08-01 17:44:35,594 [INFO] Turtle succesfully updated for row: 02192456-3c37-4bc9-9264-b6b1b5e17802
2026-08-01 17:44:35,594 [INFO] Turtle is changed in the script. Check loginfo for details on uuid: 02192456-3c37-4bc9-9264-b6b1b5e17802
2026-08-01 17:44:35,595 [INFO] STARTING WITH UUID: 021c4346-8ef9-415d-a467-8c90dd553240
2026-08-01 17:44:35,668 [INFO] Concept vocabulair and description: Wijk 57, Verpondingsnr 3782 added for row: 021c4346-8ef9-415d-a467-8c90dd553240
2026-08-01 17:44:35,668 [INFO] UUID: 021c4346-8ef9-415d-a467-8c90dd553240
2026-08-01 17:44:35,668 [INFO] Migrated location description to new Bnode for uuid: 021c4346-8ef9-415d-a467-8c90dd553240 and description: Wijk 57, Verpondingsnr 3782.
2026-08-01 17:44:35,761 [INFO] Turtle succesfully updated for row: 021c4346-8ef9-415d-a467-8c90dd553240
2026-08-01 17:44:35,761 [INFO] Turtle is changed in the script. Check loginfo for details on uuid: 021c4346-8ef9-415d-a467-8c90dd553240
2026-08-01 17:44:35,761 [INFO] STARTING WITH UUID: 021dbdc5-62b1-41cb-ae15-95b8f1d8bc63
2026-08-01 17:44:35,838 [INFO] Concept vocabulair and description: Eerste Egelantiersgracht Voorbij Dwarsstraat, Wijk 44, Verpondingsnr 3246 added for row: 021dbdc5-62b1-41cb-ae15-95b8f1d8bc63
2026-08-01 17:44:35,838 [INFO] UUID: 021dbdc5-62b1-41cb-ae15-95b8f1d8bc63
2026-08-01 17:44:35,838 [INFO] Migrated location description to new Bnode for uuid: 021dbdc5-62b1-41cb-ae15-95b8f1d8bc63 and description: Eerste Egelantiersgracht Voorbij Dwarsstraat, Wijk 44, Verpondingsnr 3246.
2026-08-01 17:44:35,959 [INFO] Turtle succesfully updated for row: 021dbdc5-62b1-41cb-ae15-95b8f1d8bc63
2026-08-01 17:44:35,959 [INFO] Turtle is changed in the script. Check loginfo for details on uuid: 021dbdc5-62b1-41cb-ae15-95b8f1d8bc63
2026-08-01 17:44:35,959 [INFO] STARTING WITH UUID: 021fc1ac-fad0-4b4e-b2c5-8424d6924179
2026-08-01 17:44:36,025 [INFO] Concept vocabulair and description: Oosterse Kaaij, Wijk 16, Verpondingsnr 359 added for row: 021fc1ac-fad0-4b4e-b2c5-8424d6924179
2026-08-01 17:44:36,025 [INFO] UUID: 021fc1ac-fad0-4b4e-b2c5-8424d6924179
2026-08-01 17:44:36,025 [INFO] Migrated location description to new Bnode for uuid: 021fc1ac-fad0-4b4e-b2c5-8424d6924179 and description: Oosterse Kaaij, Wijk 16, Verpondingsnr 359.
2026-08-01 17:44:36,128 [INFO] Turtle succesfully updated for row: 021fc1ac-fad0-4b4e-b2c5-8424d6924179
2026-08-01 17:44:36,128 [INFO] Turtle is changed in the script. Check loginfo for details on uuid: 021fc1ac-fad0-4b4e-b2c5-8424d6924179
2026-08-01 17:44:36,129 [INFO] STARTING WITH UUID: 0224e725-2142-480c-bda4-0186b69b0058
2026-08-01 17:44:36,209 [INFO] Concept vocabulair and description: Wijk 27, Verpondingsnr 4112 added for row: 0224e725-2142-480c-bda4-0186b69b0058
2026-08-01 17:44:36,209 [INFO] UUID: 0224e725-2142-480c-bda4-0186b69b0058
2026-08-01 17:44:36,209 [INFO] Migrated location description to new Bnode for uuid: 0224e725-2142-480c-bda4-0186b69b0058 and description: Wijk 27, Verpondingsnr 4112.
2026-08-01 17:44:36,298 [INFO] Turtle succesfully updated for row: 0224e725-2142-480c-bda4-0186b69b0058
2026-08-01 17:44:36,298 [INFO] Turtle is changed in the script. Check loginfo for details on uuid: 0224e725-2142-480c-bda4-0186b69b0058
2026-08-01 17:44:36,298 [INFO] STARTING WITH UUID: 02259df4-7687-46d0-80cc-67f4946b6466
2026-08-01 17:44:36,372 [INFO] Concept vocabulair and description: Steenvoetsteeg zuidzij van de Houtuijnen naar de Breestraat, Wijk 15, Verpondingsnr 5412 added for row: 02259df4-7687-46d0-80cc-67f4946b6466
2026-08-01 17:44:36,372 [INFO] UUID: 02259df4-7687-46d0-80cc-67f4946b6466
2026-08-01 17:44:36,372 [INFO] Migrated location description to new Bnode for uuid: 02259df4-7687-46d0-80cc-67f4946b6466 and description: Steenvoetsteeg zuidzij van de Houtuijnen naar de Breestraat, Wijk 15, Verpondingsnr 5412.
2026-08-01 17:44:36,473 [INFO] Turtle succesfully updated for row: 02259df4-7687-46d0-80cc-67f4946b6466
2026-08-01 17:44:36,473 [INFO] Turtle is changed in the script. Check loginfo for details on uuid: 02259df4-7687-46d0-80cc-67f4946b6466
2026-08-01 17:44:36,474 [INFO] STARTING WITH UUID: 0226afde-1632-423f-b939-6c61764cb7ca
2026-08-01 17:44:36,559 [INFO] Concept vocabulair and description: Steenvoetsteeg zuidzij van de Houtuijnen naar de Breestraat, Wijk 15, Verpondingsnr 6054 added for row: 0226afde-1632-423f-b939-6c61764cb7ca
2026-08-01 17:44:36,559 [INFO] UUID: 0226afde-1632-423f-b939-6c61764cb7ca
2026-08-01 17:44:36,559 [INFO] Migrated location description to new Bnode for uuid: 0226afde-1632-423f-b939-6c61764cb7ca and description: Steenvoetsteeg zuidzij van de Houtuijnen naar de Breestraat, Wijk 15, Verpondingsnr 6054.
2026-08-01 17:44:36,648 [INFO] Turtle succesfully updated for row: 0226afde-1632-423f-b939-6c61764cb7ca
2026-08-01 17:44:36,648 [INFO] Turtle is changed in the script. Check loginfo for details on uuid: 0226afde-1632-423f-b939-6c61764cb7ca
2026-08-01 17:44:36,649 [INFO] STARTING WITH UUID: 022712d5-0827-46e6-af83-a5c0f35e2bfb
2026-08-01 17:44:36,715 [INFO] Concept vocabulair and description: Wijk 58, Verpondingsnr 4624 added for row: 022712d5-0827-46e6-af83-a5c0f35e2bfb
2026-08-01 17:44:36,715 [INFO] UUID: 022712d5-0827-46e6-af83-a5c0f35e2bfb
2026-08-01 17:44:36,715 [INFO] Migrated location description to new Bnode for uuid: 022712d5-0827-46e6-af83-a5c0f35e2bfb and description: Wijk 58, Verpondingsnr 4624.
2026-08-01 17:44:36,810 [INFO] Turtle succesfully updated for row: 022712d5-0827-46e6-af83-a5c0f35e2bfb
2026-08-01 17:44:36,810 [INFO] Turtle is changed in the script. Check loginfo for details on uuid: 022712d5-0827-46e6-af83-a5c0f35e2bfb
2026-08-01 17:44:36,811 [INFO] STARTING WITH UUID: 0227cdc2-c9c0-4de9-b3df-3d774b9e9d87
2026-08-01 17:44:36,891 [INFO] Concept vocabulair and description: Wijk 22, Verpondingsnr 2429 added for row: 0227cdc2-c9c0-4de9-b3df-3d774b9e9d87
2026-08-01 17:44:36,891 [INFO] UUID: 0227cdc2-c9c0-4de9-b3df-3d774b9e9d87
2026-08-01 17:44:36,891 [INFO] Migrated location description to new Bnode for uuid: 0227cdc2-c9c0-4de9-b3df-3d774b9e9d87 and description: Wijk 22, Verpondingsnr 2429.
2026-08-01 17:44:36,979 [INFO] Turtle succesfully updated for row: 0227cdc2-c9c0-4de9-b3df-3d774b9e9d87
2026-08-01 17:44:36,979 [INFO] Turtle is changed in the script. Check loginfo for details on uuid: 0227cdc2-c9c0-4de9-b3df-3d774b9e9d87
2026-08-01 17:44:36,980 [INFO] STARTING WITH UUID: 02282b83-7328-4c21-b99d-6bb2aaa588f3
2026-08-01 17:44:37,052 [INFO] Concept vocabulair and description: In de Gang, Wijk 47, Verpondingsnr 4098 added for row: 02282b83-7328-4c21-b99d-6bb2aaa588f3
2026-08-01 17:44:37,052 [INFO] UUID: 02282b83-7328-4c21-b99d-6bb2aaa588f3
2026-08-01 17:44:37,052 [INFO] Migrated location description to new Bnode for uuid: 02282b83-7328-4c21-b99d-6bb2aaa588f3 and description: In de Gang, Wijk 47, Verpondingsnr 4098.
2026-08-01 17:44:37,154 [INFO] Turtle succesfully updated for row: 02282b83-7328-4c21-b99d-6bb2aaa588f3
2026-08-01 17:44:37,154 [INFO] Turtle is changed in the script. Check loginfo for details on uuid: 02282b83-7328-4c21-b99d-6bb2aaa588f3
2026-08-01 17:44:37,154 [INFO] STARTING WITH UUID: 022bc578-5b61-4399-b2ab-74dec09bf305
2026-08-01 17:44:37,232 [INFO] Concept vocabulair and description: Wijk 20, Verpondingsnr 1993 added for row: 022bc578-5b61-4399-b2ab-74dec09bf305
2026-08-01 17:44:37,233 [INFO] UUID: 022bc578-5b61-4399-b2ab-74dec09bf305
2026-08-01 17:44:37,233 [INFO] Migrated location description to new Bnode for uuid: 022bc578-5b61-4399-b2ab-74dec09bf305 and description: Wijk 20, Verpondingsnr 1993.
2026-08-01 17:44:37,368 [INFO] Turtle succesfully updated for row: 022bc578-5b61-4399-b2ab-74dec09bf305
2026-08-01 17:44:37,368 [INFO] Turtle is changed in the script. Check loginfo for details on uuid: 022bc578-5b61-4399-b2ab-74dec09bf305
2026-08-01 17:44:37,368 [INFO] STARTING WITH UUID: 022def21-be3a-4fd1-83f3-1d0043cd1f9a
2026-08-01 17:44:37,435 [INFO] Concept vocabulair and description: Beginnende op de Keijsersgragt met het huijs met de hoofden na de Heerestraat, Wijk 47, Verpondingsnr 4063 added for row: 022def21-be3a-4fd1-83f3-1d0043cd1f9a
2026-08-01 17:44:37,435 [INFO] UUID: 022def21-be3a-4fd1-83f3-1d0043cd1f9a
2026-08-01 17:44:37,435 [INFO] Migrated location description to new Bnode for uuid: 022def21-be3a-4fd1-83f3-1d0043cd1f9a and description: Beginnende op de Keijsersgragt met het huijs met de hoofden na de Heerestraat, Wijk 47, Verpondingsnr 4063.
2026-08-01 17:44:37,553 [INFO] Turtle succesfully updated for row: 022def21-be3a-4fd1-83f3-1d0043cd1f9a
2026-08-01 17:44:37,553 [INFO] Turtle is changed in the script. Check loginfo for details on uuid: 022def21-be3a-4fd1-83f3-1d0043cd1f9a
2026-08-01 17:44:37,553 [INFO] STARTING WITH UUID: 0231540b-1ab3-4912-826d-c98cb9c56226
2026-08-01 17:44:37,630 [INFO] Concept vocabulair and description: Wijk 35, Verpondingsnr 448 added for row: 0231540b-1ab3-4912-826d-c98cb9c56226
2026-08-01 17:44:37,630 [INFO] UUID: 0231540b-1ab3-4912-826d-c98cb9c56226
2026-08-01 17:44:37,630 [INFO] Migrated location description to new Bnode for uuid: 0231540b-1ab3-4912-826d-c98cb9c56226 and description: Wijk 35, Verpondingsnr 448.
2026-08-01 17:44:37,734 [INFO] Turtle succesfully updated for row: 0231540b-1ab3-4912-826d-c98cb9c56226
2026-08-01 17:44:37,734 [INFO] Turtle is changed in the script. Check loginfo for details on uuid: 0231540b-1ab3-4912-826d-c98cb9c56226
2026-08-01 17:44:37,734 [INFO] STARTING WITH UUID: 0233691b-c3fd-4fbb-92ec-6ecf40d9beb4
2026-08-01 17:44:37,805 [INFO] Concept vocabulair and description: Wijk 27, Verpondingsnr 4029 added for row: 0233691b-c3fd-4fbb-92ec-6ecf40d9beb4
2026-08-01 17:44:37,805 [INFO] UUID: 0233691b-c3fd-4fbb-92ec-6ecf40d9beb4
2026-08-01 17:44:37,805 [INFO] Migrated location description to new Bnode for uuid: 0233691b-c3fd-4fbb-92ec-6ecf40d9beb4 and description: Wijk 27, Verpondingsnr 4029.
2026-08-01 17:44:37,908 [INFO] Turtle succesfully updated for row: 0233691b-c3fd-4fbb-92ec-6ecf40d9beb4
2026-08-01 17:44:37,908 [INFO] Turtle is changed in the script. Check loginfo for details on uuid: 0233691b-c3fd-4fbb-92ec-6ecf40d9beb4
2026-08-01 17:44:37,908 [INFO] STARTING WITH UUID: 023805b3-9045-4de9-b205-41e84c61c4f4
2026-08-01 17:44:37,988 [INFO] Concept vocabulair and description: Lindestraat zuidzij van de Boomdwarsstraat na de Noordermarkt, Wijk 50, Verpondingsnr 5589 added for row: 023805b3-9045-4de9-b205-41e84c61c4f4
2026-08-01 17:44:37,988 [INFO] UUID: 023805b3-9045-4de9-b205-41e84c61c4f4
2026-08-01 17:44:37,988 [INFO] Migrated location description to new Bnode for uuid: 023805b3-9045-4de9-b205-41e84c61c4f4 and description: Lindestraat zuidzij van de Boomdwarsstraat na de Noordermarkt, Wijk 50, Verpondingsnr 5589.
2026-08-01 17:44:38,106 [INFO] Turtle succesfully updated for row: 023805b3-9045-4de9-b205-41e84c61c4f4
2026-08-01 17:44:38,106 [INFO] Turtle is changed in the script. Check loginfo for details on uuid: 023805b3-9045-4de9-b205-41e84c61c4f4
2026-08-01 17:44:38,106 [INFO] STARTING WITH UUID: 02401cc1-185d-41b8-a434-8d83a98944f8
2026-08-01 17:44:38,185 [INFO] Concept vocabulair and description: Wijk 39, Verpondingsnr 1704 added for row: 02401cc1-185d-41b8-a434-8d83a98944f8
2026-08-01 17:44:38,185 [INFO] UUID: 02401cc1-185d-41b8-a434-8d83a98944f8
2026-08-01 17:44:38,186 [INFO] Migrated location description to new Bnode for uuid: 02401cc1-185d-41b8-a434-8d83a98944f8 and description: Wijk 39, Verpondingsnr 1704.
2026-08-01 17:44:38,283 [INFO] Turtle succesfully updated for row: 02401cc1-185d-41b8-a434-8d83a98944f8
2026-08-01 17:44:38,283 [INFO] Turtle is changed in the script. Check loginfo for details on uuid: 02401cc1-185d-41b8-a434-8d83a98944f8
2026-08-01 17:44:38,284 [INFO] STARTING WITH UUID: 02405fa2-ac91-4eef-918e-7100ce318709
2026-08-01 17:44:38,361 [INFO] Concept vocabulair and description: Koestraat noordzij, Wijk 5, Verpondingsnr 1052 added for row: 02405fa2-ac91-4eef-918e-7100ce318709
2026-08-01 17:44:38,361 [INFO] UUID: 02405fa2-ac91-4eef-918e-7100ce318709
2026-08-01 17:44:38,361 [INFO] Migrated location description to new Bnode for uuid: 02405fa2-ac91-4eef-918e-7100ce318709 and description: Koestraat noordzij, Wijk 5, Verpondingsnr 1052.
2026-08-01 17:44:38,476 [INFO] Turtle succesfully updated for row: 02405fa2-ac91-4eef-918e-7100ce318709
2026-08-01 17:44:38,476 [INFO] Turtle is changed in the script. Check loginfo for details on uuid: 02405fa2-ac91-4eef-918e-7100ce318709
2026-08-01 17:44:38,476 [INFO] STARTING WITH UUID: 0244d89a-113d-45ea-a331-99f690cb3d71
2026-08-01 17:44:38,548 [INFO] Concept vocabulair and description: Wijk 27, Verpondingsnr 3890 added for row: 0244d89a-113d-45ea-a331-99f690cb3d71
2026-08-01 17:44:38,548 [INFO] UUID: 0244d89a-113d-45ea-a331-99f690cb3d71
2026-08-01 17:44:38,548 [INFO] Migrated location description to new Bnode for uuid: 0244d89a-113d-45ea-a331-99f690cb3d71 and description: Wijk 27, Verpondingsnr 3890.
2026-08-01 17:44:38,650 [INFO] Turtle succesfully updated for row: 0244d89a-113d-45ea-a331-99f690cb3d71
2026-08-01 17:44:38,650 [INFO] Turtle is changed in the script. Check loginfo for details on uuid: 0244d89a-113d-45ea-a331-99f690cb3d71
2026-08-01 17:44:38,650 [INFO] STARTING WITH UUID: 024599e1-ab9a-47ce-8ec7-cb0392301ebd
2026-08-01 17:44:38,734 [INFO] Concept vocabulair and description: Wijk 58, Verpondingsnr 4878 added for row: 024599e1-ab9a-47ce-8ec7-cb0392301ebd
2026-08-01 17:44:38,734 [INFO] UUID: 024599e1-ab9a-47ce-8ec7-cb0392301ebd
2026-08-01 17:44:38,734 [INFO] Migrated location description to new Bnode for uuid: 024599e1-ab9a-47ce-8ec7-cb0392301ebd and description: Wijk 58, Verpondingsnr 4878.
2026-08-01 17:44:38,872 [INFO] Turtle succesfully updated for row: 024599e1-ab9a-47ce-8ec7-cb0392301ebd
2026-08-01 17:44:38,872 [INFO] Turtle is changed in the script. Check loginfo for details on uuid: 024599e1-ab9a-47ce-8ec7-cb0392301ebd
2026-08-01 17:44:38,873 [INFO] STARTING WITH UUID: 0247bb50-043b-4b9e-876a-d4f6a4e0cd68
2026-08-01 17:44:38,966 [INFO] Concept vocabulair and description: Oosterse Kaaij, Wijk 16, Verpondingsnr 508 added for row: 0247bb50-043b-4b9e-876a-d4f6a4e0cd68
2026-08-01 17:44:38,966 [INFO] UUID: 0247bb50-043b-4b9e-876a-d4f6a4e0cd68
2026-08-01 17:44:38,966 [INFO] Migrated location description to new Bnode for uuid: 0247bb50-043b-4b9e-876a-d4f6a4e0cd68 and description: Oosterse Kaaij, Wijk 16, Verpondingsnr 508.
2026-08-01 17:44:39,064 [INFO] Turtle succesfully updated for row: 0247bb50-043b-4b9e-876a-d4f6a4e0cd68
2026-08-01 17:44:39,064 [INFO] Turtle is changed in the script. Check loginfo for details on uuid: 0247bb50-043b-4b9e-876a-d4f6a4e0cd68
2026-08-01 17:44:39,064 [INFO] STARTING WITH UUID: 02484c16-9217-44f6-9c2a-862d7abeb9d4
2026-08-01 17:44:39,130 [INFO] Concept vocabulair and description: Baangragt, Wijk 49, Verpondingsnr 5330 added for row: 02484c16-9217-44f6-9c2a-862d7abeb9d4
2026-08-01 17:44:39,130 [INFO] UUID: 02484c16-9217-44f6-9c2a-862d7abeb9d4
2026-08-01 17:44:39,131 [INFO] Migrated location description to new Bnode for uuid: 02484c16-9217-44f6-9c2a-862d7abeb9d4 and description: Baangragt, Wijk 49, Verpondingsnr 5330.
2026-08-01 17:44:39,244 [INFO] Turtle succesfully updated for row: 02484c16-9217-44f6-9c2a-862d7abeb9d4
2026-08-01 17:44:39,244 [INFO] Turtle is changed in the script. Check loginfo for details on uuid: 02484c16-9217-44f6-9c2a-862d7abeb9d4
2026-08-01 17:44:39,244 [INFO] STARTING WITH UUID: 0249322d-aa16-4cf2-b746-c8fb96174afd
2026-08-01 17:44:39,334 [INFO] Concept vocabulair and description: Wijk 41, Verpondingsnr 2242 added for row: 0249322d-aa16-4cf2-b746-c8fb96174afd
2026-08-01 17:44:39,334 [INFO] UUID: 0249322d-aa16-4cf2-b746-c8fb96174afd
2026-08-01 17:44:39,334 [INFO] Migrated location description to new Bnode for uuid: 0249322d-aa16-4cf2-b746-c8fb96174afd and description: Wijk 41, Verpondingsnr 2242.
2026-08-01 17:44:39,460 [INFO] Turtle succesfully updated for row: 0249322d-aa16-4cf2-b746-c8fb96174afd
2026-08-01 17:44:39,460 [INFO] Turtle is changed in the script. Check loginfo for details on uuid: 0249322d-aa16-4cf2-b746-c8fb96174afd
2026-08-01 17:44:39,461 [INFO] STARTING WITH UUID: 024da62c-01c6-4e29-b841-e7ea31a7bdf4
2026-08-01 17:44:39,532 [INFO] Concept vocabulair and description: Wijk 35, Verpondingsnr 434 added for row: 024da62c-01c6-4e29-b841-e7ea31a7bdf4
2026-08-01 17:44:39,532 [INFO] UUID: 024da62c-01c6-4e29-b841-e7ea31a7bdf4
2026-08-01 17:44:39,532 [INFO] Migrated location description to new Bnode for uuid: 024da62c-01c6-4e29-b841-e7ea31a7bdf4 and description: Wijk 35, Verpondingsnr 434.
2026-08-01 17:44:39,635 [INFO] Turtle succesfully updated for row: 024da62c-01c6-4e29-b841-e7ea31a7bdf4
2026-08-01 17:44:39,635 [INFO] Turtle is changed in the script. Check loginfo for details on uuid: 024da62c-01c6-4e29-b841-e7ea31a7bdf4
2026-08-01 17:44:39,635 [INFO] STARTING WITH UUID: 024e7d86-a443-4256-918d-382169570b8b
2026-08-01 17:44:39,702 [INFO] Concept vocabulair and description: Oosterse Kaaij, Wijk 16, Verpondingsnr 922 added for row: 024e7d86-a443-4256-918d-382169570b8b
2026-08-01 17:44:39,702 [INFO] UUID: 024e7d86-a443-4256-918d-382169570b8b
2026-08-01 17:44:39,702 [INFO] Migrated location description to new Bnode for uuid: 024e7d86-a443-4256-918d-382169570b8b and description: Oosterse Kaaij, Wijk 16, Verpondingsnr 922.
2026-08-01 17:44:39,791 [INFO] Turtle succesfully updated for row: 024e7d86-a443-4256-918d-382169570b8b
2026-08-01 17:44:39,791 [INFO] Turtle is changed in the script. Check loginfo for details on uuid: 024e7d86-a443-4256-918d-382169570b8b
2026-08-01 17:44:39,791 [INFO] STARTING WITH UUID: 02523f5c-cb27-443d-8727-4d34449eee60
2026-08-01 17:44:39,867 [INFO] Concept vocabulair and description: Wijk 27, Verpondingsnr 3914 added for row: 02523f5c-cb27-443d-8727-4d34449eee60
2026-08-01 17:44:39,867 [INFO] UUID: 02523f5c-cb27-443d-8727-4d34449eee60
2026-08-01 17:44:39,867 [INFO] Migrated location description to new Bnode for uuid: 02523f5c-cb27-443d-8727-4d34449eee60 and description: Wijk 27, Verpondingsnr 3914.
2026-08-01 17:44:39,986 [INFO] Turtle succesfully updated for row: 02523f5c-cb27-443d-8727-4d34449eee60
2026-08-01 17:44:39,986 [INFO] Turtle is changed in the script. Check loginfo for details on uuid: 02523f5c-cb27-443d-8727-4d34449eee60
2026-08-01 17:44:39,986 [INFO] STARTING WITH UUID: 025547fc-e0e0-4b3c-939d-56f2cd578e13
2026-08-01 17:44:40,064 [INFO] Concept vocabulair and description: Wijk 25, Verpondingsnr 3231 added for row: 025547fc-e0e0-4b3c-939d-56f2cd578e13
2026-08-01 17:44:40,064 [INFO] UUID: 025547fc-e0e0-4b3c-939d-56f2cd578e13
2026-08-01 17:44:40,064 [INFO] Migrated location description to new Bnode for uuid: 025547fc-e0e0-4b3c-939d-56f2cd578e13 and description: Wijk 25, Verpondingsnr 3231.
2026-08-01 17:44:40,176 [INFO] Turtle succesfully updated for row: 025547fc-e0e0-4b3c-939d-56f2cd578e13
2026-08-01 17:44:40,176 [INFO] Turtle is changed in the script. Check loginfo for details on uuid: 025547fc-e0e0-4b3c-939d-56f2cd578e13
2026-08-01 17:44:40,177 [INFO] STARTING WITH UUID: 02565a87-a854-4a43-b646-8de081dbcdf2
2026-08-01 17:44:40,251 [INFO] Concept vocabulair and description: Wijk 24, Verpondingsnr 3001 added for row: 02565a87-a854-4a43-b646-8de081dbcdf2
2026-08-01 17:44:40,251 [INFO] UUID: 02565a87-a854-4a43-b646-8de081dbcdf2
2026-08-01 17:44:40,251 [INFO] Migrated location description to new Bnode for uuid: 02565a87-a854-4a43-b646-8de081dbcdf2 and description: Wijk 24, Verpondingsnr 3001.
2026-08-01 17:44:40,357 [INFO] Turtle succesfully updated for row: 02565a87-a854-4a43-b646-8de081dbcdf2
2026-08-01 17:44:40,357 [INFO] Turtle is changed in the script. Check loginfo for details on uuid: 02565a87-a854-4a43-b646-8de081dbcdf2
2026-08-01 17:44:40,357 [INFO] STARTING WITH UUID: 0256f01b-9a19-4782-af15-b0a118878542
2026-08-01 17:44:40,428 [INFO] Concept vocabulair and description: Wijk 59, Verpondingsnr 5469 added for row: 0256f01b-9a19-4782-af15-b0a118878542
2026-08-01 17:44:40,428 [INFO] UUID: 0256f01b-9a19-4782-af15-b0a118878542
2026-08-01 17:44:40,428 [INFO] Migrated location description to new Bnode for uuid: 0256f01b-9a19-4782-af15-b0a118878542 and description: Wijk 59, Verpondingsnr 5469.
2026-08-01 17:44:40,556 [INFO] Turtle succesfully updated for row: 0256f01b-9a19-4782-af15-b0a118878542
2026-08-01 17:44:40,556 [INFO] Turtle is changed in the script. Check loginfo for details on uuid: 0256f01b-9a19-4782-af15-b0a118878542
2026-08-01 17:44:40,557 [INFO] STARTING WITH UUID: 0256fd2a-ccdf-471c-9be5-0ba410b7d197
2026-08-01 17:44:40,635 [INFO] Concept vocabulair and description: Warmoesstraat aan de Guldehandsteeg, Wijk 1, Verpondingsnr 107 added for row: 0256fd2a-ccdf-471c-9be5-0ba410b7d197
2026-08-01 17:44:40,635 [INFO] UUID: 0256fd2a-ccdf-471c-9be5-0ba410b7d197
2026-08-01 17:44:40,639 [INFO] Migrated location description to new Bnode for uuid: 0256fd2a-ccdf-471c-9be5-0ba410b7d197 and description: Warmoesstraat aan de Guldehandsteeg, Wijk 1, Verpondingsnr 107.
2026-08-01 17:44:40,782 [INFO] Turtle succesfully updated for row: 0256fd2a-ccdf-471c-9be5-0ba410b7d197
2026-08-01 17:44:40,782 [INFO] Turtle is changed in the script. Check loginfo for details on uuid: 0256fd2a-ccdf-471c-9be5-0ba410b7d197
2026-08-01 17:44:40,782 [INFO] STARTING WITH UUID: 02594fe7-7acb-49a4-a03b-c1a0dfcf754a
2026-08-01 17:44:40,858 [INFO] Concept vocabulair and description: Steenvoetsteeg zuidzij van de Houtuijnen naar de Breestraat, Wijk 15, Verpondingsnr 5264 added for row: 02594fe7-7acb-49a4-a03b-c1a0dfcf754a
2026-08-01 17:44:40,858 [INFO] UUID: 02594fe7-7acb-49a4-a03b-c1a0dfcf754a
2026-08-01 17:44:40,858 [INFO] Migrated location description to new Bnode for uuid: 02594fe7-7acb-49a4-a03b-c1a0dfcf754a and description: Steenvoetsteeg zuidzij van de Houtuijnen naar de Breestraat, Wijk 15, Verpondingsnr 5264.
2026-08-01 17:44:40,965 [INFO] Turtle succesfully updated for row: 02594fe7-7acb-49a4-a03b-c1a0dfcf754a
2026-08-01 17:44:40,965 [INFO] Turtle is changed in the script. Check loginfo for details on uuid: 02594fe7-7acb-49a4-a03b-c1a0dfcf754a
2026-08-01 17:44:40,965 [INFO] STARTING WITH UUID: 025acc3b-8def-4fe2-85a9-c2e1e702992d
2026-08-01 17:44:41,053 [INFO] Concept vocabulair and description: Wijk 56, Verpondingsnr 3708 added for row: 025acc3b-8def-4fe2-85a9-c2e1e702992d
2026-08-01 17:44:41,053 [INFO] UUID: 025acc3b-8def-4fe2-85a9-c2e1e702992d
2026-08-01 17:44:41,053 [INFO] Migrated location description to new Bnode for uuid: 025acc3b-8def-4fe2-85a9-c2e1e702992d and description: Wijk 56, Verpondingsnr 3708.
2026-08-01 17:44:41,173 [INFO] Turtle succesfully updated for row: 025acc3b-8def-4fe2-85a9-c2e1e702992d
2026-08-01 17:44:41,173 [INFO] Turtle is changed in the script. Check loginfo for details on uuid: 025acc3b-8def-4fe2-85a9-c2e1e702992d
2026-08-01 17:44:41,173 [INFO] STARTING WITH UUID: 025e16b9-8ff4-402f-b4a5-bffb5164141d
2026-08-01 17:44:41,263 [INFO] Concept vocabulair and description: Wijk 56, Verpondingsnr 3562 added for row: 025e16b9-8ff4-402f-b4a5-bffb5164141d
2026-08-01 17:44:41,263 [INFO] UUID: 025e16b9-8ff4-402f-b4a5-bffb5164141d
2026-08-01 17:44:41,263 [INFO] Migrated location description to new Bnode for uuid: 025e16b9-8ff4-402f-b4a5-bffb5164141d and description: Wijk 56, Verpondingsnr 3562.
2026-08-01 17:44:41,398 [INFO] Turtle succesfully updated for row: 025e16b9-8ff4-402f-b4a5-bffb5164141d
2026-08-01 17:44:41,398 [INFO] Turtle is changed in the script. Check loginfo for details on uuid: 025e16b9-8ff4-402f-b4a5-bffb5164141d
2026-08-01 17:44:41,398 [INFO] STARTING WITH UUID: 0261d352-be88-4dbe-be35-34470b646189
2026-08-01 17:44:41,473 [INFO] Concept vocabulair and description: Steenvoetsteeg zuidzij van de Houtuijnen naar de Breestraat, Wijk 15, Verpondingsnr 5373 added for row: 0261d352-be88-4dbe-be35-34470b646189
2026-08-01 17:44:41,474 [INFO] UUID: 0261d352-be88-4dbe-be35-34470b646189
2026-08-01 17:44:41,474 [INFO] Migrated location description to new Bnode for uuid: 0261d352-be88-4dbe-be35-34470b646189 and description: Steenvoetsteeg zuidzij van de Houtuijnen naar de Breestraat, Wijk 15, Verpondingsnr 5373.
2026-08-01 17:44:41,598 [INFO] Turtle succesfully updated for row: 0261d352-be88-4dbe-be35-34470b646189
2026-08-01 17:44:41,598 [INFO] Turtle is changed in the script. Check loginfo for details on uuid: 0261d352-be88-4dbe-be35-34470b646189
2026-08-01 17:44:41,599 [INFO] STARTING WITH UUID: 02624a39-c8f5-4e9c-a583-03bb76eebae5
2026-08-01 17:44:41,669 [INFO] Concept vocabulair and description: Wijk 27, Verpondingsnr 4128 added for row: 02624a39-c8f5-4e9c-a583-03bb76eebae5
2026-08-01 17:44:41,669 [INFO] UUID: 02624a39-c8f5-4e9c-a583-03bb76eebae5
2026-08-01 17:44:41,669 [INFO] Migrated location description to new Bnode for uuid: 02624a39-c8f5-4e9c-a583-03bb76eebae5 and description: Wijk 27, Verpondingsnr 4128.
2026-08-01 17:44:41,761 [INFO] Turtle succesfully updated for row: 02624a39-c8f5-4e9c-a583-03bb76eebae5
2026-08-01 17:44:41,761 [INFO] Turtle is changed in the script. Check loginfo for details on uuid: 02624a39-c8f5-4e9c-a583-03bb76eebae5
2026-08-01 17:44:41,761 [INFO] STARTING WITH UUID: 02636ab9-118b-4534-93f4-9d7e43b50afb
2026-08-01 17:44:41,839 [INFO] Concept vocabulair and description: Wijk 25, Verpondingsnr 3097 added for row: 02636ab9-118b-4534-93f4-9d7e43b50afb
2026-08-01 17:44:41,839 [INFO] UUID: 02636ab9-118b-4534-93f4-9d7e43b50afb
2026-08-01 17:44:41,839 [INFO] Migrated location description to new Bnode for uuid: 02636ab9-118b-4534-93f4-9d7e43b50afb and description: Wijk 25, Verpondingsnr 3097.
2026-08-01 17:44:41,939 [INFO] Turtle succesfully updated for row: 02636ab9-118b-4534-93f4-9d7e43b50afb
2026-08-01 17:44:41,939 [INFO] Turtle is changed in the script. Check loginfo for details on uuid: 02636ab9-118b-4534-93f4-9d7e43b50afb
2026-08-01 17:44:41,940 [INFO] STARTING WITH UUID: 02652301-930d-4a3b-a1e2-8ecc3fc0651e
2026-08-01 17:44:42,024 [INFO] Concept vocabulair and description: Wijk 60, Verpondingsnr 5981 added for row: 02652301-930d-4a3b-a1e2-8ecc3fc0651e
2026-08-01 17:44:42,024 [INFO] UUID: 02652301-930d-4a3b-a1e2-8ecc3fc0651e
2026-08-01 17:44:42,024 [INFO] Migrated location description to new Bnode for uuid: 02652301-930d-4a3b-a1e2-8ecc3fc0651e and description: Wijk 60, Verpondingsnr 5981.
2026-08-01 17:44:42,169 [INFO] Turtle succesfully updated for row: 02652301-930d-4a3b-a1e2-8ecc3fc0651e
2026-08-01 17:44:42,170 [INFO] Turtle is changed in the script. Check loginfo for details on uuid: 02652301-930d-4a3b-a1e2-8ecc3fc0651e
2026-08-01 17:44:42,170 [INFO] STARTING WITH UUID: 0265d872-9f33-4cea-ad48-61230db95283
2026-08-01 17:44:42,245 [INFO] Concept vocabulair and description: Binnekant van ‘t Nieuwe Waale eijland agter de hoek van de Haekmarkt, Wijk 11, Verpondingsnr 3122 added for row: 0265d872-9f33-4cea-ad48-61230db95283
2026-08-01 17:44:42,245 [INFO] UUID: 0265d872-9f33-4cea-ad48-61230db95283
2026-08-01 17:44:42,245 [INFO] Migrated location description to new Bnode for uuid: 0265d872-9f33-4cea-ad48-61230db95283 and description: Binnekant van ‘t Nieuwe Waale eijland agter de hoek van de Haekmarkt, Wijk 11, Verpondingsnr 3122.
2026-08-01 17:44:42,361 [INFO] Turtle succesfully updated for row: 0265d872-9f33-4cea-ad48-61230db95283
2026-08-01 17:44:42,361 [INFO] Turtle is changed in the script. Check loginfo for details on uuid: 0265d872-9f33-4cea-ad48-61230db95283
2026-08-01 17:44:42,361 [INFO] STARTING WITH UUID: 026b7389-aae5-4501-90cd-04083b23e8b1
2026-08-01 17:44:42,428 [INFO] Concept vocabulair and description: Wijk 40, Verpondingsnr 2091 added for row: 026b7389-aae5-4501-90cd-04083b23e8b1
2026-08-01 17:44:42,428 [INFO] UUID: 026b7389-aae5-4501-90cd-04083b23e8b1
2026-08-01 17:44:42,428 [INFO] Migrated location description to new Bnode for uuid: 026b7389-aae5-4501-90cd-04083b23e8b1 and description: Wijk 40, Verpondingsnr 2091.
2026-08-01 17:44:42,571 [INFO] Turtle succesfully updated for row: 026b7389-aae5-4501-90cd-04083b23e8b1
2026-08-01 17:44:42,572 [INFO] Turtle is changed in the script. Check loginfo for details on uuid: 026b7389-aae5-4501-90cd-04083b23e8b1
2026-08-01 17:44:42,572 [INFO] STARTING WITH UUID: 026f60d8-3627-40cc-a37b-b025f00d2831
2026-08-01 17:44:42,650 [INFO] Concept vocabulair and description: Steenvoetsteeg zuidzij van de Houtuijnen naar de Breestraat, Wijk 15, Verpondingsnr 5594 added for row: 026f60d8-3627-40cc-a37b-b025f00d2831
2026-08-01 17:44:42,650 [INFO] UUID: 026f60d8-3627-40cc-a37b-b025f00d2831
2026-08-01 17:44:42,650 [INFO] Migrated location description to new Bnode for uuid: 026f60d8-3627-40cc-a37b-b025f00d2831 and description: Steenvoetsteeg zuidzij van de Houtuijnen naar de Breestraat, Wijk 15, Verpondingsnr 5594.
2026-08-01 17:44:42,758 [INFO] Turtle succesfully updated for row: 026f60d8-3627-40cc-a37b-b025f00d2831
2026-08-01 17:44:42,758 [INFO] Turtle is changed in the script. Check loginfo for details on uuid: 026f60d8-3627-40cc-a37b-b025f00d2831
2026-08-01 17:44:42,759 [INFO] STARTING WITH UUID: 0270aa4f-8181-452f-b9aa-f074c9b1303e
2026-08-01 17:44:42,832 [INFO] Concept vocabulair and description: Wijk 36, Verpondingsnr 533 added for row: 0270aa4f-8181-452f-b9aa-f074c9b1303e
2026-08-01 17:44:42,832 [INFO] UUID: 0270aa4f-8181-452f-b9aa-f074c9b1303e
2026-08-01 17:44:42,833 [INFO] Migrated location description to new Bnode for uuid: 0270aa4f-8181-452f-b9aa-f074c9b1303e and description: Wijk 36, Verpondingsnr 533.
2026-08-01 17:44:42,974 [INFO] Turtle succesfully updated for row: 0270aa4f-8181-452f-b9aa-f074c9b1303e
2026-08-01 17:44:42,974 [INFO] Turtle is changed in the script. Check loginfo for details on uuid: 0270aa4f-8181-452f-b9aa-f074c9b1303e
2026-08-01 17:44:42,974 [INFO] STARTING WITH UUID: 0270cf3d-4e10-4cd3-a940-2d59de346888
2026-08-01 17:44:43,047 [INFO] Concept vocabulair and description: Wijk 52, Verpondingsnr 1408-2 added for row: 0270cf3d-4e10-4cd3-a940-2d59de346888
2026-08-01 17:44:43,047 [INFO] UUID: 0270cf3d-4e10-4cd3-a940-2d59de346888
2026-08-01 17:44:43,047 [INFO] Migrated location description to new Bnode for uuid: 0270cf3d-4e10-4cd3-a940-2d59de346888 and description: Wijk 52, Verpondingsnr 1408-2.
2026-08-01 17:44:43,170 [INFO] Turtle succesfully updated for row: 0270cf3d-4e10-4cd3-a940-2d59de346888
2026-08-01 17:44:43,170 [INFO] Turtle is changed in the script. Check loginfo for details on uuid: 0270cf3d-4e10-4cd3-a940-2d59de346888
2026-08-01 17:44:43,170 [INFO] STARTING WITH UUID: 0271e4af-44c6-4908-b524-390302d24e45
2026-08-01 17:44:43,251 [INFO] Concept vocabulair and description: Wijk 41, Verpondingsnr 2284 added for row: 0271e4af-44c6-4908-b524-390302d24e45
2026-08-01 17:44:43,251 [INFO] UUID: 0271e4af-44c6-4908-b524-390302d24e45
2026-08-01 17:44:43,251 [INFO] Migrated location description to new Bnode for uuid: 0271e4af-44c6-4908-b524-390302d24e45 and description: Wijk 41, Verpondingsnr 2284.
2026-08-01 17:44:43,370 [INFO] Turtle succesfully updated for row: 0271e4af-44c6-4908-b524-390302d24e45
2026-08-01 17:44:43,370 [INFO] Turtle is changed in the script. Check loginfo for details on uuid: 0271e4af-44c6-4908-b524-390302d24e45
2026-08-01 17:44:43,370 [INFO] STARTING WITH UUID: 0272f656-bbee-48c9-8e04-b155135ff9b0
2026-08-01 17:44:43,468 [INFO] Concept vocabulair and description: Beginnende met de Jonkerstraat, Wijk 12, Verpondingsnr 3497 added for row: 0272f656-bbee-48c9-8e04-b155135ff9b0
2026-08-01 17:44:43,468 [INFO] UUID: 0272f656-bbee-48c9-8e04-b155135ff9b0
2026-08-01 17:44:43,468 [INFO] Migrated location description to new Bnode for uuid: 0272f656-bbee-48c9-8e04-b155135ff9b0 and description: Beginnende met de Jonkerstraat, Wijk 12, Verpondingsnr 3497.
2026-08-01 17:44:43,590 [INFO] Turtle succesfully updated for row: 0272f656-bbee-48c9-8e04-b155135ff9b0
2026-08-01 17:44:43,590 [INFO] Turtle is changed in the script. Check loginfo for details on uuid: 0272f656-bbee-48c9-8e04-b155135ff9b0
2026-08-01 17:44:43,590 [INFO] STARTING WITH UUID: 027471d8-edaf-4fdb-b26b-106faaf03a0c
2026-08-01 17:44:43,669 [INFO] Concept vocabulair and description: Binnekant van ‘t Nieuwe Waale eijland agter de hoek van de Haekmarkt, Wijk 11, Verpondingsnr 2974 added for row: 027471d8-edaf-4fdb-b26b-106faaf03a0c
2026-08-01 17:44:43,670 [INFO] UUID: 027471d8-edaf-4fdb-b26b-106faaf03a0c
2026-08-01 17:44:43,670 [INFO] Migrated location description to new Bnode for uuid: 027471d8-edaf-4fdb-b26b-106faaf03a0c and description: Binnekant van ‘t Nieuwe Waale eijland agter de hoek van de Haekmarkt, Wijk 11, Verpondingsnr 2974.
2026-08-01 17:44:43,771 [INFO] Turtle succesfully updated for row: 027471d8-edaf-4fdb-b26b-106faaf03a0c
2026-08-01 17:44:43,771 [INFO] Turtle is changed in the script. Check loginfo for details on uuid: 027471d8-edaf-4fdb-b26b-106faaf03a0c
2026-08-01 17:44:43,771 [INFO] STARTING WITH UUID: 02748984-25b9-4271-afdc-9a12793965e6
2026-08-01 17:44:43,863 [INFO] Concept vocabulair and description: Beginnende op de hoek van de Raamgracht en Groene Burgwal, Wijk 14, Verpondingsnr 4658 added for row: 02748984-25b9-4271-afdc-9a12793965e6
2026-08-01 17:44:43,863 [INFO] UUID: 02748984-25b9-4271-afdc-9a12793965e6
2026-08-01 17:44:43,863 [INFO] Migrated location description to new Bnode for uuid: 02748984-25b9-4271-afdc-9a12793965e6 and description: Beginnende op de hoek van de Raamgracht en Groene Burgwal, Wijk 14, Verpondingsnr 4658.
2026-08-01 17:44:43,974 [INFO] Turtle succesfully updated for row: 02748984-25b9-4271-afdc-9a12793965e6
2026-08-01 17:44:43,974 [INFO] Turtle is changed in the script. Check loginfo for details on uuid: 02748984-25b9-4271-afdc-9a12793965e6
2026-08-01 17:44:43,974 [INFO] STARTING WITH UUID: 027503f9-5405-4135-b0aa-413d5925723e
2026-08-01 17:44:44,044 [INFO] Concept vocabulair and description: Wijk 58, Verpondingsnr 4782 added for row: 027503f9-5405-4135-b0aa-413d5925723e
2026-08-01 17:44:44,044 [INFO] UUID: 027503f9-5405-4135-b0aa-413d5925723e
2026-08-01 17:44:44,045 [INFO] Migrated location description to new Bnode for uuid: 027503f9-5405-4135-b0aa-413d5925723e and description: Wijk 58, Verpondingsnr 4782.
2026-08-01 17:44:44,187 [INFO] Turtle succesfully updated for row: 027503f9-5405-4135-b0aa-413d5925723e
2026-08-01 17:44:44,187 [INFO] Turtle is changed in the script. Check loginfo for details on uuid: 027503f9-5405-4135-b0aa-413d5925723e
2026-08-01 17:44:44,188 [INFO] STARTING WITH UUID: 027733e5-185a-4f3d-afd3-19fe624c859a
2026-08-01 17:44:44,274 [INFO] Concept vocabulair and description: Steenvoetsteeg zuidzij van de Houtuijnen naar de Breestraat, Wijk 15, Verpondingsnr 6057-18 added for row: 027733e5-185a-4f3d-afd3-19fe624c859a
2026-08-01 17:44:44,274 [INFO] UUID: 027733e5-185a-4f3d-afd3-19fe624c859a
2026-08-01 17:44:44,274 [INFO] Migrated location description to new Bnode for uuid: 027733e5-185a-4f3d-afd3-19fe624c859a and description: Steenvoetsteeg zuidzij van de Houtuijnen naar de Breestraat, Wijk 15, Verpondingsnr 6057-18.
2026-08-01 17:44:44,371 [INFO] Turtle succesfully updated for row: 027733e5-185a-4f3d-afd3-19fe624c859a
2026-08-01 17:44:44,371 [INFO] Turtle is changed in the script. Check loginfo for details on uuid: 027733e5-185a-4f3d-afd3-19fe624c859a
2026-08-01 17:44:44,371 [INFO] STARTING WITH UUID: 0277c9dc-acdc-4588-96d4-d11efdd49906
2026-08-01 17:44:44,496 [INFO] Concept vocabulair and description: Wijk 34, Verpondingsnr 6233 added for row: 0277c9dc-acdc-4588-96d4-d11efdd49906
2026-08-01 17:44:44,496 [INFO] UUID: 0277c9dc-acdc-4588-96d4-d11efdd49906
2026-08-01 17:44:44,496 [INFO] Migrated location description to new Bnode for uuid: 0277c9dc-acdc-4588-96d4-d11efdd49906 and description: Wijk 34, Verpondingsnr 6233.
2026-08-01 17:44:44,633 [INFO] Turtle succesfully updated for row: 0277c9dc-acdc-4588-96d4-d11efdd49906
2026-08-01 17:44:44,633 [INFO] Turtle is changed in the script. Check loginfo for details on uuid: 0277c9dc-acdc-4588-96d4-d11efdd49906
2026-08-01 17:44:44,633 [INFO] STARTING WITH UUID: 027924dc-215e-4e1e-9590-1f4b121ed046
2026-08-01 17:44:44,705 [INFO] Concept vocabulair and description: Steenvoetsteeg zuidzij van de Houtuijnen naar de Breestraat, Wijk 15, Verpondingsnr 6691 added for row: 027924dc-215e-4e1e-9590-1f4b121ed046
2026-08-01 17:44:44,706 [INFO] UUID: 027924dc-215e-4e1e-9590-1f4b121ed046
2026-08-01 17:44:44,706 [INFO] Migrated location description to new Bnode for uuid: 027924dc-215e-4e1e-9590-1f4b121ed046 and description: Steenvoetsteeg zuidzij van de Houtuijnen naar de Breestraat, Wijk 15, Verpondingsnr 6691.
2026-08-01 17:44:44,807 [INFO] Turtle succesfully updated for row: 027924dc-215e-4e1e-9590-1f4b121ed046
2026-08-01 17:44:44,807 [INFO] Turtle is changed in the script. Check loginfo for details on uuid: 027924dc-215e-4e1e-9590-1f4b121ed046
2026-08-01 17:44:44,807 [INFO] STARTING WITH UUID: 027b46f4-08a8-4450-803c-67a7ce3bdff0
2026-08-01 17:44:44,867 [INFO] Concept vocabulair and description: Wijk 53, Verpondingsnr 1905 added for row: 027b46f4-08a8-4450-803c-67a7ce3bdff0
2026-08-01 17:44:44,867 [INFO] UUID: 027b46f4-08a8-4450-803c-67a7ce3bdff0
2026-08-01 17:44:44,867 [INFO] Migrated location description to new Bnode for uuid: 027b46f4-08a8-4450-803c-67a7ce3bdff0 and description: Wijk 53, Verpondingsnr 1905.
2026-08-01 17:44:44,957 [INFO] Turtle succesfully updated for row: 027b46f4-08a8-4450-803c-67a7ce3bdff0
2026-08-01 17:44:44,957 [INFO] Turtle is changed in the script. Check loginfo for details on uuid: 027b46f4-08a8-4450-803c-67a7ce3bdff0
2026-08-01 17:44:44,957 [INFO] STARTING WITH UUID: 027c0375-8f1d-433e-8d8e-e75aca7a8e56
2026-08-01 17:44:45,038 [INFO] Concept vocabulair and description: Wijk 28, Verpondingsnr 4458 added for row: 027c0375-8f1d-433e-8d8e-e75aca7a8e56
2026-08-01 17:44:45,038 [INFO] UUID: 027c0375-8f1d-433e-8d8e-e75aca7a8e56
2026-08-01 17:44:45,038 [INFO] Migrated location description to new Bnode for uuid: 027c0375-8f1d-433e-8d8e-e75aca7a8e56 and description: Wijk 28, Verpondingsnr 4458.
2026-08-01 17:44:45,173 [INFO] Turtle succesfully updated for row: 027c0375-8f1d-433e-8d8e-e75aca7a8e56
2026-08-01 17:44:45,173 [INFO] Turtle is changed in the script. Check loginfo for details on uuid: 027c0375-8f1d-433e-8d8e-e75aca7a8e56
2026-08-01 17:44:45,173 [INFO] STARTING WITH UUID: 027dcd0d-2742-47c8-84a3-c8ab6fbc2b92
2026-08-01 17:44:45,251 [INFO] Concept vocabulair and description: Wijk 17, Verpondingsnr 1375 added for row: 027dcd0d-2742-47c8-84a3-c8ab6fbc2b92
2026-08-01 17:44:45,251 [INFO] UUID: 027dcd0d-2742-47c8-84a3-c8ab6fbc2b92
2026-08-01 17:44:45,251 [INFO] Migrated location description to new Bnode for uuid: 027dcd0d-2742-47c8-84a3-c8ab6fbc2b92 and description: Wijk 17, Verpondingsnr 1375.
2026-08-01 17:44:45,382 [INFO] Turtle succesfully updated for row: 027dcd0d-2742-47c8-84a3-c8ab6fbc2b92
2026-08-01 17:44:45,382 [INFO] Turtle is changed in the script. Check loginfo for details on uuid: 027dcd0d-2742-47c8-84a3-c8ab6fbc2b92
2026-08-01 17:44:45,383 [INFO] STARTING WITH UUID: 0280e756-f142-4cca-8e1b-ea111eaa3894
2026-08-01 17:44:45,474 [INFO] Concept vocabulair and description: Benningspad added for row: 0280e756-f142-4cca-8e1b-ea111eaa3894
2026-08-01 17:44:45,474 [INFO] UUID: 0280e756-f142-4cca-8e1b-ea111eaa3894
2026-08-01 17:44:45,474 [INFO] Migrated location description to new Bnode for uuid: 0280e756-f142-4cca-8e1b-ea111eaa3894 and description: Benningspad.
2026-08-01 17:44:45,585 [INFO] Turtle succesfully updated for row: 0280e756-f142-4cca-8e1b-ea111eaa3894
2026-08-01 17:44:45,585 [INFO] Turtle is changed in the script. Check loginfo for details on uuid: 0280e756-f142-4cca-8e1b-ea111eaa3894
2026-08-01 17:44:45,585 [INFO] STARTING WITH UUID: 02813526-9a8e-465b-bc1c-ecfd873ca15e
2026-08-01 17:44:45,678 [INFO] Concept vocabulair and description: Wijk 40, Verpondingsnr 2104 added for row: 02813526-9a8e-465b-bc1c-ecfd873ca15e
2026-08-01 17:44:45,678 [INFO] UUID: 02813526-9a8e-465b-bc1c-ecfd873ca15e
2026-08-01 17:44:45,678 [INFO] Migrated location description to new Bnode for uuid: 02813526-9a8e-465b-bc1c-ecfd873ca15e and description: Wijk 40, Verpondingsnr 2104.
2026-08-01 17:44:45,793 [INFO] Turtle succesfully updated for row: 02813526-9a8e-465b-bc1c-ecfd873ca15e
2026-08-01 17:44:45,793 [INFO] Turtle is changed in the script. Check loginfo for details on uuid: 02813526-9a8e-465b-bc1c-ecfd873ca15e
2026-08-01 17:44:45,794 [INFO] STARTING WITH UUID: 0282c708-e277-4935-be8e-f65e65e73615
2026-08-01 17:44:45,880 [INFO] Concept vocabulair and description: Molenpad added for row: 0282c708-e277-4935-be8e-f65e65e73615
2026-08-01 17:44:45,880 [INFO] UUID: 0282c708-e277-4935-be8e-f65e65e73615
2026-08-01 17:44:45,880 [INFO] Migrated location description to new Bnode for uuid: 0282c708-e277-4935-be8e-f65e65e73615 and description: Molenpad.
2026-08-01 17:44:46,006 [INFO] Turtle succesfully updated for row: 0282c708-e277-4935-be8e-f65e65e73615
2026-08-01 17:44:46,006 [INFO] Turtle is changed in the script. Check loginfo for details on uuid: 0282c708-e277-4935-be8e-f65e65e73615
2026-08-01 17:44:46,006 [INFO] STARTING WITH UUID: 0284c9a9-a7e9-431e-919b-7e7a6d4ef62c
2026-08-01 17:44:46,090 [INFO] Concept vocabulair and description: Wijk 29, Verpondingsnr 4909 added for row: 0284c9a9-a7e9-431e-919b-7e7a6d4ef62c
2026-08-01 17:44:46,090 [INFO] UUID: 0284c9a9-a7e9-431e-919b-7e7a6d4ef62c
2026-08-01 17:44:46,090 [INFO] Migrated location description to new Bnode for uuid: 0284c9a9-a7e9-431e-919b-7e7a6d4ef62c and description: Wijk 29, Verpondingsnr 4909.
2026-08-01 17:44:46,255 [INFO] Turtle succesfully updated for row: 0284c9a9-a7e9-431e-919b-7e7a6d4ef62c
2026-08-01 17:44:46,255 [INFO] Turtle is changed in the script. Check loginfo for details on uuid: 0284c9a9-a7e9-431e-919b-7e7a6d4ef62c
2026-08-01 17:44:46,256 [INFO] STARTING WITH UUID: 028a0c91-7454-4418-b6fa-f178197f2a6c
2026-08-01 17:44:46,341 [INFO] Concept vocabulair and description: Wijk 58, Verpondingsnr 4499 added for row: 028a0c91-7454-4418-b6fa-f178197f2a6c
2026-08-01 17:44:46,342 [INFO] UUID: 028a0c91-7454-4418-b6fa-f178197f2a6c
2026-08-01 17:44:46,342 [INFO] Migrated location description to new Bnode for uuid: 028a0c91-7454-4418-b6fa-f178197f2a6c and description: Wijk 58, Verpondingsnr 4499.
2026-08-01 17:44:46,467 [INFO] Turtle succesfully updated for row: 028a0c91-7454-4418-b6fa-f178197f2a6c
2026-08-01 17:44:46,467 [INFO] Turtle is changed in the script. Check loginfo for details on uuid: 028a0c91-7454-4418-b6fa-f178197f2a6c
2026-08-01 17:44:46,468 [INFO] STARTING WITH UUID: 028a8c3d-8227-45fd-801d-27571e9ab257
2026-08-01 17:44:46,549 [INFO] Concept vocabulair and description: Steenvoetsteeg zuidzij van de Houtuijnen naar de Breestraat, Wijk 15, Verpondingsnr 5298 added for row: 028a8c3d-8227-45fd-801d-27571e9ab257
2026-08-01 17:44:46,549 [INFO] UUID: 028a8c3d-8227-45fd-801d-27571e9ab257
2026-08-01 17:44:46,549 [INFO] Migrated location description to new Bnode for uuid: 028a8c3d-8227-45fd-801d-27571e9ab257 and description: Steenvoetsteeg zuidzij van de Houtuijnen naar de Breestraat, Wijk 15, Verpondingsnr 5298.
2026-08-01 17:44:46,652 [INFO] Turtle succesfully updated for row: 028a8c3d-8227-45fd-801d-27571e9ab257
2026-08-01 17:44:46,652 [INFO] Turtle is changed in the script. Check loginfo for details on uuid: 028a8c3d-8227-45fd-801d-27571e9ab257
2026-08-01 17:44:46,652 [INFO] STARTING WITH UUID: 028ac858-9843-4ab4-b865-dc386e694bad
2026-08-01 17:44:46,754 [INFO] Concept vocabulair and description: Wijk 32, Verpondingsnr 5593 added for row: 028ac858-9843-4ab4-b865-dc386e694bad
2026-08-01 17:44:46,754 [INFO] UUID: 028ac858-9843-4ab4-b865-dc386e694bad
2026-08-01 17:44:46,754 [INFO] Migrated location description to new Bnode for uuid: 028ac858-9843-4ab4-b865-dc386e694bad and description: Wijk 32, Verpondingsnr 5593.
2026-08-01 17:44:46,862 [INFO] Turtle succesfully updated for row: 028ac858-9843-4ab4-b865-dc386e694bad
2026-08-01 17:44:46,862 [INFO] Turtle is changed in the script. Check loginfo for details on uuid: 028ac858-9843-4ab4-b865-dc386e694bad
2026-08-01 17:44:46,863 [INFO] STARTING WITH UUID: 028bb952-5f61-43b9-9514-fa3d19b5552a
2026-08-01 17:44:46,946 [INFO] Concept vocabulair and description: Beginnende op de hoek van de Raamgracht en Groene Burgwal, Wijk 14, Verpondingsnr 4484 added for row: 028bb952-5f61-43b9-9514-fa3d19b5552a
2026-08-01 17:44:46,946 [INFO] UUID: 028bb952-5f61-43b9-9514-fa3d19b5552a
2026-08-01 17:44:46,946 [INFO] Migrated location description to new Bnode for uuid: 028bb952-5f61-43b9-9514-fa3d19b5552a and description: Beginnende op de hoek van de Raamgracht en Groene Burgwal, Wijk 14, Verpondingsnr 4484.
2026-08-01 17:44:47,055 [INFO] Turtle succesfully updated for row: 028bb952-5f61-43b9-9514-fa3d19b5552a
2026-08-01 17:44:47,055 [INFO] Turtle is changed in the script. Check loginfo for details on uuid: 028bb952-5f61-43b9-9514-fa3d19b5552a
2026-08-01 17:44:47,055 [INFO] STARTING WITH UUID: 028d40f3-c238-4692-94c1-73f43c81c533
2026-08-01 17:44:47,126 [INFO] Concept vocabulair and description: Wijk 60, Verpondingsnr 5905-2 added for row: 028d40f3-c238-4692-94c1-73f43c81c533
2026-08-01 17:44:47,126 [INFO] UUID: 028d40f3-c238-4692-94c1-73f43c81c533
2026-08-01 17:44:47,126 [INFO] Migrated location description to new Bnode for uuid: 028d40f3-c238-4692-94c1-73f43c81c533 and description: Wijk 60, Verpondingsnr 5905-2.
2026-08-01 17:44:47,227 [INFO] Turtle succesfully updated for row: 028d40f3-c238-4692-94c1-73f43c81c533
2026-08-01 17:44:47,227 [INFO] Turtle is changed in the script. Check loginfo for details on uuid: 028d40f3-c238-4692-94c1-73f43c81c533
2026-08-01 17:44:47,227 [INFO] STARTING WITH UUID: 028f5009-8f96-47b6-990d-2081122a1d6a
2026-08-01 17:44:47,348 [INFO] Concept vocabulair and description: Beginnende op de hoek van de Raamgracht en Groene Burgwal, Wijk 14, Verpondingsnr 4574 added for row: 028f5009-8f96-47b6-990d-2081122a1d6a
2026-08-01 17:44:47,349 [INFO] UUID: 028f5009-8f96-47b6-990d-2081122a1d6a
2026-08-01 17:44:47,349 [INFO] Migrated location description to new Bnode for uuid: 028f5009-8f96-47b6-990d-2081122a1d6a and description: Beginnende op de hoek van de Raamgracht en Groene Burgwal, Wijk 14, Verpondingsnr 4574.
2026-08-01 17:44:47,430 [INFO] Turtle succesfully updated for row: 028f5009-8f96-47b6-990d-2081122a1d6a
2026-08-01 17:44:47,430 [INFO] Turtle is changed in the script. Check loginfo for details on uuid: 028f5009-8f96-47b6-990d-2081122a1d6a
2026-08-01 17:44:47,431 [INFO] STARTING WITH UUID: 028f5939-7f73-4575-86ee-3c32172a55e3
2026-08-01 17:44:47,506 [INFO] Concept vocabulair and description: Wijk 34, Verpondingsnr 6667 added for row: 028f5939-7f73-4575-86ee-3c32172a55e3
2026-08-01 17:44:47,507 [INFO] UUID: 028f5939-7f73-4575-86ee-3c32172a55e3
2026-08-01 17:44:47,507 [INFO] Migrated location description to new Bnode for uuid: 028f5939-7f73-4575-86ee-3c32172a55e3 and description: Wijk 34, Verpondingsnr 6667.
2026-08-01 17:44:47,598 [INFO] Turtle succesfully updated for row: 028f5939-7f73-4575-86ee-3c32172a55e3
2026-08-01 17:44:47,599 [INFO] Turtle is changed in the script. Check loginfo for details on uuid: 028f5939-7f73-4575-86ee-3c32172a55e3
2026-08-01 17:44:47,599 [INFO] STARTING WITH UUID: 028faebc-b35f-4825-932d-5d079055888b
2026-08-01 17:44:47,671 [INFO] Concept vocabulair and description: Wijk 57, Verpondingsnr 3923 added for row: 028faebc-b35f-4825-932d-5d079055888b
2026-08-01 17:44:47,671 [INFO] UUID: 028faebc-b35f-4825-932d-5d079055888b
2026-08-01 17:44:47,671 [INFO] Migrated location description to new Bnode for uuid: 028faebc-b35f-4825-932d-5d079055888b and description: Wijk 57, Verpondingsnr 3923.
2026-08-01 17:44:47,764 [INFO] Turtle succesfully updated for row: 028faebc-b35f-4825-932d-5d079055888b
2026-08-01 17:44:47,764 [INFO] Turtle is changed in the script. Check loginfo for details on uuid: 028faebc-b35f-4825-932d-5d079055888b
2026-08-01 17:44:47,764 [INFO] STARTING WITH UUID: 029090c1-8984-4eb6-af98-4983b5a3a709
2026-08-01 17:44:47,839 [INFO] Concept vocabulair and description: Wijk 53, Verpondingsnr 1844 added for row: 029090c1-8984-4eb6-af98-4983b5a3a709
2026-08-01 17:44:47,839 [INFO] UUID: 029090c1-8984-4eb6-af98-4983b5a3a709
2026-08-01 17:44:47,839 [INFO] Migrated location description to new Bnode for uuid: 029090c1-8984-4eb6-af98-4983b5a3a709 and description: Wijk 53, Verpondingsnr 1844.
2026-08-01 17:44:47,958 [INFO] Turtle succesfully updated for row: 029090c1-8984-4eb6-af98-4983b5a3a709
2026-08-01 17:44:47,959 [INFO] Turtle is changed in the script. Check loginfo for details on uuid: 029090c1-8984-4eb6-af98-4983b5a3a709
2026-08-01 17:44:47,959 [INFO] STARTING WITH UUID: 0290b25b-7fc9-481b-85e0-4f2249123aa5
2026-08-01 17:44:48,025 [INFO] Concept vocabulair and description: Blomgracht op de hoek van de Eerste Dwarsstraat, Wijk 43, Verpondingsnr 2913 added for row: 0290b25b-7fc9-481b-85e0-4f2249123aa5
2026-08-01 17:44:48,025 [INFO] UUID: 0290b25b-7fc9-481b-85e0-4f2249123aa5
2026-08-01 17:44:48,029 [INFO] Migrated location description to new Bnode for uuid: 0290b25b-7fc9-481b-85e0-4f2249123aa5 and description: Blomgracht op de hoek van de Eerste Dwarsstraat, Wijk 43, Verpondingsnr 2913.
2026-08-01 17:44:48,118 [INFO] Turtle succesfully updated for row: 0290b25b-7fc9-481b-85e0-4f2249123aa5
2026-08-01 17:44:48,118 [INFO] Turtle is changed in the script. Check loginfo for details on uuid: 0290b25b-7fc9-481b-85e0-4f2249123aa5
2026-08-01 17:44:48,118 [INFO] STARTING WITH UUID: 02948236-3b46-4338-a6f9-ac434656e5bc
2026-08-01 17:44:48,191 [INFO] Concept vocabulair and description: Wijk 58, Verpondingsnr 5094 added for row: 02948236-3b46-4338-a6f9-ac434656e5bc
2026-08-01 17:44:48,192 [INFO] UUID: 02948236-3b46-4338-a6f9-ac434656e5bc
2026-08-01 17:44:48,192 [INFO] Migrated location description to new Bnode for uuid: 02948236-3b46-4338-a6f9-ac434656e5bc and description: Wijk 58, Verpondingsnr 5094.
2026-08-01 17:44:48,286 [INFO] Turtle succesfully updated for row: 02948236-3b46-4338-a6f9-ac434656e5bc
2026-08-01 17:44:48,286 [INFO] Turtle is changed in the script. Check loginfo for details on uuid: 02948236-3b46-4338-a6f9-ac434656e5bc
2026-08-01 17:44:48,287 [INFO] STARTING WITH UUID: 02993eb4-2972-4fe2-a760-4626d4030a85
2026-08-01 17:44:48,357 [INFO] Concept vocabulair and description: Oosterse Kaaij, Wijk 16, Verpondingsnr 35-2 added for row: 02993eb4-2972-4fe2-a760-4626d4030a85
2026-08-01 17:44:48,357 [INFO] UUID: 02993eb4-2972-4fe2-a760-4626d4030a85
2026-08-01 17:44:48,357 [INFO] Migrated location description to new Bnode for uuid: 02993eb4-2972-4fe2-a760-4626d4030a85 and description: Oosterse Kaaij, Wijk 16, Verpondingsnr 35-2.
2026-08-01 17:44:48,468 [INFO] Turtle succesfully updated for row: 02993eb4-2972-4fe2-a760-4626d4030a85
2026-08-01 17:44:48,468 [INFO] Turtle is changed in the script. Check loginfo for details on uuid: 02993eb4-2972-4fe2-a760-4626d4030a85
2026-08-01 17:44:48,468 [INFO] STARTING WITH UUID: 02999d9c-9ec1-4918-a8ab-b352dc880bab
2026-08-01 17:44:48,610 [INFO] Concept vocabulair and description: Wijk 42, Verpondingsnr 2762 added for row: 02999d9c-9ec1-4918-a8ab-b352dc880bab
2026-08-01 17:44:48,610 [INFO] UUID: 02999d9c-9ec1-4918-a8ab-b352dc880bab
2026-08-01 17:44:48,610 [INFO] Migrated location description to new Bnode for uuid: 02999d9c-9ec1-4918-a8ab-b352dc880bab and description: Wijk 42, Verpondingsnr 2762.
2026-08-01 17:44:48,739 [INFO] Turtle succesfully updated for row: 02999d9c-9ec1-4918-a8ab-b352dc880bab
2026-08-01 17:44:48,739 [INFO] Turtle is changed in the script. Check loginfo for details on uuid: 02999d9c-9ec1-4918-a8ab-b352dc880bab
2026-08-01 17:44:48,739 [INFO] STARTING WITH UUID: 029c2144-bfec-4c96-ba23-d65bfbf89c1e
2026-08-01 17:44:48,821 [INFO] Concept vocabulair and description: Wijk 39, Verpondingsnr 1623 added for row: 029c2144-bfec-4c96-ba23-d65bfbf89c1e
2026-08-01 17:44:48,821 [INFO] UUID: 029c2144-bfec-4c96-ba23-d65bfbf89c1e
2026-08-01 17:44:48,821 [INFO] Migrated location description to new Bnode for uuid: 029c2144-bfec-4c96-ba23-d65bfbf89c1e and description: Wijk 39, Verpondingsnr 1623.
2026-08-01 17:44:48,985 [INFO] Turtle succesfully updated for row: 029c2144-bfec-4c96-ba23-d65bfbf89c1e
2026-08-01 17:44:48,985 [INFO] Turtle is changed in the script. Check loginfo for details on uuid: 029c2144-bfec-4c96-ba23-d65bfbf89c1e
2026-08-01 17:44:48,986 [INFO] STARTING WITH UUID: 029c21c8-16c7-4242-b13f-f7374b5083cd
2026-08-01 17:44:49,061 [INFO] Concept vocabulair and description: Warmoesstraat aan de Guldehandsteeg, Wijk 1, Verpondingsnr 83 added for row: 029c21c8-16c7-4242-b13f-f7374b5083cd
2026-08-01 17:44:49,061 [INFO] UUID: 029c21c8-16c7-4242-b13f-f7374b5083cd
2026-08-01 17:44:49,062 [INFO] Migrated location description to new Bnode for uuid: 029c21c8-16c7-4242-b13f-f7374b5083cd and description: Warmoesstraat aan de Guldehandsteeg, Wijk 1, Verpondingsnr 83.
2026-08-01 17:44:49,164 [INFO] Turtle succesfully updated for row: 029c21c8-16c7-4242-b13f-f7374b5083cd
2026-08-01 17:44:49,165 [INFO] Turtle is changed in the script. Check loginfo for details on uuid: 029c21c8-16c7-4242-b13f-f7374b5083cd
2026-08-01 17:44:49,165 [INFO] STARTING WITH UUID: 029f1cf1-872b-4fe5-9d1b-58b4754b2d63
2026-08-01 17:44:49,248 [INFO] Concept vocabulair and description: Wijk 18, Verpondingsnr 1429 added for row: 029f1cf1-872b-4fe5-9d1b-58b4754b2d63
2026-08-01 17:44:49,248 [INFO] UUID: 029f1cf1-872b-4fe5-9d1b-58b4754b2d63
2026-08-01 17:44:49,248 [INFO] Migrated location description to new Bnode for uuid: 029f1cf1-872b-4fe5-9d1b-58b4754b2d63 and description: Wijk 18, Verpondingsnr 1429.
2026-08-01 17:44:49,384 [INFO] Turtle succesfully updated for row: 029f1cf1-872b-4fe5-9d1b-58b4754b2d63
2026-08-01 17:44:49,384 [INFO] Turtle is changed in the script. Check loginfo for details on uuid: 029f1cf1-872b-4fe5-9d1b-58b4754b2d63
2026-08-01 17:44:49,384 [INFO] STARTING WITH UUID: 02a06eed-17a9-4898-9b03-e93c311cff45
2026-08-01 17:44:49,458 [INFO] Concept vocabulair and description: Egelantiersgragt van de Derde Dwarsstraat, Wijk 45, Verpondingsnr 3534 added for row: 02a06eed-17a9-4898-9b03-e93c311cff45
2026-08-01 17:44:49,458 [INFO] UUID: 02a06eed-17a9-4898-9b03-e93c311cff45
2026-08-01 17:44:49,458 [INFO] Migrated location description to new Bnode for uuid: 02a06eed-17a9-4898-9b03-e93c311cff45 and description: Egelantiersgragt van de Derde Dwarsstraat, Wijk 45, Verpondingsnr 3534.
2026-08-01 17:44:49,596 [INFO] Turtle succesfully updated for row: 02a06eed-17a9-4898-9b03-e93c311cff45
2026-08-01 17:44:49,596 [INFO] Turtle is changed in the script. Check loginfo for details on uuid: 02a06eed-17a9-4898-9b03-e93c311cff45
2026-08-01 17:44:49,597 [INFO] STARTING WITH UUID: 02a15611-001f-4a6c-81c2-c8bbb80a7e5a
2026-08-01 17:44:49,674 [INFO] Concept vocabulair and description: Steenvoetsteeg zuidzij van de Houtuijnen naar de Breestraat, Wijk 15, Verpondingsnr 5701 added for row: 02a15611-001f-4a6c-81c2-c8bbb80a7e5a
2026-08-01 17:44:49,675 [INFO] UUID: 02a15611-001f-4a6c-81c2-c8bbb80a7e5a
2026-08-01 17:44:49,675 [INFO] Migrated location description to new Bnode for uuid: 02a15611-001f-4a6c-81c2-c8bbb80a7e5a and description: Steenvoetsteeg zuidzij van de Houtuijnen naar de Breestraat, Wijk 15, Verpondingsnr 5701.
2026-08-01 17:44:49,776 [INFO] Turtle succesfully updated for row: 02a15611-001f-4a6c-81c2-c8bbb80a7e5a
2026-08-01 17:44:49,776 [INFO] Turtle is changed in the script. Check loginfo for details on uuid: 02a15611-001f-4a6c-81c2-c8bbb80a7e5a
2026-08-01 17:44:49,776 [INFO] STARTING WITH UUID: 02a21a31-aa25-4d65-8a00-9d6a6e4b5b18
2026-08-01 17:44:49,867 [INFO] Concept vocabulair and description: Wijk 26, Verpondingsnr 3708 added for row: 02a21a31-aa25-4d65-8a00-9d6a6e4b5b18
2026-08-01 17:44:49,867 [INFO] UUID: 02a21a31-aa25-4d65-8a00-9d6a6e4b5b18
2026-08-01 17:44:49,867 [INFO] Migrated location description to new Bnode for uuid: 02a21a31-aa25-4d65-8a00-9d6a6e4b5b18 and description: Wijk 26, Verpondingsnr 3708.
2026-08-01 17:44:49,989 [INFO] Turtle succesfully updated for row: 02a21a31-aa25-4d65-8a00-9d6a6e4b5b18
2026-08-01 17:44:49,989 [INFO] Turtle is changed in the script. Check loginfo for details on uuid: 02a21a31-aa25-4d65-8a00-9d6a6e4b5b18
2026-08-01 17:44:49,989 [INFO] STARTING WITH UUID: 02a87c5e-679f-44d9-82e3-ff5c7d2954da
2026-08-01 17:44:50,069 [INFO] Concept vocabulair and description: Wijk 58, Verpondingsnr 5106 added for row: 02a87c5e-679f-44d9-82e3-ff5c7d2954da
2026-08-01 17:44:50,069 [INFO] UUID: 02a87c5e-679f-44d9-82e3-ff5c7d2954da
2026-08-01 17:44:50,069 [INFO] Migrated location description to new Bnode for uuid: 02a87c5e-679f-44d9-82e3-ff5c7d2954da and description: Wijk 58, Verpondingsnr 5106.
2026-08-01 17:44:50,180 [INFO] Turtle succesfully updated for row: 02a87c5e-679f-44d9-82e3-ff5c7d2954da
2026-08-01 17:44:50,180 [INFO] Turtle is changed in the script. Check loginfo for details on uuid: 02a87c5e-679f-44d9-82e3-ff5c7d2954da
2026-08-01 17:44:50,181 [INFO] STARTING WITH UUID: 02ae3173-701c-4ab5-aba1-4bff678bcede
2026-08-01 17:44:50,272 [INFO] Concept vocabulair and description: Beginnende van de kraan huijs laagsche buitenkant tot de Nieuwe Beentemakernat, Wijk 10, Verpondingsnr 2689 added for row: 02ae3173-701c-4ab5-aba1-4bff678bcede
2026-08-01 17:44:50,273 [INFO] UUID: 02ae3173-701c-4ab5-aba1-4bff678bcede
2026-08-01 17:44:50,273 [INFO] Migrated location description to new Bnode for uuid: 02ae3173-701c-4ab5-aba1-4bff678bcede and description: Beginnende van de kraan huijs laagsche buitenkant tot de Nieuwe Beentemakernat, Wijk 10, Verpondingsnr 2689.
2026-08-01 17:44:50,390 [INFO] Turtle succesfully updated for row: 02ae3173-701c-4ab5-aba1-4bff678bcede
2026-08-01 17:44:50,391 [INFO] Turtle is changed in the script. Check loginfo for details on uuid: 02ae3173-701c-4ab5-aba1-4bff678bcede
2026-08-01 17:44:50,391 [INFO] STARTING WITH UUID: 02b06ad1-bf4a-470e-ba34-925d116f36a8
2026-08-01 17:44:50,455 [INFO] Concept vocabulair and description: Wijk 51, Verpondingsnr 63 added for row: 02b06ad1-bf4a-470e-ba34-925d116f36a8
2026-08-01 17:44:50,456 [INFO] UUID: 02b06ad1-bf4a-470e-ba34-925d116f36a8
2026-08-01 17:44:50,456 [INFO] Migrated location description to new Bnode for uuid: 02b06ad1-bf4a-470e-ba34-925d116f36a8 and description: Wijk 51, Verpondingsnr 63.
2026-08-01 17:44:50,565 [INFO] Turtle succesfully updated for row: 02b06ad1-bf4a-470e-ba34-925d116f36a8
2026-08-01 17:44:50,565 [INFO] Turtle is changed in the script. Check loginfo for details on uuid: 02b06ad1-bf4a-470e-ba34-925d116f36a8
2026-08-01 17:44:50,565 [INFO] STARTING WITH UUID: 02b4dff6-1d76-4f59-917e-4950c92a725d
2026-08-01 17:44:50,635 [INFO] Concept vocabulair and description: Beginnende van de kraan huijs laagsche buitenkant tot de Nieuwe Beentemakernat, Wijk 10, Verpondingsnr 2728 added for row: 02b4dff6-1d76-4f59-917e-4950c92a725d
2026-08-01 17:44:50,635 [INFO] UUID: 02b4dff6-1d76-4f59-917e-4950c92a725d
2026-08-01 17:44:50,635 [INFO] Migrated location description to new Bnode for uuid: 02b4dff6-1d76-4f59-917e-4950c92a725d and description: Beginnende van de kraan huijs laagsche buitenkant tot de Nieuwe Beentemakernat, Wijk 10, Verpondingsnr 2728.
2026-08-01 17:44:50,779 [INFO] Turtle succesfully updated for row: 02b4dff6-1d76-4f59-917e-4950c92a725d
2026-08-01 17:44:50,779 [INFO] Turtle is changed in the script. Check loginfo for details on uuid: 02b4dff6-1d76-4f59-917e-4950c92a725d
2026-08-01 17:44:50,779 [INFO] STARTING WITH UUID: 02b73a1b-7434-4b0e-9c1b-4bc762da4b8f
2026-08-01 17:44:50,863 [INFO] Concept vocabulair and description: Beginnende in de Nieuwe Doelestraat, Wijk 9, Verpondingsnr 2369 added for row: 02b73a1b-7434-4b0e-9c1b-4bc762da4b8f
2026-08-01 17:44:50,863 [INFO] UUID: 02b73a1b-7434-4b0e-9c1b-4bc762da4b8f
2026-08-01 17:44:50,863 [INFO] Migrated location description to new Bnode for uuid: 02b73a1b-7434-4b0e-9c1b-4bc762da4b8f and description: Beginnende in de Nieuwe Doelestraat, Wijk 9, Verpondingsnr 2369.
2026-08-01 17:44:50,998 [INFO] Turtle succesfully updated for row: 02b73a1b-7434-4b0e-9c1b-4bc762da4b8f
2026-08-01 17:44:50,998 [INFO] Turtle is changed in the script. Check loginfo for details on uuid: 02b73a1b-7434-4b0e-9c1b-4bc762da4b8f
2026-08-01 17:44:50,998 [INFO] STARTING WITH UUID: 02ba666f-2940-4f51-86ee-ae60a2bd0681
2026-08-01 17:44:51,069 [INFO] Concept vocabulair and description: Kromme Tuijnstraat, Wijk 48, Verpondingsnr 4931 added for row: 02ba666f-2940-4f51-86ee-ae60a2bd0681
2026-08-01 17:44:51,069 [INFO] UUID: 02ba666f-2940-4f51-86ee-ae60a2bd0681
2026-08-01 17:44:51,069 [INFO] Migrated location description to new Bnode for uuid: 02ba666f-2940-4f51-86ee-ae60a2bd0681 and description: Kromme Tuijnstraat, Wijk 48, Verpondingsnr 4931.
2026-08-01 17:44:51,157 [INFO] Turtle succesfully updated for row: 02ba666f-2940-4f51-86ee-ae60a2bd0681
2026-08-01 17:44:51,157 [INFO] Turtle is changed in the script. Check loginfo for details on uuid: 02ba666f-2940-4f51-86ee-ae60a2bd0681
2026-08-01 17:44:51,158 [INFO] STARTING WITH UUID: 02bb929c-ca3e-4499-93ea-c4992c74b0c7
2026-08-01 17:44:51,238 [INFO] Concept vocabulair and description: Beginnende van de kraan huijs laagsche buitenkant tot de Nieuwe Beentemakernat, Wijk 10, Verpondingsnr 2725 added for row: 02bb929c-ca3e-4499-93ea-c4992c74b0c7
2026-08-01 17:44:51,238 [INFO] UUID: 02bb929c-ca3e-4499-93ea-c4992c74b0c7
2026-08-01 17:44:51,238 [INFO] Migrated location description to new Bnode for uuid: 02bb929c-ca3e-4499-93ea-c4992c74b0c7 and description: Beginnende van de kraan huijs laagsche buitenkant tot de Nieuwe Beentemakernat, Wijk 10, Verpondingsnr 2725.
2026-08-01 17:44:51,344 [INFO] Turtle succesfully updated for row: 02bb929c-ca3e-4499-93ea-c4992c74b0c7
2026-08-01 17:44:51,344 [INFO] Turtle is changed in the script. Check loginfo for details on uuid: 02bb929c-ca3e-4499-93ea-c4992c74b0c7
2026-08-01 17:44:51,345 [INFO] STARTING WITH UUID: 02c17950-b04a-4dc8-9f61-203d0bd49e51
2026-08-01 17:44:51,419 [INFO] Concept vocabulair and description: Wijk 37, Verpondingsnr 1106 added for row: 02c17950-b04a-4dc8-9f61-203d0bd49e51
2026-08-01 17:44:51,419 [INFO] UUID: 02c17950-b04a-4dc8-9f61-203d0bd49e51
2026-08-01 17:44:51,419 [INFO] Migrated location description to new Bnode for uuid: 02c17950-b04a-4dc8-9f61-203d0bd49e51 and description: Wijk 37, Verpondingsnr 1106.
2026-08-01 17:44:51,536 [INFO] Turtle succesfully updated for row: 02c17950-b04a-4dc8-9f61-203d0bd49e51
2026-08-01 17:44:51,536 [INFO] Turtle is changed in the script. Check loginfo for details on uuid: 02c17950-b04a-4dc8-9f61-203d0bd49e51
2026-08-01 17:44:51,537 [INFO] STARTING WITH UUID: 02c3d33a-0def-4335-bdfe-31eb1b004cd4
2026-08-01 17:44:51,608 [INFO] Concept vocabulair and description: Steenvoetsteeg zuidzij van de Houtuijnen naar de Breestraat, Wijk 15, Verpondingsnr 5633 added for row: 02c3d33a-0def-4335-bdfe-31eb1b004cd4
2026-08-01 17:44:51,608 [INFO] UUID: 02c3d33a-0def-4335-bdfe-31eb1b004cd4
2026-08-01 17:44:51,608 [INFO] Migrated location description to new Bnode for uuid: 02c3d33a-0def-4335-bdfe-31eb1b004cd4 and description: Steenvoetsteeg zuidzij van de Houtuijnen naar de Breestraat, Wijk 15, Verpondingsnr 5633.
2026-08-01 17:44:51,718 [INFO] Turtle succesfully updated for row: 02c3d33a-0def-4335-bdfe-31eb1b004cd4
2026-08-01 17:44:51,718 [INFO] Turtle is changed in the script. Check loginfo for details on uuid: 02c3d33a-0def-4335-bdfe-31eb1b004cd4
2026-08-01 17:44:51,718 [INFO] STARTING WITH UUID: 02c8b6f3-df17-475f-848a-b9f906b001e7
2026-08-01 17:44:51,797 [INFO] Concept vocabulair and description: Wijk 54, Verpondingsnr 2206 added for row: 02c8b6f3-df17-475f-848a-b9f906b001e7
2026-08-01 17:44:51,797 [INFO] UUID: 02c8b6f3-df17-475f-848a-b9f906b001e7
2026-08-01 17:44:51,797 [INFO] Migrated location description to new Bnode for uuid: 02c8b6f3-df17-475f-848a-b9f906b001e7 and description: Wijk 54, Verpondingsnr 2206.
2026-08-01 17:44:51,894 [INFO] Turtle succesfully updated for row: 02c8b6f3-df17-475f-848a-b9f906b001e7
2026-08-01 17:44:51,894 [INFO] Turtle is changed in the script. Check loginfo for details on uuid: 02c8b6f3-df17-475f-848a-b9f906b001e7
2026-08-01 17:44:51,894 [INFO] STARTING WITH UUID: 02cc9eee-e405-4836-837a-285d9207e838
2026-08-01 17:44:51,967 [INFO] Concept vocabulair and description: Beginnende van de kraan huijs laagsche buitenkant tot de Nieuwe Beentemakernat, Wijk 10, Verpondingsnr 2580 added for row: 02cc9eee-e405-4836-837a-285d9207e838
2026-08-01 17:44:51,967 [INFO] UUID: 02cc9eee-e405-4836-837a-285d9207e838
2026-08-01 17:44:51,967 [INFO] Migrated location description to new Bnode for uuid: 02cc9eee-e405-4836-837a-285d9207e838 and description: Beginnende van de kraan huijs laagsche buitenkant tot de Nieuwe Beentemakernat, Wijk 10, Verpondingsnr 2580.
2026-08-01 17:44:52,091 [INFO] Turtle succesfully updated for row: 02cc9eee-e405-4836-837a-285d9207e838
2026-08-01 17:44:52,091 [INFO] Turtle is changed in the script. Check loginfo for details on uuid: 02cc9eee-e405-4836-837a-285d9207e838
2026-08-01 17:44:52,091 [INFO] STARTING WITH UUID: 02cf88e2-df25-43bc-bf86-7a30370b8b40
2026-08-01 17:44:52,168 [INFO] Concept vocabulair and description: Derde Dwearsstraat Van de Baangragt, Wijk 45, Verpondingsnr 3684 added for row: 02cf88e2-df25-43bc-bf86-7a30370b8b40
2026-08-01 17:44:52,169 [INFO] UUID: 02cf88e2-df25-43bc-bf86-7a30370b8b40
2026-08-01 17:44:52,169 [INFO] Migrated location description to new Bnode for uuid: 02cf88e2-df25-43bc-bf86-7a30370b8b40 and description: Derde Dwearsstraat Van de Baangragt, Wijk 45, Verpondingsnr 3684.
2026-08-01 17:44:52,317 [INFO] Turtle succesfully updated for row: 02cf88e2-df25-43bc-bf86-7a30370b8b40
2026-08-01 17:44:52,317 [INFO] Turtle is changed in the script. Check loginfo for details on uuid: 02cf88e2-df25-43bc-bf86-7a30370b8b40
2026-08-01 17:44:52,317 [INFO] STARTING WITH UUID: 02d07940-d03d-46b7-9150-a8849ae38df1
2026-08-01 17:44:52,388 [INFO] Concept vocabulair and description: Wijk 52, Verpondingsnr 1518 added for row: 02d07940-d03d-46b7-9150-a8849ae38df1
2026-08-01 17:44:52,388 [INFO] UUID: 02d07940-d03d-46b7-9150-a8849ae38df1
2026-08-01 17:44:52,388 [INFO] Migrated location description to new Bnode for uuid: 02d07940-d03d-46b7-9150-a8849ae38df1 and description: Wijk 52, Verpondingsnr 1518.
2026-08-01 17:44:52,498 [INFO] Turtle succesfully updated for row: 02d07940-d03d-46b7-9150-a8849ae38df1
2026-08-01 17:44:52,498 [INFO] Turtle is changed in the script. Check loginfo for details on uuid: 02d07940-d03d-46b7-9150-a8849ae38df1
2026-08-01 17:44:52,498 [INFO] STARTING WITH UUID: 02dc267b-190f-4c9d-8889-fc7470280aa6
2026-08-01 17:44:52,582 [INFO] Concept vocabulair and description: De andere zijde van de sluijs, Wijk 8, Verpondingsnr 1926 added for row: 02dc267b-190f-4c9d-8889-fc7470280aa6
2026-08-01 17:44:52,582 [INFO] UUID: 02dc267b-190f-4c9d-8889-fc7470280aa6
2026-08-01 17:44:52,582 [INFO] Migrated location description to new Bnode for uuid: 02dc267b-190f-4c9d-8889-fc7470280aa6 and description: De andere zijde van de sluijs, Wijk 8, Verpondingsnr 1926.
2026-08-01 17:44:52,667 [INFO] Turtle succesfully updated for row: 02dc267b-190f-4c9d-8889-fc7470280aa6
2026-08-01 17:44:52,667 [INFO] Turtle is changed in the script. Check loginfo for details on uuid: 02dc267b-190f-4c9d-8889-fc7470280aa6
2026-08-01 17:44:52,668 [INFO] STARTING WITH UUID: 02e4356a-ca83-4a63-aa5a-f4563bb73c38
2026-08-01 17:44:52,735 [INFO] Concept vocabulair and description: Wijk 56, Verpondingsnr 3151 added for row: 02e4356a-ca83-4a63-aa5a-f4563bb73c38
2026-08-01 17:44:52,735 [INFO] UUID: 02e4356a-ca83-4a63-aa5a-f4563bb73c38
2026-08-01 17:44:52,735 [INFO] Migrated location description to new Bnode for uuid: 02e4356a-ca83-4a63-aa5a-f4563bb73c38 and description: Wijk 56, Verpondingsnr 3151.
2026-08-01 17:44:52,822 [INFO] Turtle succesfully updated for row: 02e4356a-ca83-4a63-aa5a-f4563bb73c38
2026-08-01 17:44:52,822 [INFO] Turtle is changed in the script. Check loginfo for details on uuid: 02e4356a-ca83-4a63-aa5a-f4563bb73c38
2026-08-01 17:44:52,822 [INFO] STARTING WITH UUID: 02e446da-822f-4553-9ce1-1cfcf5b7ab9a
2026-08-01 17:44:52,896 [INFO] Concept vocabulair and description: Wijk 34, Verpondingsnr 6588 added for row: 02e446da-822f-4553-9ce1-1cfcf5b7ab9a
2026-08-01 17:44:52,896 [INFO] UUID: 02e446da-822f-4553-9ce1-1cfcf5b7ab9a
2026-08-01 17:44:52,896 [INFO] Migrated location description to new Bnode for uuid: 02e446da-822f-4553-9ce1-1cfcf5b7ab9a and description: Wijk 34, Verpondingsnr 6588.
2026-08-01 17:44:52,999 [INFO] Turtle succesfully updated for row: 02e446da-822f-4553-9ce1-1cfcf5b7ab9a
2026-08-01 17:44:52,999 [INFO] Turtle is changed in the script. Check loginfo for details on uuid: 02e446da-822f-4553-9ce1-1cfcf5b7ab9a
2026-08-01 17:44:52,999 [INFO] STARTING WITH UUID: 02e57079-4691-402d-8b5d-626834d56bc6
2026-08-01 17:44:53,063 [INFO] Concept vocabulair and description: Wijk 58, Verpondingsnr 4967 added for row: 02e57079-4691-402d-8b5d-626834d56bc6
2026-08-01 17:44:53,063 [INFO] UUID: 02e57079-4691-402d-8b5d-626834d56bc6
2026-08-01 17:44:53,067 [INFO] Migrated location description to new Bnode for uuid: 02e57079-4691-402d-8b5d-626834d56bc6 and description: Wijk 58, Verpondingsnr 4967.
2026-08-01 17:44:53,187 [INFO] Turtle succesfully updated for row: 02e57079-4691-402d-8b5d-626834d56bc6
2026-08-01 17:44:53,187 [INFO] Turtle is changed in the script. Check loginfo for details on uuid: 02e57079-4691-402d-8b5d-626834d56bc6
2026-08-01 17:44:53,187 [INFO] STARTING WITH UUID: 02ec18b1-0537-404e-9111-e2bb5981c4c5
2026-08-01 17:44:53,259 [INFO] Concept vocabulair and description: Wijk 60, Verpondingsnr 5653 added for row: 02ec18b1-0537-404e-9111-e2bb5981c4c5
2026-08-01 17:44:53,259 [INFO] UUID: 02ec18b1-0537-404e-9111-e2bb5981c4c5
2026-08-01 17:44:53,259 [INFO] Migrated location description to new Bnode for uuid: 02ec18b1-0537-404e-9111-e2bb5981c4c5 and description: Wijk 60, Verpondingsnr 5653.
2026-08-01 17:44:53,430 [INFO] Turtle succesfully updated for row: 02ec18b1-0537-404e-9111-e2bb5981c4c5
2026-08-01 17:44:53,430 [INFO] Turtle is changed in the script. Check loginfo for details on uuid: 02ec18b1-0537-404e-9111-e2bb5981c4c5
2026-08-01 17:44:53,430 [INFO] STARTING WITH UUID: 02ec634d-a2e9-4455-b768-05eefeaec075
2026-08-01 17:44:53,497 [INFO] Concept vocabulair and description: Wijk 58, Verpondingsnr 4864 added for row: 02ec634d-a2e9-4455-b768-05eefeaec075
2026-08-01 17:44:53,497 [INFO] UUID: 02ec634d-a2e9-4455-b768-05eefeaec075
2026-08-01 17:44:53,497 [INFO] Migrated location description to new Bnode for uuid: 02ec634d-a2e9-4455-b768-05eefeaec075 and description: Wijk 58, Verpondingsnr 4864.
2026-08-01 17:44:53,610 [INFO] Turtle succesfully updated for row: 02ec634d-a2e9-4455-b768-05eefeaec075
2026-08-01 17:44:53,610 [INFO] Turtle is changed in the script. Check loginfo for details on uuid: 02ec634d-a2e9-4455-b768-05eefeaec075
2026-08-01 17:44:53,610 [INFO] STARTING WITH UUID: 02ef6297-9450-4714-a1f7-2b8651d9c1f9
2026-08-01 17:44:53,694 [INFO] Concept vocabulair and description: Warmoesstraat westzij hoek Vissteeg, Wijk 6, Verpondingsnr 1288 added for row: 02ef6297-9450-4714-a1f7-2b8651d9c1f9
2026-08-01 17:44:53,694 [INFO] UUID: 02ef6297-9450-4714-a1f7-2b8651d9c1f9
2026-08-01 17:44:53,694 [INFO] Migrated location description to new Bnode for uuid: 02ef6297-9450-4714-a1f7-2b8651d9c1f9 and description: Warmoesstraat westzij hoek Vissteeg, Wijk 6, Verpondingsnr 1288.
2026-08-01 17:44:53,809 [INFO] Turtle succesfully updated for row: 02ef6297-9450-4714-a1f7-2b8651d9c1f9
2026-08-01 17:44:53,809 [INFO] Turtle is changed in the script. Check loginfo for details on uuid: 02ef6297-9450-4714-a1f7-2b8651d9c1f9
2026-08-01 17:44:53,809 [INFO] STARTING WITH UUID: 02ef7009-dee1-4721-9f42-b6e83ce0c6ae
2026-08-01 17:44:53,881 [INFO] Concept vocabulair and description: Binnekant van ‘t Nieuwe Waale eijland agter de hoek van de Haekmarkt, Wijk 11, Verpondingsnr 3074 added for row: 02ef7009-dee1-4721-9f42-b6e83ce0c6ae
2026-08-01 17:44:53,882 [INFO] UUID: 02ef7009-dee1-4721-9f42-b6e83ce0c6ae
2026-08-01 17:44:53,882 [INFO] Migrated location description to new Bnode for uuid: 02ef7009-dee1-4721-9f42-b6e83ce0c6ae and description: Binnekant van ‘t Nieuwe Waale eijland agter de hoek van de Haekmarkt, Wijk 11, Verpondingsnr 3074.
2026-08-01 17:44:54,005 [INFO] Turtle succesfully updated for row: 02ef7009-dee1-4721-9f42-b6e83ce0c6ae
2026-08-01 17:44:54,005 [INFO] Turtle is changed in the script. Check loginfo for details on uuid: 02ef7009-dee1-4721-9f42-b6e83ce0c6ae
2026-08-01 17:44:54,006 [INFO] STARTING WITH UUID: 02f1a9b9-86c0-43a5-80e8-bbdc8f681c2e
2026-08-01 17:44:54,081 [INFO] Concept vocabulair and description: Nes hoek Barberstraat, Wijk 8, Verpondingsnr 2084 added for row: 02f1a9b9-86c0-43a5-80e8-bbdc8f681c2e
2026-08-01 17:44:54,081 [INFO] UUID: 02f1a9b9-86c0-43a5-80e8-bbdc8f681c2e
2026-08-01 17:44:54,081 [INFO] Migrated location description to new Bnode for uuid: 02f1a9b9-86c0-43a5-80e8-bbdc8f681c2e and description: Nes hoek Barberstraat, Wijk 8, Verpondingsnr 2084.
2026-08-01 17:44:54,174 [INFO] Turtle succesfully updated for row: 02f1a9b9-86c0-43a5-80e8-bbdc8f681c2e
2026-08-01 17:44:54,174 [INFO] Turtle is changed in the script. Check loginfo for details on uuid: 02f1a9b9-86c0-43a5-80e8-bbdc8f681c2e
2026-08-01 17:44:54,174 [INFO] STARTING WITH UUID: 02f818a8-6379-41e2-8ec5-ba5869250fc6
2026-08-01 17:44:54,251 [INFO] Concept vocabulair and description: Op de hoek van de Angeliersstraat zuidzij, Wijk 47, Verpondingsnr 4314 added for row: 02f818a8-6379-41e2-8ec5-ba5869250fc6
2026-08-01 17:44:54,251 [INFO] UUID: 02f818a8-6379-41e2-8ec5-ba5869250fc6
2026-08-01 17:44:54,251 [INFO] Migrated location description to new Bnode for uuid: 02f818a8-6379-41e2-8ec5-ba5869250fc6 and description: Op de hoek van de Angeliersstraat zuidzij, Wijk 47, Verpondingsnr 4314.
2026-08-01 17:44:54,361 [INFO] Turtle succesfully updated for row: 02f818a8-6379-41e2-8ec5-ba5869250fc6
2026-08-01 17:44:54,361 [INFO] Turtle is changed in the script. Check loginfo for details on uuid: 02f818a8-6379-41e2-8ec5-ba5869250fc6
2026-08-01 17:44:54,361 [INFO] STARTING WITH UUID: 02fc95d1-6f96-4cd6-820c-81f287cb8bdc
2026-08-01 17:44:54,443 [INFO] Concept vocabulair and description: Vijgendam hoek Vispoort naar de Warmoesstraat, Wijk 7, Verpondingsnr 1673 added for row: 02fc95d1-6f96-4cd6-820c-81f287cb8bdc
2026-08-01 17:44:54,443 [INFO] UUID: 02fc95d1-6f96-4cd6-820c-81f287cb8bdc
2026-08-01 17:44:54,443 [INFO] Migrated location description to new Bnode for uuid: 02fc95d1-6f96-4cd6-820c-81f287cb8bdc and description: Vijgendam hoek Vispoort naar de Warmoesstraat, Wijk 7, Verpondingsnr 1673.
2026-08-01 17:44:54,554 [INFO] Turtle succesfully updated for row: 02fc95d1-6f96-4cd6-820c-81f287cb8bdc
2026-08-01 17:44:54,554 [INFO] Turtle is changed in the script. Check loginfo for details on uuid: 02fc95d1-6f96-4cd6-820c-81f287cb8bdc
2026-08-01 17:44:54,555 [INFO] STARTING WITH UUID: 02fcaf1f-0e7c-48a2-a134-c91e1ebf6c43
2026-08-01 17:44:54,641 [INFO] Concept vocabulair and description: Steenvoetsteeg zuidzij van de Houtuijnen naar de Breestraat, Wijk 15, Verpondingsnr 6294-8 added for row: 02fcaf1f-0e7c-48a2-a134-c91e1ebf6c43
2026-08-01 17:44:54,641 [INFO] UUID: 02fcaf1f-0e7c-48a2-a134-c91e1ebf6c43
2026-08-01 17:44:54,641 [INFO] Migrated location description to new Bnode for uuid: 02fcaf1f-0e7c-48a2-a134-c91e1ebf6c43 and description: Steenvoetsteeg zuidzij van de Houtuijnen naar de Breestraat, Wijk 15, Verpondingsnr 6294-8.
2026-08-01 17:44:54,744 [INFO] Turtle succesfully updated for row: 02fcaf1f-0e7c-48a2-a134-c91e1ebf6c43
2026-08-01 17:44:54,744 [INFO] Turtle is changed in the script. Check loginfo for details on uuid: 02fcaf1f-0e7c-48a2-a134-c91e1ebf6c43
2026-08-01 17:44:54,744 [INFO] STARTING WITH UUID: 02ff57b8-c47d-477a-9577-652e83b82ab8
2026-08-01 17:44:54,882 [INFO] Concept vocabulair and description: Wijk 20, Verpondingsnr 2104-2 added for row: 02ff57b8-c47d-477a-9577-652e83b82ab8
2026-08-01 17:44:54,882 [INFO] UUID: 02ff57b8-c47d-477a-9577-652e83b82ab8
2026-08-01 17:44:54,882 [INFO] Migrated location description to new Bnode for uuid: 02ff57b8-c47d-477a-9577-652e83b82ab8 and description: Wijk 20, Verpondingsnr 2104-2.
2026-08-01 17:44:55,006 [INFO] Turtle succesfully updated for row: 02ff57b8-c47d-477a-9577-652e83b82ab8
2026-08-01 17:44:55,006 [INFO] Turtle is changed in the script. Check loginfo for details on uuid: 02ff57b8-c47d-477a-9577-652e83b82ab8
2026-08-01 17:44:55,006 [INFO] STARTING WITH UUID: 03007efd-9c8c-412a-a787-ac09accb4b9f
2026-08-01 17:44:55,087 [INFO] Concept vocabulair and description: Wijk 21, Verpondingsnr 2244 added for row: 03007efd-9c8c-412a-a787-ac09accb4b9f
2026-08-01 17:44:55,087 [INFO] UUID: 03007efd-9c8c-412a-a787-ac09accb4b9f
2026-08-01 17:44:55,087 [INFO] Migrated location description to new Bnode for uuid: 03007efd-9c8c-412a-a787-ac09accb4b9f and description: Wijk 21, Verpondingsnr 2244.
2026-08-01 17:44:55,214 [INFO] Turtle succesfully updated for row: 03007efd-9c8c-412a-a787-ac09accb4b9f
2026-08-01 17:44:55,214 [INFO] Turtle is changed in the script. Check loginfo for details on uuid: 03007efd-9c8c-412a-a787-ac09accb4b9f
2026-08-01 17:44:55,214 [INFO] STARTING WITH UUID: 03009014-95b6-4848-b2df-bbb22d830748
2026-08-01 17:44:55,342 [INFO] Concept vocabulair and description: Wijk 54, Verpondingsnr 2627 added for row: 03009014-95b6-4848-b2df-bbb22d830748
2026-08-01 17:44:55,343 [INFO] UUID: 03009014-95b6-4848-b2df-bbb22d830748
2026-08-01 17:44:55,343 [INFO] Migrated location description to new Bnode for uuid: 03009014-95b6-4848-b2df-bbb22d830748 and description: Wijk 54, Verpondingsnr 2627.
2026-08-01 17:44:55,455 [INFO] Turtle succesfully updated for row: 03009014-95b6-4848-b2df-bbb22d830748
2026-08-01 17:44:55,455 [INFO] Turtle is changed in the script. Check loginfo for details on uuid: 03009014-95b6-4848-b2df-bbb22d830748
2026-08-01 17:44:55,456 [INFO] STARTING WITH UUID: 0301ea53-6499-4232-b203-358a56a7dd3c
2026-08-01 17:44:55,537 [INFO] Concept vocabulair and description: Oosterse Kaaij, Wijk 16, Verpondingsnr 561 added for row: 0301ea53-6499-4232-b203-358a56a7dd3c
2026-08-01 17:44:55,537 [INFO] UUID: 0301ea53-6499-4232-b203-358a56a7dd3c
2026-08-01 17:44:55,537 [INFO] Migrated location description to new Bnode for uuid: 0301ea53-6499-4232-b203-358a56a7dd3c and description: Oosterse Kaaij, Wijk 16, Verpondingsnr 561.
2026-08-01 17:44:55,642 [INFO] Turtle succesfully updated for row: 0301ea53-6499-4232-b203-358a56a7dd3c
2026-08-01 17:44:55,642 [INFO] Turtle is changed in the script. Check loginfo for details on uuid: 0301ea53-6499-4232-b203-358a56a7dd3c
2026-08-01 17:44:55,642 [INFO] STARTING WITH UUID: 030958da-7e5e-438f-a8e1-c3b0c7eedd67
2026-08-01 17:44:55,712 [INFO] Concept vocabulair and description: Wijk 57, Verpondingsnr 4127 added for row: 030958da-7e5e-438f-a8e1-c3b0c7eedd67
2026-08-01 17:44:55,712 [INFO] UUID: 030958da-7e5e-438f-a8e1-c3b0c7eedd67
2026-08-01 17:44:55,712 [INFO] Migrated location description to new Bnode for uuid: 030958da-7e5e-438f-a8e1-c3b0c7eedd67 and description: Wijk 57, Verpondingsnr 4127.
2026-08-01 17:44:55,828 [INFO] Turtle succesfully updated for row: 030958da-7e5e-438f-a8e1-c3b0c7eedd67
2026-08-01 17:44:55,828 [INFO] Turtle is changed in the script. Check loginfo for details on uuid: 030958da-7e5e-438f-a8e1-c3b0c7eedd67
2026-08-01 17:44:55,828 [INFO] STARTING WITH UUID: 030adac8-9a6b-4171-a1fc-2c99e646716b
2026-08-01 17:44:55,909 [INFO] Concept vocabulair and description: Steenvoetsteeg zuidzij van de Houtuijnen naar de Breestraat, Wijk 15, Verpondingsnr 5480 added for row: 030adac8-9a6b-4171-a1fc-2c99e646716b
2026-08-01 17:44:55,909 [INFO] UUID: 030adac8-9a6b-4171-a1fc-2c99e646716b
2026-08-01 17:44:55,910 [INFO] Migrated location description to new Bnode for uuid: 030adac8-9a6b-4171-a1fc-2c99e646716b and description: Steenvoetsteeg zuidzij van de Houtuijnen naar de Breestraat, Wijk 15, Verpondingsnr 5480.
2026-08-01 17:44:56,018 [INFO] Turtle succesfully updated for row: 030adac8-9a6b-4171-a1fc-2c99e646716b
2026-08-01 17:44:56,018 [INFO] Turtle is changed in the script. Check loginfo for details on uuid: 030adac8-9a6b-4171-a1fc-2c99e646716b
2026-08-01 17:44:56,018 [INFO] STARTING WITH UUID: 030d31cf-6d83-49e3-b384-91f55a7605e9
2026-08-01 17:44:56,087 [INFO] Concept vocabulair and description: Steenvoetsteeg zuidzij van de Houtuijnen naar de Breestraat, Wijk 15, Verpondingsnr 6301 added for row: 030d31cf-6d83-49e3-b384-91f55a7605e9
2026-08-01 17:44:56,087 [INFO] UUID: 030d31cf-6d83-49e3-b384-91f55a7605e9
2026-08-01 17:44:56,087 [INFO] Migrated location description to new Bnode for uuid: 030d31cf-6d83-49e3-b384-91f55a7605e9 and description: Steenvoetsteeg zuidzij van de Houtuijnen naar de Breestraat, Wijk 15, Verpondingsnr 6301.
2026-08-01 17:44:56,211 [INFO] Turtle succesfully updated for row: 030d31cf-6d83-49e3-b384-91f55a7605e9
2026-08-01 17:44:56,211 [INFO] Turtle is changed in the script. Check loginfo for details on uuid: 030d31cf-6d83-49e3-b384-91f55a7605e9
2026-08-01 17:44:56,211 [INFO] STARTING WITH UUID: 030d3b77-32f8-43a3-ada1-654f12ced3b5
2026-08-01 17:44:56,282 [INFO] Concept vocabulair and description: Prinsegracht Van de Lelijgracht Na de Egelantiersgragt, Wijk 44, Verpondingsnr 3169 added for row: 030d3b77-32f8-43a3-ada1-654f12ced3b5
2026-08-01 17:44:56,282 [INFO] UUID: 030d3b77-32f8-43a3-ada1-654f12ced3b5
2026-08-01 17:44:56,283 [INFO] Migrated location description to new Bnode for uuid: 030d3b77-32f8-43a3-ada1-654f12ced3b5 and description: Prinsegracht Van de Lelijgracht Na de Egelantiersgragt, Wijk 44, Verpondingsnr 3169.
2026-08-01 17:44:56,377 [INFO] Turtle succesfully updated for row: 030d3b77-32f8-43a3-ada1-654f12ced3b5
2026-08-01 17:44:56,377 [INFO] Turtle is changed in the script. Check loginfo for details on uuid: 030d3b77-32f8-43a3-ada1-654f12ced3b5
2026-08-01 17:44:56,377 [INFO] STARTING WITH UUID: 030d3ba7-e572-4055-9dbc-7250a2ff06dc
2026-08-01 17:44:56,449 [INFO] Concept vocabulair and description: Wijk 25, Verpondingsnr 3213 added for row: 030d3ba7-e572-4055-9dbc-7250a2ff06dc
2026-08-01 17:44:56,449 [INFO] UUID: 030d3ba7-e572-4055-9dbc-7250a2ff06dc
2026-08-01 17:44:56,449 [INFO] Migrated location description to new Bnode for uuid: 030d3ba7-e572-4055-9dbc-7250a2ff06dc and description: Wijk 25, Verpondingsnr 3213.
2026-08-01 17:44:56,546 [INFO] Turtle succesfully updated for row: 030d3ba7-e572-4055-9dbc-7250a2ff06dc
2026-08-01 17:44:56,546 [INFO] Turtle is changed in the script. Check loginfo for details on uuid: 030d3ba7-e572-4055-9dbc-7250a2ff06dc
2026-08-01 17:44:56,546 [INFO] STARTING WITH UUID: 030e5570-1c49-496b-bd49-41f015342a7a
2026-08-01 17:44:56,629 [INFO] Concept vocabulair and description: Wolvenstraat added for row: 030e5570-1c49-496b-bd49-41f015342a7a
2026-08-01 17:44:56,629 [INFO] UUID: 030e5570-1c49-496b-bd49-41f015342a7a
2026-08-01 17:44:56,630 [INFO] Migrated location description to new Bnode for uuid: 030e5570-1c49-496b-bd49-41f015342a7a and description: Wolvenstraat.
2026-08-01 17:44:56,754 [INFO] Turtle succesfully updated for row: 030e5570-1c49-496b-bd49-41f015342a7a
2026-08-01 17:44:56,754 [INFO] Turtle is changed in the script. Check loginfo for details on uuid: 030e5570-1c49-496b-bd49-41f015342a7a
2026-08-01 17:44:56,754 [INFO] STARTING WITH UUID: 030f4638-641f-44b0-9a61-6ebe5e526df8
2026-08-01 17:44:56,834 [INFO] Concept vocabulair and description: Wijk 39, Verpondingsnr 1580 added for row: 030f4638-641f-44b0-9a61-6ebe5e526df8
2026-08-01 17:44:56,834 [INFO] UUID: 030f4638-641f-44b0-9a61-6ebe5e526df8
2026-08-01 17:44:56,834 [INFO] Migrated location description to new Bnode for uuid: 030f4638-641f-44b0-9a61-6ebe5e526df8 and description: Wijk 39, Verpondingsnr 1580.
2026-08-01 17:44:56,961 [INFO] Turtle succesfully updated for row: 030f4638-641f-44b0-9a61-6ebe5e526df8
2026-08-01 17:44:56,961 [INFO] Turtle is changed in the script. Check loginfo for details on uuid: 030f4638-641f-44b0-9a61-6ebe5e526df8
2026-08-01 17:44:56,961 [INFO] STARTING WITH UUID: 0315891e-5311-4242-a717-9f3237d1bba6
2026-08-01 17:44:57,042 [INFO] Concept vocabulair and description: Wijk 28, Verpondingsnr 4525 added for row: 0315891e-5311-4242-a717-9f3237d1bba6
2026-08-01 17:44:57,042 [INFO] UUID: 0315891e-5311-4242-a717-9f3237d1bba6
2026-08-01 17:44:57,042 [INFO] Migrated location description to new Bnode for uuid: 0315891e-5311-4242-a717-9f3237d1bba6 and description: Wijk 28, Verpondingsnr 4525.
2026-08-01 17:44:57,140 [INFO] Turtle succesfully updated for row: 0315891e-5311-4242-a717-9f3237d1bba6
2026-08-01 17:44:57,140 [INFO] Turtle is changed in the script. Check loginfo for details on uuid: 0315891e-5311-4242-a717-9f3237d1bba6
2026-08-01 17:44:57,140 [INFO] STARTING WITH UUID: 0318c31b-dd3f-4bc0-b4c1-805c3879872b
2026-08-01 17:44:57,216 [INFO] Concept vocabulair and description: Kromme Tuijnstraat, Wijk 48, Verpondingsnr 4748 added for row: 0318c31b-dd3f-4bc0-b4c1-805c3879872b
2026-08-01 17:44:57,216 [INFO] UUID: 0318c31b-dd3f-4bc0-b4c1-805c3879872b
2026-08-01 17:44:57,216 [INFO] Migrated location description to new Bnode for uuid: 0318c31b-dd3f-4bc0-b4c1-805c3879872b and description: Kromme Tuijnstraat, Wijk 48, Verpondingsnr 4748.
2026-08-01 17:44:57,391 [INFO] Turtle succesfully updated for row: 0318c31b-dd3f-4bc0-b4c1-805c3879872b
2026-08-01 17:44:57,391 [INFO] Turtle is changed in the script. Check loginfo for details on uuid: 0318c31b-dd3f-4bc0-b4c1-805c3879872b
2026-08-01 17:44:57,391 [INFO] STARTING WITH UUID: 03197a9e-ed4d-4aeb-8c77-582677499541
2026-08-01 17:44:57,497 [INFO] Concept vocabulair and description: Beginnende op de hoek van de Raamgracht en Groene Burgwal, Wijk 14, Verpondingsnr 4349 added for row: 03197a9e-ed4d-4aeb-8c77-582677499541
2026-08-01 17:44:57,497 [INFO] UUID: 03197a9e-ed4d-4aeb-8c77-582677499541
2026-08-01 17:44:57,497 [INFO] Migrated location description to new Bnode for uuid: 03197a9e-ed4d-4aeb-8c77-582677499541 and description: Beginnende op de hoek van de Raamgracht en Groene Burgwal, Wijk 14, Verpondingsnr 4349.
2026-08-01 17:44:57,657 [INFO] Turtle succesfully updated for row: 03197a9e-ed4d-4aeb-8c77-582677499541
2026-08-01 17:44:57,657 [INFO] Turtle is changed in the script. Check loginfo for details on uuid: 03197a9e-ed4d-4aeb-8c77-582677499541
2026-08-01 17:44:57,658 [INFO] STARTING WITH UUID: 031a0354-8221-4a53-b5f5-2771b081f6ec
2026-08-01 17:44:57,752 [INFO] Concept vocabulair and description: Wijk 57, Verpondingsnr 3880 added for row: 031a0354-8221-4a53-b5f5-2771b081f6ec
2026-08-01 17:44:57,752 [INFO] UUID: 031a0354-8221-4a53-b5f5-2771b081f6ec
2026-08-01 17:44:57,752 [INFO] Migrated location description to new Bnode for uuid: 031a0354-8221-4a53-b5f5-2771b081f6ec and description: Wijk 57, Verpondingsnr 3880.
2026-08-01 17:44:57,876 [INFO] Turtle succesfully updated for row: 031a0354-8221-4a53-b5f5-2771b081f6ec
2026-08-01 17:44:57,876 [INFO] Turtle is changed in the script. Check loginfo for details on uuid: 031a0354-8221-4a53-b5f5-2771b081f6ec
2026-08-01 17:44:57,876 [INFO] STARTING WITH UUID: 031b77c1-ee3b-434e-81ef-cea10b7a46d7
2026-08-01 17:44:57,966 [INFO] Concept vocabulair and description: Wijk 55, Verpondingsnr 2964 added for row: 031b77c1-ee3b-434e-81ef-cea10b7a46d7
2026-08-01 17:44:57,966 [INFO] UUID: 031b77c1-ee3b-434e-81ef-cea10b7a46d7
2026-08-01 17:44:57,966 [INFO] Migrated location description to new Bnode for uuid: 031b77c1-ee3b-434e-81ef-cea10b7a46d7 and description: Wijk 55, Verpondingsnr 2964.
2026-08-01 17:44:58,079 [INFO] Turtle succesfully updated for row: 031b77c1-ee3b-434e-81ef-cea10b7a46d7
2026-08-01 17:44:58,079 [INFO] Turtle is changed in the script. Check loginfo for details on uuid: 031b77c1-ee3b-434e-81ef-cea10b7a46d7
2026-08-01 17:44:58,079 [INFO] STARTING WITH UUID: 031d15a1-cbb3-4dfc-9363-e348cd56e02e
2026-08-01 17:44:58,168 [INFO] Concept vocabulair and description: Binnekant van ‘t Nieuwe Waale eijland agter de hoek van de Haekmarkt, Wijk 11, Verpondingsnr 2866 added for row: 031d15a1-cbb3-4dfc-9363-e348cd56e02e
2026-08-01 17:44:58,168 [INFO] UUID: 031d15a1-cbb3-4dfc-9363-e348cd56e02e
2026-08-01 17:44:58,168 [INFO] Migrated location description to new Bnode for uuid: 031d15a1-cbb3-4dfc-9363-e348cd56e02e and description: Binnekant van ‘t Nieuwe Waale eijland agter de hoek van de Haekmarkt, Wijk 11, Verpondingsnr 2866.
2026-08-01 17:44:58,285 [INFO] Turtle succesfully updated for row: 031d15a1-cbb3-4dfc-9363-e348cd56e02e
2026-08-01 17:44:58,285 [INFO] Turtle is changed in the script. Check loginfo for details on uuid: 031d15a1-cbb3-4dfc-9363-e348cd56e02e
2026-08-01 17:44:58,285 [INFO] STARTING WITH UUID: 031d6ecd-855a-43ea-a496-d5f699ef733b
2026-08-01 17:44:58,354 [INFO] Concept vocabulair and description: Steenvoetsteeg zuidzij van de Houtuijnen naar de Breestraat, Wijk 15, Verpondingsnr 6060 added for row: 031d6ecd-855a-43ea-a496-d5f699ef733b
2026-08-01 17:44:58,354 [INFO] UUID: 031d6ecd-855a-43ea-a496-d5f699ef733b
2026-08-01 17:44:58,354 [INFO] Migrated location description to new Bnode for uuid: 031d6ecd-855a-43ea-a496-d5f699ef733b and description: Steenvoetsteeg zuidzij van de Houtuijnen naar de Breestraat, Wijk 15, Verpondingsnr 6060.
2026-08-01 17:44:58,449 [INFO] Turtle succesfully updated for row: 031d6ecd-855a-43ea-a496-d5f699ef733b
2026-08-01 17:44:58,449 [INFO] Turtle is changed in the script. Check loginfo for details on uuid: 031d6ecd-855a-43ea-a496-d5f699ef733b
2026-08-01 17:44:58,450 [INFO] STARTING WITH UUID: 031d85a0-571f-4c67-b1fb-5944ac2876e1
2026-08-01 17:44:58,550 [INFO] Concept vocabulair and description: Steenvoetsteeg zuidzij van de Houtuijnen naar de Breestraat, Wijk 15, Verpondingsnr 5260 added for row: 031d85a0-571f-4c67-b1fb-5944ac2876e1
2026-08-01 17:44:58,551 [INFO] UUID: 031d85a0-571f-4c67-b1fb-5944ac2876e1
2026-08-01 17:44:58,551 [INFO] Migrated location description to new Bnode for uuid: 031d85a0-571f-4c67-b1fb-5944ac2876e1 and description: Steenvoetsteeg zuidzij van de Houtuijnen naar de Breestraat, Wijk 15, Verpondingsnr 5260.
2026-08-01 17:44:58,650 [INFO] Turtle succesfully updated for row: 031d85a0-571f-4c67-b1fb-5944ac2876e1
2026-08-01 17:44:58,650 [INFO] Turtle is changed in the script. Check loginfo for details on uuid: 031d85a0-571f-4c67-b1fb-5944ac2876e1
2026-08-01 17:44:58,650 [INFO] STARTING WITH UUID: 031de850-e263-4e45-ad4f-637c41457d59
2026-08-01 17:44:58,757 [INFO] Concept vocabulair and description: Wijk 42, Verpondingsnr 2603 added for row: 031de850-e263-4e45-ad4f-637c41457d59
2026-08-01 17:44:58,757 [INFO] UUID: 031de850-e263-4e45-ad4f-637c41457d59
2026-08-01 17:44:58,757 [INFO] Migrated location description to new Bnode for uuid: 031de850-e263-4e45-ad4f-637c41457d59 and description: Wijk 42, Verpondingsnr 2603.
2026-08-01 17:44:58,872 [INFO] Turtle succesfully updated for row: 031de850-e263-4e45-ad4f-637c41457d59
2026-08-01 17:44:58,872 [INFO] Turtle is changed in the script. Check loginfo for details on uuid: 031de850-e263-4e45-ad4f-637c41457d59
2026-08-01 17:44:58,872 [INFO] STARTING WITH UUID: 0320e128-d5da-4c68-ac85-5e01971cab4c
2026-08-01 17:44:58,942 [INFO] Concept vocabulair and description: Wijk 41, Verpondingsnr 2509 added for row: 0320e128-d5da-4c68-ac85-5e01971cab4c
2026-08-01 17:44:58,942 [INFO] UUID: 0320e128-d5da-4c68-ac85-5e01971cab4c
2026-08-01 17:44:58,942 [INFO] Migrated location description to new Bnode for uuid: 0320e128-d5da-4c68-ac85-5e01971cab4c and description: Wijk 41, Verpondingsnr 2509.
2026-08-01 17:44:59,060 [INFO] Turtle succesfully updated for row: 0320e128-d5da-4c68-ac85-5e01971cab4c
2026-08-01 17:44:59,060 [INFO] Turtle is changed in the script. Check loginfo for details on uuid: 0320e128-d5da-4c68-ac85-5e01971cab4c
2026-08-01 17:44:59,061 [INFO] STARTING WITH UUID: 0321f79c-8612-419c-b0b1-595ece675c89
2026-08-01 17:44:59,158 [INFO] Concept vocabulair and description: Laurierstraat added for row: 0321f79c-8612-419c-b0b1-595ece675c89
2026-08-01 17:44:59,158 [INFO] UUID: 0321f79c-8612-419c-b0b1-595ece675c89
2026-08-01 17:44:59,158 [INFO] Migrated location description to new Bnode for uuid: 0321f79c-8612-419c-b0b1-595ece675c89 and description: Laurierstraat.
2026-08-01 17:44:59,270 [INFO] Turtle succesfully updated for row: 0321f79c-8612-419c-b0b1-595ece675c89
2026-08-01 17:44:59,270 [INFO] Turtle is changed in the script. Check loginfo for details on uuid: 0321f79c-8612-419c-b0b1-595ece675c89
2026-08-01 17:44:59,270 [INFO] STARTING WITH UUID: 0330c304-0083-4915-a076-e5ea82e1efbe
2026-08-01 17:44:59,345 [INFO] Concept vocabulair and description: Wijk 17, Verpondingsnr 1189 added for row: 0330c304-0083-4915-a076-e5ea82e1efbe
2026-08-01 17:44:59,345 [INFO] UUID: 0330c304-0083-4915-a076-e5ea82e1efbe
2026-08-01 17:44:59,346 [INFO] Migrated location description to new Bnode for uuid: 0330c304-0083-4915-a076-e5ea82e1efbe and description: Wijk 17, Verpondingsnr 1189.
2026-08-01 17:44:59,445 [INFO] Turtle succesfully updated for row: 0330c304-0083-4915-a076-e5ea82e1efbe
2026-08-01 17:44:59,445 [INFO] Turtle is changed in the script. Check loginfo for details on uuid: 0330c304-0083-4915-a076-e5ea82e1efbe
2026-08-01 17:44:59,446 [INFO] STARTING WITH UUID: 0333f38a-e044-4bd4-8b8e-6d40c3ecffa8
2026-08-01 17:44:59,556 [INFO] Concept vocabulair and description: Wijk 59, Verpondingsnr 5251 added for row: 0333f38a-e044-4bd4-8b8e-6d40c3ecffa8
2026-08-01 17:44:59,557 [INFO] UUID: 0333f38a-e044-4bd4-8b8e-6d40c3ecffa8
2026-08-01 17:44:59,557 [INFO] Migrated location description to new Bnode for uuid: 0333f38a-e044-4bd4-8b8e-6d40c3ecffa8 and description: Wijk 59, Verpondingsnr 5251.
2026-08-01 17:44:59,666 [INFO] Turtle succesfully updated for row: 0333f38a-e044-4bd4-8b8e-6d40c3ecffa8
2026-08-01 17:44:59,666 [INFO] Turtle is changed in the script. Check loginfo for details on uuid: 0333f38a-e044-4bd4-8b8e-6d40c3ecffa8
2026-08-01 17:44:59,667 [INFO] STARTING WITH UUID: 0336fdc3-0d1e-4c03-8ef1-48be20b4b195
2026-08-01 17:44:59,745 [INFO] Concept vocabulair and description: Wijk 28, Verpondingsnr 4677 added for row: 0336fdc3-0d1e-4c03-8ef1-48be20b4b195
2026-08-01 17:44:59,745 [INFO] UUID: 0336fdc3-0d1e-4c03-8ef1-48be20b4b195
2026-08-01 17:44:59,745 [INFO] Migrated location description to new Bnode for uuid: 0336fdc3-0d1e-4c03-8ef1-48be20b4b195 and description: Wijk 28, Verpondingsnr 4677.
2026-08-01 17:44:59,839 [INFO] Turtle succesfully updated for row: 0336fdc3-0d1e-4c03-8ef1-48be20b4b195
2026-08-01 17:44:59,839 [INFO] Turtle is changed in the script. Check loginfo for details on uuid: 0336fdc3-0d1e-4c03-8ef1-48be20b4b195
2026-08-01 17:44:59,840 [INFO] STARTING WITH UUID: 0337f08b-c0d2-4e85-8828-7d6c7a295a51
2026-08-01 17:44:59,907 [INFO] Concept vocabulair and description: Steenvoetsteeg zuidzij van de Houtuijnen naar de Breestraat, Wijk 15, Verpondingsnr 5050 added for row: 0337f08b-c0d2-4e85-8828-7d6c7a295a51
2026-08-01 17:44:59,907 [INFO] UUID: 0337f08b-c0d2-4e85-8828-7d6c7a295a51
2026-08-01 17:44:59,907 [INFO] Migrated location description to new Bnode for uuid: 0337f08b-c0d2-4e85-8828-7d6c7a295a51 and description: Steenvoetsteeg zuidzij van de Houtuijnen naar de Breestraat, Wijk 15, Verpondingsnr 5050.
2026-08-01 17:45:00,018 [INFO] Turtle succesfully updated for row: 0337f08b-c0d2-4e85-8828-7d6c7a295a51
2026-08-01 17:45:00,018 [INFO] Turtle is changed in the script. Check loginfo for details on uuid: 0337f08b-c0d2-4e85-8828-7d6c7a295a51
2026-08-01 17:45:00,018 [INFO] STARTING WITH UUID: 033836e5-e566-4381-95f1-75cd1cfedb82
2026-08-01 17:45:00,108 [INFO] Concept vocabulair and description: Binnekant van ‘t Nieuwe Waale eijland agter de hoek van de Haekmarkt, Wijk 11, Verpondingsnr 2911 added for row: 033836e5-e566-4381-95f1-75cd1cfedb82
2026-08-01 17:45:00,108 [INFO] UUID: 033836e5-e566-4381-95f1-75cd1cfedb82
2026-08-01 17:45:00,108 [INFO] Migrated location description to new Bnode for uuid: 033836e5-e566-4381-95f1-75cd1cfedb82 and description: Binnekant van ‘t Nieuwe Waale eijland agter de hoek van de Haekmarkt, Wijk 11, Verpondingsnr 2911.
2026-08-01 17:45:00,209 [INFO] Turtle succesfully updated for row: 033836e5-e566-4381-95f1-75cd1cfedb82
2026-08-01 17:45:00,209 [INFO] Turtle is changed in the script. Check loginfo for details on uuid: 033836e5-e566-4381-95f1-75cd1cfedb82
2026-08-01 17:45:00,209 [INFO] STARTING WITH UUID: 033c5014-aa8a-4e29-8f68-3585360c43b6
2026-08-01 17:45:00,288 [INFO] Concept vocabulair and description: Wijk 17, Verpondingsnr 1407 added for row: 033c5014-aa8a-4e29-8f68-3585360c43b6
2026-08-01 17:45:00,288 [INFO] UUID: 033c5014-aa8a-4e29-8f68-3585360c43b6
2026-08-01 17:45:00,292 [INFO] Migrated location description to new Bnode for uuid: 033c5014-aa8a-4e29-8f68-3585360c43b6 and description: Wijk 17, Verpondingsnr 1407.
2026-08-01 17:45:00,401 [INFO] Turtle succesfully updated for row: 033c5014-aa8a-4e29-8f68-3585360c43b6
2026-08-01 17:45:00,401 [INFO] Turtle is changed in the script. Check loginfo for details on uuid: 033c5014-aa8a-4e29-8f68-3585360c43b6
2026-08-01 17:45:00,401 [INFO] STARTING WITH UUID: 033cbe23-d245-4e5d-a7a6-d6655f4f73b5
2026-08-01 17:45:00,487 [INFO] Concept vocabulair and description: Wijk 40, Verpondingsnr 2124 added for row: 033cbe23-d245-4e5d-a7a6-d6655f4f73b5
2026-08-01 17:45:00,487 [INFO] UUID: 033cbe23-d245-4e5d-a7a6-d6655f4f73b5
2026-08-01 17:45:00,487 [INFO] Migrated location description to new Bnode for uuid: 033cbe23-d245-4e5d-a7a6-d6655f4f73b5 and description: Wijk 40, Verpondingsnr 2124.
2026-08-01 17:45:00,588 [INFO] Turtle succesfully updated for row: 033cbe23-d245-4e5d-a7a6-d6655f4f73b5
2026-08-01 17:45:00,588 [INFO] Turtle is changed in the script. Check loginfo for details on uuid: 033cbe23-d245-4e5d-a7a6-d6655f4f73b5
2026-08-01 17:45:00,589 [INFO] STARTING WITH UUID: 03421c0b-f114-49a3-8ea7-6c3ec09019d4
2026-08-01 17:45:00,670 [INFO] Concept vocabulair and description: Steenvoetsteeg zuidzij van de Houtuijnen naar de Breestraat, Wijk 15, Verpondingsnr 5543 added for row: 03421c0b-f114-49a3-8ea7-6c3ec09019d4
2026-08-01 17:45:00,670 [INFO] UUID: 03421c0b-f114-49a3-8ea7-6c3ec09019d4
2026-08-01 17:45:00,670 [INFO] Migrated location description to new Bnode for uuid: 03421c0b-f114-49a3-8ea7-6c3ec09019d4 and description: Steenvoetsteeg zuidzij van de Houtuijnen naar de Breestraat, Wijk 15, Verpondingsnr 5543.
2026-08-01 17:45:00,796 [INFO] Turtle succesfully updated for row: 03421c0b-f114-49a3-8ea7-6c3ec09019d4
2026-08-01 17:45:00,796 [INFO] Turtle is changed in the script. Check loginfo for details on uuid: 03421c0b-f114-49a3-8ea7-6c3ec09019d4
2026-08-01 17:45:00,796 [INFO] STARTING WITH UUID: 034970ab-2cd1-436d-99ab-6f477b77dfef
2026-08-01 17:45:00,877 [INFO] Concept vocabulair and description: Wijk 60, Verpondingsnr 5589 added for row: 034970ab-2cd1-436d-99ab-6f477b77dfef
2026-08-01 17:45:00,877 [INFO] UUID: 034970ab-2cd1-436d-99ab-6f477b77dfef
2026-08-01 17:45:00,877 [INFO] Migrated location description to new Bnode for uuid: 034970ab-2cd1-436d-99ab-6f477b77dfef and description: Wijk 60, Verpondingsnr 5589.
2026-08-01 17:45:01,011 [INFO] Turtle succesfully updated for row: 034970ab-2cd1-436d-99ab-6f477b77dfef
2026-08-01 17:45:01,011 [INFO] Turtle is changed in the script. Check loginfo for details on uuid: 034970ab-2cd1-436d-99ab-6f477b77dfef
2026-08-01 17:45:01,011 [INFO] STARTING WITH UUID: 034bca8a-ead8-4a2b-9a98-fa229efab674
2026-08-01 17:45:01,122 [INFO] Concept vocabulair and description: Looiersgracht added for row: 034bca8a-ead8-4a2b-9a98-fa229efab674
2026-08-01 17:45:01,122 [INFO] UUID: 034bca8a-ead8-4a2b-9a98-fa229efab674
2026-08-01 17:45:01,122 [INFO] Migrated location description to new Bnode for uuid: 034bca8a-ead8-4a2b-9a98-fa229efab674 and description: Looiersgracht.
2026-08-01 17:45:01,280 [INFO] Turtle succesfully updated for row: 034bca8a-ead8-4a2b-9a98-fa229efab674
2026-08-01 17:45:01,280 [INFO] Turtle is changed in the script. Check loginfo for details on uuid: 034bca8a-ead8-4a2b-9a98-fa229efab674
2026-08-01 17:45:01,280 [INFO] STARTING WITH UUID: 034c25ab-ac40-41f1-9bd6-76683ea280f4
2026-08-01 17:45:01,352 [INFO] Concept vocabulair and description: Oude Turfmarkt hoek Doelestraat, Wijk 8, Verpondingsnr 1869 added for row: 034c25ab-ac40-41f1-9bd6-76683ea280f4
2026-08-01 17:45:01,353 [INFO] UUID: 034c25ab-ac40-41f1-9bd6-76683ea280f4
2026-08-01 17:45:01,353 [INFO] Migrated location description to new Bnode for uuid: 034c25ab-ac40-41f1-9bd6-76683ea280f4 and description: Oude Turfmarkt hoek Doelestraat, Wijk 8, Verpondingsnr 1869.
2026-08-01 17:45:01,448 [INFO] Turtle succesfully updated for row: 034c25ab-ac40-41f1-9bd6-76683ea280f4
2026-08-01 17:45:01,448 [INFO] Turtle is changed in the script. Check loginfo for details on uuid: 034c25ab-ac40-41f1-9bd6-76683ea280f4
2026-08-01 17:45:01,448 [INFO] STARTING WITH UUID: 034cd7dc-2c24-4c6b-8f97-d70d0ea2e732
2026-08-01 17:45:01,545 [INFO] Concept vocabulair and description: Wijk 59, Verpondingsnr 5215 added for row: 034cd7dc-2c24-4c6b-8f97-d70d0ea2e732
2026-08-01 17:45:01,545 [INFO] UUID: 034cd7dc-2c24-4c6b-8f97-d70d0ea2e732
2026-08-01 17:45:01,545 [INFO] Migrated location description to new Bnode for uuid: 034cd7dc-2c24-4c6b-8f97-d70d0ea2e732 and description: Wijk 59, Verpondingsnr 5215.
2026-08-01 17:45:01,652 [INFO] Turtle succesfully updated for row: 034cd7dc-2c24-4c6b-8f97-d70d0ea2e732
2026-08-01 17:45:01,652 [INFO] Turtle is changed in the script. Check loginfo for details on uuid: 034cd7dc-2c24-4c6b-8f97-d70d0ea2e732
2026-08-01 17:45:01,652 [INFO] STARTING WITH UUID: 035660af-673d-482c-8fcc-4d1a291aba61
2026-08-01 17:45:01,730 [INFO] Concept vocabulair and description: Wijk 58, Verpondingsnr 4415 added for row: 035660af-673d-482c-8fcc-4d1a291aba61
2026-08-01 17:45:01,730 [INFO] UUID: 035660af-673d-482c-8fcc-4d1a291aba61
2026-08-01 17:45:01,730 [INFO] Migrated location description to new Bnode for uuid: 035660af-673d-482c-8fcc-4d1a291aba61 and description: Wijk 58, Verpondingsnr 4415.
2026-08-01 17:45:01,836 [INFO] Turtle succesfully updated for row: 035660af-673d-482c-8fcc-4d1a291aba61
2026-08-01 17:45:01,836 [INFO] Turtle is changed in the script. Check loginfo for details on uuid: 035660af-673d-482c-8fcc-4d1a291aba61
2026-08-01 17:45:01,836 [INFO] STARTING WITH UUID: 03580e00-3240-4c14-b012-38cc8b4085c1
2026-08-01 17:45:01,910 [INFO] Concept vocabulair and description: Noordzij in de Angelierstraat Op het Bijbelshoffje, Wijk 47, Verpondingsnr 4410 added for row: 03580e00-3240-4c14-b012-38cc8b4085c1
2026-08-01 17:45:01,910 [INFO] UUID: 03580e00-3240-4c14-b012-38cc8b4085c1
2026-08-01 17:45:01,910 [INFO] Migrated location description to new Bnode for uuid: 03580e00-3240-4c14-b012-38cc8b4085c1 and description: Noordzij in de Angelierstraat Op het Bijbelshoffje, Wijk 47, Verpondingsnr 4410.
2026-08-01 17:45:01,998 [INFO] Turtle succesfully updated for row: 03580e00-3240-4c14-b012-38cc8b4085c1
2026-08-01 17:45:01,998 [INFO] Turtle is changed in the script. Check loginfo for details on uuid: 03580e00-3240-4c14-b012-38cc8b4085c1
2026-08-01 17:45:01,998 [INFO] STARTING WITH UUID: 03585e2e-317a-4a63-8644-255edb0567e1
2026-08-01 17:45:02,066 [INFO] Concept vocabulair and description: Boomstraat noordzij van de Noordermark in de Boomdwarsstraat, Wijk 50, Verpondingsnr 5495 added for row: 03585e2e-317a-4a63-8644-255edb0567e1
2026-08-01 17:45:02,066 [INFO] UUID: 03585e2e-317a-4a63-8644-255edb0567e1
2026-08-01 17:45:02,066 [INFO] Migrated location description to new Bnode for uuid: 03585e2e-317a-4a63-8644-255edb0567e1 and description: Boomstraat noordzij van de Noordermark in de Boomdwarsstraat, Wijk 50, Verpondingsnr 5495.
2026-08-01 17:45:02,173 [INFO] Turtle succesfully updated for row: 03585e2e-317a-4a63-8644-255edb0567e1
2026-08-01 17:45:02,173 [INFO] Turtle is changed in the script. Check loginfo for details on uuid: 03585e2e-317a-4a63-8644-255edb0567e1
2026-08-01 17:45:02,174 [INFO] STARTING WITH UUID: 035cb37e-1313-40dc-9c87-834b31455522
2026-08-01 17:45:02,235 [INFO] Concept vocabulair and description: Annestraat zuidzij van de Bierkaij naa de Warmoestraat, Wijk 4, Verpondingsnr 795 added for row: 035cb37e-1313-40dc-9c87-834b31455522
2026-08-01 17:45:02,236 [INFO] UUID: 035cb37e-1313-40dc-9c87-834b31455522
2026-08-01 17:45:02,236 [INFO] Migrated location description to new Bnode for uuid: 035cb37e-1313-40dc-9c87-834b31455522 and description: Annestraat zuidzij van de Bierkaij naa de Warmoestraat, Wijk 4, Verpondingsnr 795.
2026-08-01 17:45:02,346 [INFO] Turtle succesfully updated for row: 035cb37e-1313-40dc-9c87-834b31455522
2026-08-01 17:45:02,346 [INFO] Turtle is changed in the script. Check loginfo for details on uuid: 035cb37e-1313-40dc-9c87-834b31455522
2026-08-01 17:45:02,347 [INFO] STARTING WITH UUID: 035e660e-f507-4721-9c30-cdc5c5fdde1a
2026-08-01 17:45:02,435 [INFO] Concept vocabulair and description: Hoek van de Steeg op de Zeedijk, Wijk 1, Verpondingsnr 191 added for row: 035e660e-f507-4721-9c30-cdc5c5fdde1a
2026-08-01 17:45:02,435 [INFO] UUID: 035e660e-f507-4721-9c30-cdc5c5fdde1a
2026-08-01 17:45:02,435 [INFO] Migrated location description to new Bnode for uuid: 035e660e-f507-4721-9c30-cdc5c5fdde1a and description: Hoek van de Steeg op de Zeedijk, Wijk 1, Verpondingsnr 191.
2026-08-01 17:45:02,586 [INFO] Turtle succesfully updated for row: 035e660e-f507-4721-9c30-cdc5c5fdde1a
2026-08-01 17:45:02,586 [INFO] Turtle is changed in the script. Check loginfo for details on uuid: 035e660e-f507-4721-9c30-cdc5c5fdde1a
2026-08-01 17:45:02,587 [INFO] STARTING WITH UUID: 036157d5-1f26-4798-9866-409c5de6f25e
2026-08-01 17:45:02,662 [INFO] Concept vocabulair and description: Wijk 20, Verpondingsnr 2024 added for row: 036157d5-1f26-4798-9866-409c5de6f25e
2026-08-01 17:45:02,662 [INFO] UUID: 036157d5-1f26-4798-9866-409c5de6f25e
2026-08-01 17:45:02,662 [INFO] Migrated location description to new Bnode for uuid: 036157d5-1f26-4798-9866-409c5de6f25e and description: Wijk 20, Verpondingsnr 2024.
2026-08-01 17:45:02,792 [INFO] Turtle succesfully updated for row: 036157d5-1f26-4798-9866-409c5de6f25e
2026-08-01 17:45:02,792 [INFO] Turtle is changed in the script. Check loginfo for details on uuid: 036157d5-1f26-4798-9866-409c5de6f25e
2026-08-01 17:45:02,792 [INFO] STARTING WITH UUID: 03616173-9218-4b03-8cad-9dea33d1528b
2026-08-01 17:45:02,867 [INFO] Concept vocabulair and description: Wijk 28, Verpondingsnr 4202 added for row: 03616173-9218-4b03-8cad-9dea33d1528b
2026-08-01 17:45:02,867 [INFO] UUID: 03616173-9218-4b03-8cad-9dea33d1528b
2026-08-01 17:45:02,867 [INFO] Migrated location description to new Bnode for uuid: 03616173-9218-4b03-8cad-9dea33d1528b and description: Wijk 28, Verpondingsnr 4202.
2026-08-01 17:45:03,002 [INFO] Turtle succesfully updated for row: 03616173-9218-4b03-8cad-9dea33d1528b
2026-08-01 17:45:03,002 [INFO] Turtle is changed in the script. Check loginfo for details on uuid: 03616173-9218-4b03-8cad-9dea33d1528b
2026-08-01 17:45:03,002 [INFO] STARTING WITH UUID: 0362f704-cb7b-42c8-bf94-439e5e4db1c2
2026-08-01 17:45:03,080 [INFO] Concept vocabulair and description: Wijk 34, Verpondingsnr 6398-1 added for row: 0362f704-cb7b-42c8-bf94-439e5e4db1c2
2026-08-01 17:45:03,080 [INFO] UUID: 0362f704-cb7b-42c8-bf94-439e5e4db1c2
2026-08-01 17:45:03,080 [INFO] Migrated location description to new Bnode for uuid: 0362f704-cb7b-42c8-bf94-439e5e4db1c2 and description: Wijk 34, Verpondingsnr 6398-1.
2026-08-01 17:45:03,181 [INFO] Turtle succesfully updated for row: 0362f704-cb7b-42c8-bf94-439e5e4db1c2
2026-08-01 17:45:03,181 [INFO] Turtle is changed in the script. Check loginfo for details on uuid: 0362f704-cb7b-42c8-bf94-439e5e4db1c2
2026-08-01 17:45:03,182 [INFO] STARTING WITH UUID: 03675a2d-3355-4dc3-922c-837d197d872a
2026-08-01 17:45:03,274 [INFO] Concept vocabulair and description: Lijnbaanssteeg added for row: 03675a2d-3355-4dc3-922c-837d197d872a
2026-08-01 17:45:03,275 [INFO] UUID: 03675a2d-3355-4dc3-922c-837d197d872a
2026-08-01 17:45:03,275 [INFO] Migrated location description to new Bnode for uuid: 03675a2d-3355-4dc3-922c-837d197d872a and description: Lijnbaanssteeg.
2026-08-01 17:45:03,395 [INFO] Turtle succesfully updated for row: 03675a2d-3355-4dc3-922c-837d197d872a
2026-08-01 17:45:03,395 [INFO] Turtle is changed in the script. Check loginfo for details on uuid: 03675a2d-3355-4dc3-922c-837d197d872a
2026-08-01 17:45:03,395 [INFO] STARTING WITH UUID: 036d994b-1e5a-4674-9c1a-e6d6fd83b81b
2026-08-01 17:45:03,484 [INFO] Concept vocabulair and description: Wijk 41, Verpondingsnr 2224 added for row: 036d994b-1e5a-4674-9c1a-e6d6fd83b81b
2026-08-01 17:45:03,484 [INFO] UUID: 036d994b-1e5a-4674-9c1a-e6d6fd83b81b
2026-08-01 17:45:03,484 [INFO] Migrated location description to new Bnode for uuid: 036d994b-1e5a-4674-9c1a-e6d6fd83b81b and description: Wijk 41, Verpondingsnr 2224.
2026-08-01 17:45:03,608 [INFO] Turtle succesfully updated for row: 036d994b-1e5a-4674-9c1a-e6d6fd83b81b
2026-08-01 17:45:03,609 [INFO] Turtle is changed in the script. Check loginfo for details on uuid: 036d994b-1e5a-4674-9c1a-e6d6fd83b81b
2026-08-01 17:45:03,609 [INFO] STARTING WITH UUID: 036e9a43-2777-4340-b875-dd1fc1755a41
2026-08-01 17:45:03,682 [INFO] Concept vocabulair and description: Wijk 51, Verpondingsnr 229 added for row: 036e9a43-2777-4340-b875-dd1fc1755a41
2026-08-01 17:45:03,682 [INFO] UUID: 036e9a43-2777-4340-b875-dd1fc1755a41
2026-08-01 17:45:03,682 [INFO] Migrated location description to new Bnode for uuid: 036e9a43-2777-4340-b875-dd1fc1755a41 and description: Wijk 51, Verpondingsnr 229.
2026-08-01 17:45:03,799 [INFO] Turtle succesfully updated for row: 036e9a43-2777-4340-b875-dd1fc1755a41
2026-08-01 17:45:03,799 [INFO] Turtle is changed in the script. Check loginfo for details on uuid: 036e9a43-2777-4340-b875-dd1fc1755a41
2026-08-01 17:45:03,800 [INFO] STARTING WITH UUID: 036f9143-ec38-4e68-891c-a495fa431df2
2026-08-01 17:45:03,893 [INFO] Concept vocabulair and description: Wijk 25, Verpondingsnr 3092 added for row: 036f9143-ec38-4e68-891c-a495fa431df2
2026-08-01 17:45:03,893 [INFO] UUID: 036f9143-ec38-4e68-891c-a495fa431df2
2026-08-01 17:45:03,893 [INFO] Migrated location description to new Bnode for uuid: 036f9143-ec38-4e68-891c-a495fa431df2 and description: Wijk 25, Verpondingsnr 3092.
2026-08-01 17:45:04,017 [INFO] Turtle succesfully updated for row: 036f9143-ec38-4e68-891c-a495fa431df2
2026-08-01 17:45:04,017 [INFO] Turtle is changed in the script. Check loginfo for details on uuid: 036f9143-ec38-4e68-891c-a495fa431df2
2026-08-01 17:45:04,018 [INFO] STARTING WITH UUID: 03700634-dcc1-4627-a536-b7d45e810405
2026-08-01 17:45:04,086 [INFO] Concept vocabulair and description: Wijk 40, Verpondingsnr 2042 added for row: 03700634-dcc1-4627-a536-b7d45e810405
2026-08-01 17:45:04,086 [INFO] UUID: 03700634-dcc1-4627-a536-b7d45e810405
2026-08-01 17:45:04,086 [INFO] Migrated location description to new Bnode for uuid: 03700634-dcc1-4627-a536-b7d45e810405 and description: Wijk 40, Verpondingsnr 2042.
2026-08-01 17:45:04,208 [INFO] Turtle succesfully updated for row: 03700634-dcc1-4627-a536-b7d45e810405
2026-08-01 17:45:04,208 [INFO] Turtle is changed in the script. Check loginfo for details on uuid: 03700634-dcc1-4627-a536-b7d45e810405
2026-08-01 17:45:04,208 [INFO] STARTING WITH UUID: 0373fe92-9b3d-47e3-9d36-67d147465c55
2026-08-01 17:45:04,285 [INFO] Concept vocabulair and description: Steenvoetsteeg zuidzij van de Houtuijnen naar de Breestraat, Wijk 15, Verpondingsnr 5601 added for row: 0373fe92-9b3d-47e3-9d36-67d147465c55
2026-08-01 17:45:04,285 [INFO] UUID: 0373fe92-9b3d-47e3-9d36-67d147465c55
2026-08-01 17:45:04,285 [INFO] Migrated location description to new Bnode for uuid: 0373fe92-9b3d-47e3-9d36-67d147465c55 and description: Steenvoetsteeg zuidzij van de Houtuijnen naar de Breestraat, Wijk 15, Verpondingsnr 5601.
2026-08-01 17:45:04,390 [INFO] Turtle succesfully updated for row: 0373fe92-9b3d-47e3-9d36-67d147465c55
2026-08-01 17:45:04,390 [INFO] Turtle is changed in the script. Check loginfo for details on uuid: 0373fe92-9b3d-47e3-9d36-67d147465c55
2026-08-01 17:45:04,391 [INFO] STARTING WITH UUID: 0376d2c3-3842-4fa6-baa6-ce47c77695ce
2026-08-01 17:45:04,470 [INFO] Concept vocabulair and description: Wijk 59, Verpondingsnr 5263 added for row: 0376d2c3-3842-4fa6-baa6-ce47c77695ce
2026-08-01 17:45:04,471 [INFO] UUID: 0376d2c3-3842-4fa6-baa6-ce47c77695ce
2026-08-01 17:45:04,471 [INFO] Migrated location description to new Bnode for uuid: 0376d2c3-3842-4fa6-baa6-ce47c77695ce and description: Wijk 59, Verpondingsnr 5263.
2026-08-01 17:45:04,615 [INFO] Turtle succesfully updated for row: 0376d2c3-3842-4fa6-baa6-ce47c77695ce
2026-08-01 17:45:04,615 [INFO] Turtle is changed in the script. Check loginfo for details on uuid: 0376d2c3-3842-4fa6-baa6-ce47c77695ce
2026-08-01 17:45:04,615 [INFO] STARTING WITH UUID: 03780ed4-3c7e-4bf8-bf9a-482012716945
2026-08-01 17:45:04,718 [INFO] Concept vocabulair and description: Wijk 58, Verpondingsnr 4940-1 added for row: 03780ed4-3c7e-4bf8-bf9a-482012716945
2026-08-01 17:45:04,718 [INFO] UUID: 03780ed4-3c7e-4bf8-bf9a-482012716945
2026-08-01 17:45:04,718 [INFO] Migrated location description to new Bnode for uuid: 03780ed4-3c7e-4bf8-bf9a-482012716945 and description: Wijk 58, Verpondingsnr 4940-1.
2026-08-01 17:45:04,830 [INFO] Turtle succesfully updated for row: 03780ed4-3c7e-4bf8-bf9a-482012716945
2026-08-01 17:45:04,831 [INFO] Turtle is changed in the script. Check loginfo for details on uuid: 03780ed4-3c7e-4bf8-bf9a-482012716945
2026-08-01 17:45:04,831 [INFO] STARTING WITH UUID: 037b91ed-52a1-4ab5-90fa-6ef9853568ae
2026-08-01 17:45:04,919 [INFO] Concept vocabulair and description: Wijk 32, Verpondingsnr 5739 added for row: 037b91ed-52a1-4ab5-90fa-6ef9853568ae
2026-08-01 17:45:04,919 [INFO] UUID: 037b91ed-52a1-4ab5-90fa-6ef9853568ae
2026-08-01 17:45:04,919 [INFO] Migrated location description to new Bnode for uuid: 037b91ed-52a1-4ab5-90fa-6ef9853568ae and description: Wijk 32, Verpondingsnr 5739.
2026-08-01 17:45:05,027 [INFO] Turtle succesfully updated for row: 037b91ed-52a1-4ab5-90fa-6ef9853568ae
2026-08-01 17:45:05,027 [INFO] Turtle is changed in the script. Check loginfo for details on uuid: 037b91ed-52a1-4ab5-90fa-6ef9853568ae
2026-08-01 17:45:05,027 [INFO] STARTING WITH UUID: 0380167a-d032-4048-a2e5-fb85b0f30cde
2026-08-01 17:45:05,115 [INFO] Concept vocabulair and description: Wijk 42, Verpondingsnr 2706 added for row: 0380167a-d032-4048-a2e5-fb85b0f30cde
2026-08-01 17:45:05,116 [INFO] UUID: 0380167a-d032-4048-a2e5-fb85b0f30cde
2026-08-01 17:45:05,116 [INFO] Migrated location description to new Bnode for uuid: 0380167a-d032-4048-a2e5-fb85b0f30cde and description: Wijk 42, Verpondingsnr 2706.
2026-08-01 17:45:05,228 [INFO] Turtle succesfully updated for row: 0380167a-d032-4048-a2e5-fb85b0f30cde
2026-08-01 17:45:05,228 [INFO] Turtle is changed in the script. Check loginfo for details on uuid: 0380167a-d032-4048-a2e5-fb85b0f30cde
2026-08-01 17:45:05,228 [INFO] STARTING WITH UUID: 0382011e-9b9e-4de2-a563-69fb315cb4f4
2026-08-01 17:45:05,302 [INFO] Concept vocabulair and description: Wijk 60, Verpondingsnr 5897 added for row: 0382011e-9b9e-4de2-a563-69fb315cb4f4
2026-08-01 17:45:05,302 [INFO] UUID: 0382011e-9b9e-4de2-a563-69fb315cb4f4
2026-08-01 17:45:05,306 [INFO] Migrated location description to new Bnode for uuid: 0382011e-9b9e-4de2-a563-69fb315cb4f4 and description: Wijk 60, Verpondingsnr 5897.
2026-08-01 17:45:05,410 [INFO] Turtle succesfully updated for row: 0382011e-9b9e-4de2-a563-69fb315cb4f4
2026-08-01 17:45:05,410 [INFO] Turtle is changed in the script. Check loginfo for details on uuid: 0382011e-9b9e-4de2-a563-69fb315cb4f4
2026-08-01 17:45:05,410 [INFO] STARTING WITH UUID: 03822194-234c-44d7-bff6-4127a26b375e
2026-08-01 17:45:05,486 [INFO] Concept vocabulair and description: Wijk 58, Verpondingsnr 4597 added for row: 03822194-234c-44d7-bff6-4127a26b375e
2026-08-01 17:45:05,486 [INFO] UUID: 03822194-234c-44d7-bff6-4127a26b375e
2026-08-01 17:45:05,486 [INFO] Migrated location description to new Bnode for uuid: 03822194-234c-44d7-bff6-4127a26b375e and description: Wijk 58, Verpondingsnr 4597.
2026-08-01 17:45:05,609 [INFO] Turtle succesfully updated for row: 03822194-234c-44d7-bff6-4127a26b375e
2026-08-01 17:45:05,609 [INFO] Turtle is changed in the script. Check loginfo for details on uuid: 03822194-234c-44d7-bff6-4127a26b375e
2026-08-01 17:45:05,609 [INFO] STARTING WITH UUID: 0382d3f5-4831-45aa-b7a0-8ad1728d22be
2026-08-01 17:45:05,675 [INFO] Concept vocabulair and description: Oosterse Kaaij, Wijk 16, Verpondingsnr 374 added for row: 0382d3f5-4831-45aa-b7a0-8ad1728d22be
2026-08-01 17:45:05,675 [INFO] UUID: 0382d3f5-4831-45aa-b7a0-8ad1728d22be
2026-08-01 17:45:05,675 [INFO] Migrated location description to new Bnode for uuid: 0382d3f5-4831-45aa-b7a0-8ad1728d22be and description: Oosterse Kaaij, Wijk 16, Verpondingsnr 374.
2026-08-01 17:45:05,773 [INFO] Turtle succesfully updated for row: 0382d3f5-4831-45aa-b7a0-8ad1728d22be
2026-08-01 17:45:05,773 [INFO] Turtle is changed in the script. Check loginfo for details on uuid: 0382d3f5-4831-45aa-b7a0-8ad1728d22be
2026-08-01 17:45:05,774 [INFO] STARTING WITH UUID: 038eeb0a-71b5-4edf-a4b0-0672c0750f5d
2026-08-01 17:45:05,875 [INFO] Concept vocabulair and description: Kromme Tuijnstraat, Wijk 48, Verpondingsnr 4689 added for row: 038eeb0a-71b5-4edf-a4b0-0672c0750f5d
2026-08-01 17:45:05,875 [INFO] UUID: 038eeb0a-71b5-4edf-a4b0-0672c0750f5d
2026-08-01 17:45:05,875 [INFO] Migrated location description to new Bnode for uuid: 038eeb0a-71b5-4edf-a4b0-0672c0750f5d and description: Kromme Tuijnstraat, Wijk 48, Verpondingsnr 4689.
2026-08-01 17:45:05,980 [INFO] Turtle succesfully updated for row: 038eeb0a-71b5-4edf-a4b0-0672c0750f5d
2026-08-01 17:45:05,981 [INFO] Turtle is changed in the script. Check loginfo for details on uuid: 038eeb0a-71b5-4edf-a4b0-0672c0750f5d
2026-08-01 17:45:05,981 [INFO] STARTING WITH UUID: 03905bfe-cc09-4bd0-8706-6b06958f9e30
2026-08-01 17:45:06,069 [INFO] Concept vocabulair and description: Beginnende met de Jonkerstraat, Wijk 12, Verpondingsnr 3566 added for row: 03905bfe-cc09-4bd0-8706-6b06958f9e30
2026-08-01 17:45:06,069 [INFO] UUID: 03905bfe-cc09-4bd0-8706-6b06958f9e30
2026-08-01 17:45:06,069 [INFO] Migrated location description to new Bnode for uuid: 03905bfe-cc09-4bd0-8706-6b06958f9e30 and description: Beginnende met de Jonkerstraat, Wijk 12, Verpondingsnr 3566.
2026-08-01 17:45:06,189 [INFO] Turtle succesfully updated for row: 03905bfe-cc09-4bd0-8706-6b06958f9e30
2026-08-01 17:45:06,189 [INFO] Turtle is changed in the script. Check loginfo for details on uuid: 03905bfe-cc09-4bd0-8706-6b06958f9e30
2026-08-01 17:45:06,189 [INFO] STARTING WITH UUID: 03977b36-872f-427e-b4b9-ec62518352ed
2026-08-01 17:45:06,277 [INFO] Concept vocabulair and description: Voorbij de Eerste Dwarstraat, Wijk 44, Verpondingsnr 3354 added for row: 03977b36-872f-427e-b4b9-ec62518352ed
2026-08-01 17:45:06,277 [INFO] UUID: 03977b36-872f-427e-b4b9-ec62518352ed
2026-08-01 17:45:06,277 [INFO] Migrated location description to new Bnode for uuid: 03977b36-872f-427e-b4b9-ec62518352ed and description: Voorbij de Eerste Dwarstraat, Wijk 44, Verpondingsnr 3354.
2026-08-01 17:45:06,416 [INFO] Turtle succesfully updated for row: 03977b36-872f-427e-b4b9-ec62518352ed
2026-08-01 17:45:06,416 [INFO] Turtle is changed in the script. Check loginfo for details on uuid: 03977b36-872f-427e-b4b9-ec62518352ed
2026-08-01 17:45:06,416 [INFO] STARTING WITH UUID: 039e5bd4-315b-4eee-b8c8-87e65aa847c8
2026-08-01 17:45:06,494 [INFO] Concept vocabulair and description: Beginnende met de Jonkerstraat, Wijk 12, Verpondingsnr 3393 added for row: 039e5bd4-315b-4eee-b8c8-87e65aa847c8
2026-08-01 17:45:06,494 [INFO] UUID: 039e5bd4-315b-4eee-b8c8-87e65aa847c8
2026-08-01 17:45:06,494 [INFO] Migrated location description to new Bnode for uuid: 039e5bd4-315b-4eee-b8c8-87e65aa847c8 and description: Beginnende met de Jonkerstraat, Wijk 12, Verpondingsnr 3393.
2026-08-01 17:45:06,593 [INFO] Turtle succesfully updated for row: 039e5bd4-315b-4eee-b8c8-87e65aa847c8
2026-08-01 17:45:06,593 [INFO] Turtle is changed in the script. Check loginfo for details on uuid: 039e5bd4-315b-4eee-b8c8-87e65aa847c8
2026-08-01 17:45:06,593 [INFO] STARTING WITH UUID: 03a03908-082f-4b5e-971e-1cb0f11aefde
2026-08-01 17:45:06,695 [INFO] Concept vocabulair and description: Wijk 57, Verpondingsnr 3864 added for row: 03a03908-082f-4b5e-971e-1cb0f11aefde
2026-08-01 17:45:06,695 [INFO] UUID: 03a03908-082f-4b5e-971e-1cb0f11aefde
2026-08-01 17:45:06,695 [INFO] Migrated location description to new Bnode for uuid: 03a03908-082f-4b5e-971e-1cb0f11aefde and description: Wijk 57, Verpondingsnr 3864.
2026-08-01 17:45:06,787 [INFO] Turtle succesfully updated for row: 03a03908-082f-4b5e-971e-1cb0f11aefde
2026-08-01 17:45:06,787 [INFO] Turtle is changed in the script. Check loginfo for details on uuid: 03a03908-082f-4b5e-971e-1cb0f11aefde
2026-08-01 17:45:06,788 [INFO] STARTING WITH UUID: 03a05feb-54f4-4c0b-8d2d-52cef49d5a90
2026-08-01 17:45:06,865 [INFO] Concept vocabulair and description: Wijk 52, Verpondingsnr 1530 added for row: 03a05feb-54f4-4c0b-8d2d-52cef49d5a90
2026-08-01 17:45:06,865 [INFO] UUID: 03a05feb-54f4-4c0b-8d2d-52cef49d5a90
2026-08-01 17:45:06,865 [INFO] Migrated location description to new Bnode for uuid: 03a05feb-54f4-4c0b-8d2d-52cef49d5a90 and description: Wijk 52, Verpondingsnr 1530.
2026-08-01 17:45:06,965 [INFO] Turtle succesfully updated for row: 03a05feb-54f4-4c0b-8d2d-52cef49d5a90
2026-08-01 17:45:06,965 [INFO] Turtle is changed in the script. Check loginfo for details on uuid: 03a05feb-54f4-4c0b-8d2d-52cef49d5a90
2026-08-01 17:45:06,965 [INFO] STARTING WITH UUID: 03a073dd-5483-40cc-8e80-b43d20ee6b44
2026-08-01 17:45:07,042 [INFO] Concept vocabulair and description: Wijk 38, Verpondingsnr 1385 added for row: 03a073dd-5483-40cc-8e80-b43d20ee6b44
2026-08-01 17:45:07,042 [INFO] UUID: 03a073dd-5483-40cc-8e80-b43d20ee6b44
2026-08-01 17:45:07,043 [INFO] Migrated location description to new Bnode for uuid: 03a073dd-5483-40cc-8e80-b43d20ee6b44 and description: Wijk 38, Verpondingsnr 1385.
2026-08-01 17:45:07,184 [INFO] Turtle succesfully updated for row: 03a073dd-5483-40cc-8e80-b43d20ee6b44
2026-08-01 17:45:07,184 [INFO] Turtle is changed in the script. Check loginfo for details on uuid: 03a073dd-5483-40cc-8e80-b43d20ee6b44
2026-08-01 17:45:07,185 [INFO] STARTING WITH UUID: 03a3e918-087e-4873-bace-c7ba6c93346f
2026-08-01 17:45:07,264 [INFO] Concept vocabulair and description: Binnekant van ‘t Nieuwe Waale eijland agter de hoek van de Haekmarkt, Wijk 11, Verpondingsnr 3118 added for row: 03a3e918-087e-4873-bace-c7ba6c93346f
2026-08-01 17:45:07,264 [INFO] UUID: 03a3e918-087e-4873-bace-c7ba6c93346f
2026-08-01 17:45:07,264 [INFO] Migrated location description to new Bnode for uuid: 03a3e918-087e-4873-bace-c7ba6c93346f and description: Binnekant van ‘t Nieuwe Waale eijland agter de hoek van de Haekmarkt, Wijk 11, Verpondingsnr 3118.
2026-08-01 17:45:07,387 [INFO] Turtle succesfully updated for row: 03a3e918-087e-4873-bace-c7ba6c93346f
2026-08-01 17:45:07,387 [INFO] Turtle is changed in the script. Check loginfo for details on uuid: 03a3e918-087e-4873-bace-c7ba6c93346f
2026-08-01 17:45:07,388 [INFO] STARTING WITH UUID: 03a59593-fa23-4976-b61c-05902e6e7152
2026-08-01 17:45:07,463 [INFO] Concept vocabulair and description: Wijk 51, Verpondingsnr 254 added for row: 03a59593-fa23-4976-b61c-05902e6e7152
2026-08-01 17:45:07,463 [INFO] UUID: 03a59593-fa23-4976-b61c-05902e6e7152
2026-08-01 17:45:07,463 [INFO] Migrated location description to new Bnode for uuid: 03a59593-fa23-4976-b61c-05902e6e7152 and description: Wijk 51, Verpondingsnr 254.
2026-08-01 17:45:07,585 [INFO] Turtle succesfully updated for row: 03a59593-fa23-4976-b61c-05902e6e7152
2026-08-01 17:45:07,585 [INFO] Turtle is changed in the script. Check loginfo for details on uuid: 03a59593-fa23-4976-b61c-05902e6e7152
2026-08-01 17:45:07,585 [INFO] STARTING WITH UUID: 03aa7e43-6614-4fad-856c-673fb4fea33f
2026-08-01 17:45:07,674 [INFO] Concept vocabulair and description: Oosterse Kaaij, Wijk 16, Verpondingsnr 1019 added for row: 03aa7e43-6614-4fad-856c-673fb4fea33f
2026-08-01 17:45:07,674 [INFO] UUID: 03aa7e43-6614-4fad-856c-673fb4fea33f
2026-08-01 17:45:07,674 [INFO] Migrated location description to new Bnode for uuid: 03aa7e43-6614-4fad-856c-673fb4fea33f and description: Oosterse Kaaij, Wijk 16, Verpondingsnr 1019.
2026-08-01 17:45:07,799 [INFO] Turtle succesfully updated for row: 03aa7e43-6614-4fad-856c-673fb4fea33f
2026-08-01 17:45:07,799 [INFO] Turtle is changed in the script. Check loginfo for details on uuid: 03aa7e43-6614-4fad-856c-673fb4fea33f
2026-08-01 17:45:07,799 [INFO] STARTING WITH UUID: 03ac2efa-baa2-4ec2-844a-8de413f01219
2026-08-01 17:45:07,891 [INFO] Concept vocabulair and description: Anjeliersdwarsstraat added for row: 03ac2efa-baa2-4ec2-844a-8de413f01219
2026-08-01 17:45:07,892 [INFO] UUID: 03ac2efa-baa2-4ec2-844a-8de413f01219
2026-08-01 17:45:07,892 [INFO] Migrated location description to new Bnode for uuid: 03ac2efa-baa2-4ec2-844a-8de413f01219 and description: Anjeliersdwarsstraat.
2026-08-01 17:45:08,011 [INFO] Turtle succesfully updated for row: 03ac2efa-baa2-4ec2-844a-8de413f01219
2026-08-01 17:45:08,011 [INFO] Turtle is changed in the script. Check loginfo for details on uuid: 03ac2efa-baa2-4ec2-844a-8de413f01219
2026-08-01 17:45:08,011 [INFO] STARTING WITH UUID: 03ae2762-b222-4917-b3bf-7f06200e6c5b
2026-08-01 17:45:08,091 [INFO] Concept vocabulair and description: Wijk 53, Verpondingsnr 2069 added for row: 03ae2762-b222-4917-b3bf-7f06200e6c5b
2026-08-01 17:45:08,091 [INFO] UUID: 03ae2762-b222-4917-b3bf-7f06200e6c5b
2026-08-01 17:45:08,091 [INFO] Migrated location description to new Bnode for uuid: 03ae2762-b222-4917-b3bf-7f06200e6c5b and description: Wijk 53, Verpondingsnr 2069.
2026-08-01 17:45:08,183 [INFO] Turtle succesfully updated for row: 03ae2762-b222-4917-b3bf-7f06200e6c5b
2026-08-01 17:45:08,183 [INFO] Turtle is changed in the script. Check loginfo for details on uuid: 03ae2762-b222-4917-b3bf-7f06200e6c5b
2026-08-01 17:45:08,183 [INFO] STARTING WITH UUID: 03b01a5c-a56f-4c2a-814e-2e9867b217d0
2026-08-01 17:45:08,254 [INFO] Concept vocabulair and description: Wijk 52, Verpondingsnr 1533 added for row: 03b01a5c-a56f-4c2a-814e-2e9867b217d0
2026-08-01 17:45:08,255 [INFO] UUID: 03b01a5c-a56f-4c2a-814e-2e9867b217d0
2026-08-01 17:45:08,255 [INFO] Migrated location description to new Bnode for uuid: 03b01a5c-a56f-4c2a-814e-2e9867b217d0 and description: Wijk 52, Verpondingsnr 1533.
2026-08-01 17:45:08,392 [INFO] Turtle succesfully updated for row: 03b01a5c-a56f-4c2a-814e-2e9867b217d0
2026-08-01 17:45:08,392 [INFO] Turtle is changed in the script. Check loginfo for details on uuid: 03b01a5c-a56f-4c2a-814e-2e9867b217d0
2026-08-01 17:45:08,393 [INFO] STARTING WITH UUID: 03b29fc4-2218-4a5f-9eef-ddb00b3dccce
2026-08-01 17:45:08,484 [INFO] Concept vocabulair and description: Wijk 41, Verpondingsnr 2406 added for row: 03b29fc4-2218-4a5f-9eef-ddb00b3dccce
2026-08-01 17:45:08,484 [INFO] UUID: 03b29fc4-2218-4a5f-9eef-ddb00b3dccce
2026-08-01 17:45:08,484 [INFO] Migrated location description to new Bnode for uuid: 03b29fc4-2218-4a5f-9eef-ddb00b3dccce and description: Wijk 41, Verpondingsnr 2406.
2026-08-01 17:45:08,582 [INFO] Turtle succesfully updated for row: 03b29fc4-2218-4a5f-9eef-ddb00b3dccce
2026-08-01 17:45:08,582 [INFO] Turtle is changed in the script. Check loginfo for details on uuid: 03b29fc4-2218-4a5f-9eef-ddb00b3dccce
2026-08-01 17:45:08,582 [INFO] STARTING WITH UUID: 03b6a5df-7c08-49ca-ace4-a49d82ce6208
2026-08-01 17:45:08,667 [INFO] Concept vocabulair and description: Wijk 22, Verpondingsnr 2346 added for row: 03b6a5df-7c08-49ca-ace4-a49d82ce6208
2026-08-01 17:45:08,667 [INFO] UUID: 03b6a5df-7c08-49ca-ace4-a49d82ce6208
2026-08-01 17:45:08,667 [INFO] Migrated location description to new Bnode for uuid: 03b6a5df-7c08-49ca-ace4-a49d82ce6208 and description: Wijk 22, Verpondingsnr 2346.
2026-08-01 17:45:08,827 [INFO] Turtle succesfully updated for row: 03b6a5df-7c08-49ca-ace4-a49d82ce6208
2026-08-01 17:45:08,828 [INFO] Turtle is changed in the script. Check loginfo for details on uuid: 03b6a5df-7c08-49ca-ace4-a49d82ce6208
2026-08-01 17:45:08,828 [INFO] STARTING WITH UUID: 03bb36df-ef5f-4ba2-baf1-73b8405d2037
2026-08-01 17:45:08,926 [INFO] Concept vocabulair and description: Beginnende op de hoek van de Raamgracht en Groene Burgwal, Wijk 14, Verpondingsnr 4220 added for row: 03bb36df-ef5f-4ba2-baf1-73b8405d2037
2026-08-01 17:45:08,926 [INFO] UUID: 03bb36df-ef5f-4ba2-baf1-73b8405d2037
2026-08-01 17:45:08,926 [INFO] Migrated location description to new Bnode for uuid: 03bb36df-ef5f-4ba2-baf1-73b8405d2037 and description: Beginnende op de hoek van de Raamgracht en Groene Burgwal, Wijk 14, Verpondingsnr 4220.
2026-08-01 17:45:09,024 [INFO] Turtle succesfully updated for row: 03bb36df-ef5f-4ba2-baf1-73b8405d2037
2026-08-01 17:45:09,024 [INFO] Turtle is changed in the script. Check loginfo for details on uuid: 03bb36df-ef5f-4ba2-baf1-73b8405d2037
2026-08-01 17:45:09,024 [INFO] STARTING WITH UUID: 03bbb0fe-8bb6-4414-afeb-1764ba8c3d67
2026-08-01 17:45:09,094 [INFO] Concept vocabulair and description: Wijk 34, Verpondingsnr 6254 added for row: 03bbb0fe-8bb6-4414-afeb-1764ba8c3d67
2026-08-01 17:45:09,094 [INFO] UUID: 03bbb0fe-8bb6-4414-afeb-1764ba8c3d67
2026-08-01 17:45:09,094 [INFO] Migrated location description to new Bnode for uuid: 03bbb0fe-8bb6-4414-afeb-1764ba8c3d67 and description: Wijk 34, Verpondingsnr 6254.
2026-08-01 17:45:09,192 [INFO] Turtle succesfully updated for row: 03bbb0fe-8bb6-4414-afeb-1764ba8c3d67
2026-08-01 17:45:09,192 [INFO] Turtle is changed in the script. Check loginfo for details on uuid: 03bbb0fe-8bb6-4414-afeb-1764ba8c3d67
2026-08-01 17:45:09,192 [INFO] STARTING WITH UUID: 03bf1300-c937-410c-aea6-0a0672ce8079
2026-08-01 17:45:09,266 [INFO] Concept vocabulair and description: Wijk 24, Verpondingsnr 2948 added for row: 03bf1300-c937-410c-aea6-0a0672ce8079
2026-08-01 17:45:09,266 [INFO] UUID: 03bf1300-c937-410c-aea6-0a0672ce8079
2026-08-01 17:45:09,266 [INFO] Migrated location description to new Bnode for uuid: 03bf1300-c937-410c-aea6-0a0672ce8079 and description: Wijk 24, Verpondingsnr 2948.
2026-08-01 17:45:09,363 [INFO] Turtle succesfully updated for row: 03bf1300-c937-410c-aea6-0a0672ce8079
2026-08-01 17:45:09,363 [INFO] Turtle is changed in the script. Check loginfo for details on uuid: 03bf1300-c937-410c-aea6-0a0672ce8079
2026-08-01 17:45:09,363 [INFO] STARTING WITH UUID: 03bf6ffd-6529-471b-9b21-ea1535cf7b75
2026-08-01 17:45:09,438 [INFO] Concept vocabulair and description: Wijk 52, Verpondingsnr 1436 added for row: 03bf6ffd-6529-471b-9b21-ea1535cf7b75
2026-08-01 17:45:09,438 [INFO] UUID: 03bf6ffd-6529-471b-9b21-ea1535cf7b75
2026-08-01 17:45:09,438 [INFO] Migrated location description to new Bnode for uuid: 03bf6ffd-6529-471b-9b21-ea1535cf7b75 and description: Wijk 52, Verpondingsnr 1436.
2026-08-01 17:45:09,556 [INFO] Turtle succesfully updated for row: 03bf6ffd-6529-471b-9b21-ea1535cf7b75
2026-08-01 17:45:09,556 [INFO] Turtle is changed in the script. Check loginfo for details on uuid: 03bf6ffd-6529-471b-9b21-ea1535cf7b75
2026-08-01 17:45:09,556 [INFO] STARTING WITH UUID: 03c083a0-b482-47b9-91c4-5993e3015ca2
2026-08-01 17:45:09,632 [INFO] Concept vocabulair and description: Wijk 57, Verpondingsnr 4145 added for row: 03c083a0-b482-47b9-91c4-5993e3015ca2
2026-08-01 17:45:09,632 [INFO] UUID: 03c083a0-b482-47b9-91c4-5993e3015ca2
2026-08-01 17:45:09,632 [INFO] Migrated location description to new Bnode for uuid: 03c083a0-b482-47b9-91c4-5993e3015ca2 and description: Wijk 57, Verpondingsnr 4145.
2026-08-01 17:45:09,739 [INFO] Turtle succesfully updated for row: 03c083a0-b482-47b9-91c4-5993e3015ca2
2026-08-01 17:45:09,739 [INFO] Turtle is changed in the script. Check loginfo for details on uuid: 03c083a0-b482-47b9-91c4-5993e3015ca2
2026-08-01 17:45:09,739 [INFO] STARTING WITH UUID: 03c2e458-1b32-43ed-9753-ad75e670edae
2026-08-01 17:45:09,816 [INFO] Concept vocabulair and description: Wijk 57, Verpondingsnr 4013 added for row: 03c2e458-1b32-43ed-9753-ad75e670edae
2026-08-01 17:45:09,817 [INFO] UUID: 03c2e458-1b32-43ed-9753-ad75e670edae
2026-08-01 17:45:09,817 [INFO] Migrated location description to new Bnode for uuid: 03c2e458-1b32-43ed-9753-ad75e670edae and description: Wijk 57, Verpondingsnr 4013.
2026-08-01 17:45:09,925 [INFO] Turtle succesfully updated for row: 03c2e458-1b32-43ed-9753-ad75e670edae
2026-08-01 17:45:09,925 [INFO] Turtle is changed in the script. Check loginfo for details on uuid: 03c2e458-1b32-43ed-9753-ad75e670edae
2026-08-01 17:45:09,925 [INFO] STARTING WITH UUID: 03d04305-5f26-436d-9253-f5e167499f7c
2026-08-01 17:45:10,002 [INFO] Concept vocabulair and description: Steenvoetsteeg zuidzij van de Houtuijnen naar de Breestraat, Wijk 15, Verpondingsnr 6243-1 added for row: 03d04305-5f26-436d-9253-f5e167499f7c
2026-08-01 17:45:10,003 [INFO] UUID: 03d04305-5f26-436d-9253-f5e167499f7c
2026-08-01 17:45:10,003 [INFO] Migrated location description to new Bnode for uuid: 03d04305-5f26-436d-9253-f5e167499f7c and description: Steenvoetsteeg zuidzij van de Houtuijnen naar de Breestraat, Wijk 15, Verpondingsnr 6243-1.
2026-08-01 17:45:10,110 [INFO] Turtle succesfully updated for row: 03d04305-5f26-436d-9253-f5e167499f7c
2026-08-01 17:45:10,110 [INFO] Turtle is changed in the script. Check loginfo for details on uuid: 03d04305-5f26-436d-9253-f5e167499f7c
2026-08-01 17:45:10,111 [INFO] STARTING WITH UUID: 03d35f60-6c13-40d8-bd98-28c99efe6e42
2026-08-01 17:45:10,201 [INFO] Concept vocabulair and description: Binnekant van ‘t Nieuwe Waale eijland agter de hoek van de Haekmarkt, Wijk 11, Verpondingsnr 3091 added for row: 03d35f60-6c13-40d8-bd98-28c99efe6e42
2026-08-01 17:45:10,201 [INFO] UUID: 03d35f60-6c13-40d8-bd98-28c99efe6e42
2026-08-01 17:45:10,201 [INFO] Migrated location description to new Bnode for uuid: 03d35f60-6c13-40d8-bd98-28c99efe6e42 and description: Binnekant van ‘t Nieuwe Waale eijland agter de hoek van de Haekmarkt, Wijk 11, Verpondingsnr 3091.
2026-08-01 17:45:10,310 [INFO] Turtle succesfully updated for row: 03d35f60-6c13-40d8-bd98-28c99efe6e42
2026-08-01 17:45:10,311 [INFO] Turtle is changed in the script. Check loginfo for details on uuid: 03d35f60-6c13-40d8-bd98-28c99efe6e42
2026-08-01 17:45:10,311 [INFO] STARTING WITH UUID: 03d46fad-0557-45a2-9b5c-5b0c9130813f
2026-08-01 17:45:10,400 [INFO] Concept vocabulair and description: Angeliersgracht, Wijk 49, Verpondingsnr 5246 added for row: 03d46fad-0557-45a2-9b5c-5b0c9130813f
2026-08-01 17:45:10,400 [INFO] UUID: 03d46fad-0557-45a2-9b5c-5b0c9130813f
2026-08-01 17:45:10,400 [INFO] Migrated location description to new Bnode for uuid: 03d46fad-0557-45a2-9b5c-5b0c9130813f and description: Angeliersgracht, Wijk 49, Verpondingsnr 5246.
2026-08-01 17:45:10,523 [INFO] Turtle succesfully updated for row: 03d46fad-0557-45a2-9b5c-5b0c9130813f
2026-08-01 17:45:10,523 [INFO] Turtle is changed in the script. Check loginfo for details on uuid: 03d46fad-0557-45a2-9b5c-5b0c9130813f
2026-08-01 17:45:10,523 [INFO] STARTING WITH UUID: 03d86f86-de30-4c20-932c-e19e3cd5e00e
2026-08-01 17:45:10,610 [INFO] Concept vocabulair and description: Wijk 60, Verpondingsnr 5638 added for row: 03d86f86-de30-4c20-932c-e19e3cd5e00e
2026-08-01 17:45:10,610 [INFO] UUID: 03d86f86-de30-4c20-932c-e19e3cd5e00e
2026-08-01 17:45:10,610 [INFO] Migrated location description to new Bnode for uuid: 03d86f86-de30-4c20-932c-e19e3cd5e00e and description: Wijk 60, Verpondingsnr 5638.
2026-08-01 17:45:10,710 [INFO] Turtle succesfully updated for row: 03d86f86-de30-4c20-932c-e19e3cd5e00e
2026-08-01 17:45:10,710 [INFO] Turtle is changed in the script. Check loginfo for details on uuid: 03d86f86-de30-4c20-932c-e19e3cd5e00e
2026-08-01 17:45:10,711 [INFO] STARTING WITH UUID: 03d8afdb-52da-4b18-9901-2c3c28741a8c
2026-08-01 17:45:10,828 [INFO] Concept vocabulair and description: Wijk 52, Verpondingsnr 1457 added for row: 03d8afdb-52da-4b18-9901-2c3c28741a8c
2026-08-01 17:45:10,828 [INFO] UUID: 03d8afdb-52da-4b18-9901-2c3c28741a8c
2026-08-01 17:45:10,828 [INFO] Migrated location description to new Bnode for uuid: 03d8afdb-52da-4b18-9901-2c3c28741a8c and description: Wijk 52, Verpondingsnr 1457.
2026-08-01 17:45:10,987 [INFO] Turtle succesfully updated for row: 03d8afdb-52da-4b18-9901-2c3c28741a8c
2026-08-01 17:45:10,987 [INFO] Turtle is changed in the script. Check loginfo for details on uuid: 03d8afdb-52da-4b18-9901-2c3c28741a8c
2026-08-01 17:45:10,988 [INFO] STARTING WITH UUID: 03da053b-3937-4f05-80ea-5f079229c8b9
2026-08-01 17:45:11,059 [INFO] Concept vocabulair and description: Steenvoetsteeg zuidzij van de Houtuijnen naar de Breestraat, Wijk 15, Verpondingsnr 5765 added for row: 03da053b-3937-4f05-80ea-5f079229c8b9
2026-08-01 17:45:11,059 [INFO] UUID: 03da053b-3937-4f05-80ea-5f079229c8b9
2026-08-01 17:45:11,059 [INFO] Migrated location description to new Bnode for uuid: 03da053b-3937-4f05-80ea-5f079229c8b9 and description: Steenvoetsteeg zuidzij van de Houtuijnen naar de Breestraat, Wijk 15, Verpondingsnr 5765.
2026-08-01 17:45:11,185 [INFO] Turtle succesfully updated for row: 03da053b-3937-4f05-80ea-5f079229c8b9
2026-08-01 17:45:11,185 [INFO] Turtle is changed in the script. Check loginfo for details on uuid: 03da053b-3937-4f05-80ea-5f079229c8b9
2026-08-01 17:45:11,186 [INFO] STARTING WITH UUID: 03dbcc8c-b123-4ed6-b188-2b445beeb5a1
2026-08-01 17:45:11,261 [INFO] Concept vocabulair and description: Wijk 51, Verpondingsnr 802 added for row: 03dbcc8c-b123-4ed6-b188-2b445beeb5a1
2026-08-01 17:45:11,261 [INFO] UUID: 03dbcc8c-b123-4ed6-b188-2b445beeb5a1
2026-08-01 17:45:11,261 [INFO] Migrated location description to new Bnode for uuid: 03dbcc8c-b123-4ed6-b188-2b445beeb5a1 and description: Wijk 51, Verpondingsnr 802.
2026-08-01 17:45:11,357 [INFO] Turtle succesfully updated for row: 03dbcc8c-b123-4ed6-b188-2b445beeb5a1
2026-08-01 17:45:11,357 [INFO] Turtle is changed in the script. Check loginfo for details on uuid: 03dbcc8c-b123-4ed6-b188-2b445beeb5a1
2026-08-01 17:45:11,358 [INFO] STARTING WITH UUID: 03e10fc7-2025-46e3-ba01-43c4ab1c1403
2026-08-01 17:45:11,435 [INFO] Concept vocabulair and description: Wijk 36, Verpondingsnr 714 added for row: 03e10fc7-2025-46e3-ba01-43c4ab1c1403
2026-08-01 17:45:11,435 [INFO] UUID: 03e10fc7-2025-46e3-ba01-43c4ab1c1403
2026-08-01 17:45:11,435 [INFO] Migrated location description to new Bnode for uuid: 03e10fc7-2025-46e3-ba01-43c4ab1c1403 and description: Wijk 36, Verpondingsnr 714.
2026-08-01 17:45:11,533 [INFO] Turtle succesfully updated for row: 03e10fc7-2025-46e3-ba01-43c4ab1c1403
2026-08-01 17:45:11,533 [INFO] Turtle is changed in the script. Check loginfo for details on uuid: 03e10fc7-2025-46e3-ba01-43c4ab1c1403
2026-08-01 17:45:11,533 [INFO] STARTING WITH UUID: 03e93480-5d80-4434-aeb7-92543a53d6d7
2026-08-01 17:45:11,607 [INFO] Concept vocabulair and description: Overzij van de Princegragt van de Egelantiersstraat na de Egelantiersgragt, Wijk 45, Verpondingsnr 3497 added for row: 03e93480-5d80-4434-aeb7-92543a53d6d7
2026-08-01 17:45:11,607 [INFO] UUID: 03e93480-5d80-4434-aeb7-92543a53d6d7
2026-08-01 17:45:11,607 [INFO] Migrated location description to new Bnode for uuid: 03e93480-5d80-4434-aeb7-92543a53d6d7 and description: Overzij van de Princegragt van de Egelantiersstraat na de Egelantiersgragt, Wijk 45, Verpondingsnr 3497.
2026-08-01 17:45:11,767 [INFO] Turtle succesfully updated for row: 03e93480-5d80-4434-aeb7-92543a53d6d7
2026-08-01 17:45:11,767 [INFO] Turtle is changed in the script. Check loginfo for details on uuid: 03e93480-5d80-4434-aeb7-92543a53d6d7
2026-08-01 17:45:11,767 [INFO] STARTING WITH UUID: 03eaa510-5dd9-46c5-9ad3-ace843ab7ab7
2026-08-01 17:45:11,850 [INFO] Concept vocabulair and description: Wijk 27, Verpondingsnr 3884 added for row: 03eaa510-5dd9-46c5-9ad3-ace843ab7ab7
2026-08-01 17:45:11,850 [INFO] UUID: 03eaa510-5dd9-46c5-9ad3-ace843ab7ab7
2026-08-01 17:45:11,850 [INFO] Migrated location description to new Bnode for uuid: 03eaa510-5dd9-46c5-9ad3-ace843ab7ab7 and description: Wijk 27, Verpondingsnr 3884.
2026-08-01 17:45:12,013 [INFO] Turtle succesfully updated for row: 03eaa510-5dd9-46c5-9ad3-ace843ab7ab7
2026-08-01 17:45:12,013 [INFO] Turtle is changed in the script. Check loginfo for details on uuid: 03eaa510-5dd9-46c5-9ad3-ace843ab7ab7
2026-08-01 17:45:12,013 [INFO] STARTING WITH UUID: 03eadb1e-f859-4bd9-996c-34aa05e97ec9
2026-08-01 17:45:12,095 [INFO] Concept vocabulair and description: Wijk 51, Verpondingsnr 953 added for row: 03eadb1e-f859-4bd9-996c-34aa05e97ec9
2026-08-01 17:45:12,095 [INFO] UUID: 03eadb1e-f859-4bd9-996c-34aa05e97ec9
2026-08-01 17:45:12,095 [INFO] Migrated location description to new Bnode for uuid: 03eadb1e-f859-4bd9-996c-34aa05e97ec9 and description: Wijk 51, Verpondingsnr 953.
2026-08-01 17:45:12,201 [INFO] Turtle succesfully updated for row: 03eadb1e-f859-4bd9-996c-34aa05e97ec9
2026-08-01 17:45:12,201 [INFO] Turtle is changed in the script. Check loginfo for details on uuid: 03eadb1e-f859-4bd9-996c-34aa05e97ec9
2026-08-01 17:45:12,201 [INFO] STARTING WITH UUID: 03ef0b6f-1e08-44f4-8319-04d980b68f3f
2026-08-01 17:45:12,294 [INFO] Concept vocabulair and description: Wijk 41, Verpondingsnr 2321 added for row: 03ef0b6f-1e08-44f4-8319-04d980b68f3f
2026-08-01 17:45:12,294 [INFO] UUID: 03ef0b6f-1e08-44f4-8319-04d980b68f3f
2026-08-01 17:45:12,294 [INFO] Migrated location description to new Bnode for uuid: 03ef0b6f-1e08-44f4-8319-04d980b68f3f and description: Wijk 41, Verpondingsnr 2321.
2026-08-01 17:45:12,403 [INFO] Turtle succesfully updated for row: 03ef0b6f-1e08-44f4-8319-04d980b68f3f
2026-08-01 17:45:12,403 [INFO] Turtle is changed in the script. Check loginfo for details on uuid: 03ef0b6f-1e08-44f4-8319-04d980b68f3f
2026-08-01 17:45:12,403 [INFO] STARTING WITH UUID: 03ef9262-bc06-43c9-b2af-188bceaa2460
2026-08-01 17:45:12,474 [INFO] Concept vocabulair and description: Wijk 58, Verpondingsnr 4538 added for row: 03ef9262-bc06-43c9-b2af-188bceaa2460
2026-08-01 17:45:12,474 [INFO] UUID: 03ef9262-bc06-43c9-b2af-188bceaa2460
2026-08-01 17:45:12,474 [INFO] Migrated location description to new Bnode for uuid: 03ef9262-bc06-43c9-b2af-188bceaa2460 and description: Wijk 58, Verpondingsnr 4538.
2026-08-01 17:45:12,588 [INFO] Turtle succesfully updated for row: 03ef9262-bc06-43c9-b2af-188bceaa2460
2026-08-01 17:45:12,588 [INFO] Turtle is changed in the script. Check loginfo for details on uuid: 03ef9262-bc06-43c9-b2af-188bceaa2460
2026-08-01 17:45:12,589 [INFO] STARTING WITH UUID: 03f4eac5-9dcd-4f34-9968-9d853678dc30
2026-08-01 17:45:12,670 [INFO] Concept vocabulair and description: Wijk 28, Verpondingsnr 4734 added for row: 03f4eac5-9dcd-4f34-9968-9d853678dc30
2026-08-01 17:45:12,670 [INFO] UUID: 03f4eac5-9dcd-4f34-9968-9d853678dc30
2026-08-01 17:45:12,670 [INFO] Migrated location description to new Bnode for uuid: 03f4eac5-9dcd-4f34-9968-9d853678dc30 and description: Wijk 28, Verpondingsnr 4734.
2026-08-01 17:45:12,772 [INFO] Turtle succesfully updated for row: 03f4eac5-9dcd-4f34-9968-9d853678dc30
2026-08-01 17:45:12,772 [INFO] Turtle is changed in the script. Check loginfo for details on uuid: 03f4eac5-9dcd-4f34-9968-9d853678dc30
2026-08-01 17:45:12,772 [INFO] STARTING WITH UUID: 03f9affd-7a6a-4f16-b94c-dac0e8606818
2026-08-01 17:45:12,854 [INFO] Concept vocabulair and description: Kromme Tuijnstraat, Wijk 48, Verpondingsnr 4800 added for row: 03f9affd-7a6a-4f16-b94c-dac0e8606818
2026-08-01 17:45:12,855 [INFO] UUID: 03f9affd-7a6a-4f16-b94c-dac0e8606818
2026-08-01 17:45:12,855 [INFO] Migrated location description to new Bnode for uuid: 03f9affd-7a6a-4f16-b94c-dac0e8606818 and description: Kromme Tuijnstraat, Wijk 48, Verpondingsnr 4800.
2026-08-01 17:45:12,997 [INFO] Turtle succesfully updated for row: 03f9affd-7a6a-4f16-b94c-dac0e8606818
2026-08-01 17:45:12,997 [INFO] Turtle is changed in the script. Check loginfo for details on uuid: 03f9affd-7a6a-4f16-b94c-dac0e8606818
2026-08-01 17:45:12,997 [INFO] STARTING WITH UUID: 03f9edac-d35e-410e-b5fa-0887b2eac9de
2026-08-01 17:45:13,065 [INFO] Concept vocabulair and description: Wijk 18, Verpondingsnr 1460 added for row: 03f9edac-d35e-410e-b5fa-0887b2eac9de
2026-08-01 17:45:13,065 [INFO] UUID: 03f9edac-d35e-410e-b5fa-0887b2eac9de
2026-08-01 17:45:13,065 [INFO] Migrated location description to new Bnode for uuid: 03f9edac-d35e-410e-b5fa-0887b2eac9de and description: Wijk 18, Verpondingsnr 1460.
2026-08-01 17:45:13,159 [INFO] Turtle succesfully updated for row: 03f9edac-d35e-410e-b5fa-0887b2eac9de
2026-08-01 17:45:13,159 [INFO] Turtle is changed in the script. Check loginfo for details on uuid: 03f9edac-d35e-410e-b5fa-0887b2eac9de
2026-08-01 17:45:13,159 [INFO] STARTING WITH UUID: 03ff4c72-8ab7-4c81-8b86-15c2397524f4
2026-08-01 17:45:13,230 [INFO] Concept vocabulair and description: Wijk 26, Verpondingsnr 3504 added for row: 03ff4c72-8ab7-4c81-8b86-15c2397524f4
2026-08-01 17:45:13,230 [INFO] UUID: 03ff4c72-8ab7-4c81-8b86-15c2397524f4
2026-08-01 17:45:13,230 [INFO] Migrated location description to new Bnode for uuid: 03ff4c72-8ab7-4c81-8b86-15c2397524f4 and description: Wijk 26, Verpondingsnr 3504.
2026-08-01 17:45:13,330 [INFO] Turtle succesfully updated for row: 03ff4c72-8ab7-4c81-8b86-15c2397524f4
2026-08-01 17:45:13,330 [INFO] Turtle is changed in the script. Check loginfo for details on uuid: 03ff4c72-8ab7-4c81-8b86-15c2397524f4
2026-08-01 17:45:13,330 [INFO] STARTING WITH UUID: 03ffddbe-12cd-4fb9-8b9d-48e50cf1815d
2026-08-01 17:45:13,407 [INFO] Concept vocabulair and description: Wijk 51, Verpondingsnr 719 added for row: 03ffddbe-12cd-4fb9-8b9d-48e50cf1815d
2026-08-01 17:45:13,407 [INFO] UUID: 03ffddbe-12cd-4fb9-8b9d-48e50cf1815d
2026-08-01 17:45:13,407 [INFO] Migrated location description to new Bnode for uuid: 03ffddbe-12cd-4fb9-8b9d-48e50cf1815d and description: Wijk 51, Verpondingsnr 719.
2026-08-01 17:45:13,547 [INFO] Turtle succesfully updated for row: 03ffddbe-12cd-4fb9-8b9d-48e50cf1815d
2026-08-01 17:45:13,547 [INFO] Turtle is changed in the script. Check loginfo for details on uuid: 03ffddbe-12cd-4fb9-8b9d-48e50cf1815d
2026-08-01 17:45:13,548 [INFO] STARTING WITH UUID: 04012b7e-589c-41ff-8fa1-6b6342479e46
2026-08-01 17:45:13,641 [INFO] Concept vocabulair and description: Ouden Brugsteeg noordzij beginnende van den Oudenbrug, Wijk 2, Verpondingsnr 443 added for row: 04012b7e-589c-41ff-8fa1-6b6342479e46
2026-08-01 17:45:13,641 [INFO] UUID: 04012b7e-589c-41ff-8fa1-6b6342479e46
2026-08-01 17:45:13,641 [INFO] Migrated location description to new Bnode for uuid: 04012b7e-589c-41ff-8fa1-6b6342479e46 and description: Ouden Brugsteeg noordzij beginnende van den Oudenbrug, Wijk 2, Verpondingsnr 443.
2026-08-01 17:45:13,767 [INFO] Turtle succesfully updated for row: 04012b7e-589c-41ff-8fa1-6b6342479e46
2026-08-01 17:45:13,767 [INFO] Turtle is changed in the script. Check loginfo for details on uuid: 04012b7e-589c-41ff-8fa1-6b6342479e46
2026-08-01 17:45:13,767 [INFO] STARTING WITH UUID: 0404e624-620d-43b4-b095-83899e11fe93
2026-08-01 17:45:13,853 [INFO] Concept vocabulair and description: Wijk 58, Verpondingsnr 4593 added for row: 0404e624-620d-43b4-b095-83899e11fe93
2026-08-01 17:45:13,853 [INFO] UUID: 0404e624-620d-43b4-b095-83899e11fe93
2026-08-01 17:45:13,853 [INFO] Migrated location description to new Bnode for uuid: 0404e624-620d-43b4-b095-83899e11fe93 and description: Wijk 58, Verpondingsnr 4593.
2026-08-01 17:45:13,957 [INFO] Turtle succesfully updated for row: 0404e624-620d-43b4-b095-83899e11fe93
2026-08-01 17:45:13,957 [INFO] Turtle is changed in the script. Check loginfo for details on uuid: 0404e624-620d-43b4-b095-83899e11fe93
2026-08-01 17:45:13,958 [INFO] STARTING WITH UUID: 04057887-1f58-4148-82aa-ef1b0d0a633b
2026-08-01 17:45:14,038 [INFO] Concept vocabulair and description: Wijk 19, Verpondingsnr 1760 added for row: 04057887-1f58-4148-82aa-ef1b0d0a633b
2026-08-01 17:45:14,038 [INFO] UUID: 04057887-1f58-4148-82aa-ef1b0d0a633b
2026-08-01 17:45:14,038 [INFO] Migrated location description to new Bnode for uuid: 04057887-1f58-4148-82aa-ef1b0d0a633b and description: Wijk 19, Verpondingsnr 1760.
2026-08-01 17:45:14,172 [INFO] Turtle succesfully updated for row: 04057887-1f58-4148-82aa-ef1b0d0a633b
2026-08-01 17:45:14,172 [INFO] Turtle is changed in the script. Check loginfo for details on uuid: 04057887-1f58-4148-82aa-ef1b0d0a633b
2026-08-01 17:45:14,173 [INFO] STARTING WITH UUID: 04091377-a8f4-4adc-bb84-1ee09ffe2538
2026-08-01 17:45:14,269 [INFO] Concept vocabulair and description: Beginnende op de Heeregragt over de Bergstraat westzij na de Lelijgragt, Wijk 44, Verpondingsnr 3145 added for row: 04091377-a8f4-4adc-bb84-1ee09ffe2538
2026-08-01 17:45:14,269 [INFO] UUID: 04091377-a8f4-4adc-bb84-1ee09ffe2538
2026-08-01 17:45:14,269 [INFO] Migrated location description to new Bnode for uuid: 04091377-a8f4-4adc-bb84-1ee09ffe2538 and description: Beginnende op de Heeregragt over de Bergstraat westzij na de Lelijgragt, Wijk 44, Verpondingsnr 3145.
2026-08-01 17:45:14,359 [INFO] Turtle succesfully updated for row: 04091377-a8f4-4adc-bb84-1ee09ffe2538
2026-08-01 17:45:14,359 [INFO] Turtle is changed in the script. Check loginfo for details on uuid: 04091377-a8f4-4adc-bb84-1ee09ffe2538
2026-08-01 17:45:14,359 [INFO] STARTING WITH UUID: 040a5549-31d8-4e57-b6e3-36f3fac2a6a3
2026-08-01 17:45:14,434 [INFO] Concept vocabulair and description: Vijgendam hoek Vispoort naar de Warmoesstraat, Wijk 7, Verpondingsnr 1759 added for row: 040a5549-31d8-4e57-b6e3-36f3fac2a6a3
2026-08-01 17:45:14,434 [INFO] UUID: 040a5549-31d8-4e57-b6e3-36f3fac2a6a3
2026-08-01 17:45:14,435 [INFO] Migrated location description to new Bnode for uuid: 040a5549-31d8-4e57-b6e3-36f3fac2a6a3 and description: Vijgendam hoek Vispoort naar de Warmoesstraat, Wijk 7, Verpondingsnr 1759.
2026-08-01 17:45:14,533 [INFO] Turtle succesfully updated for row: 040a5549-31d8-4e57-b6e3-36f3fac2a6a3
2026-08-01 17:45:14,533 [INFO] Turtle is changed in the script. Check loginfo for details on uuid: 040a5549-31d8-4e57-b6e3-36f3fac2a6a3
2026-08-01 17:45:14,534 [INFO] STARTING WITH UUID: 040ab00c-ba3a-4cc0-ac85-f4bdc6db2af3
2026-08-01 17:45:14,621 [INFO] Concept vocabulair and description: Wijk 17, Verpondingsnr 1223 added for row: 040ab00c-ba3a-4cc0-ac85-f4bdc6db2af3
2026-08-01 17:45:14,621 [INFO] UUID: 040ab00c-ba3a-4cc0-ac85-f4bdc6db2af3
2026-08-01 17:45:14,621 [INFO] Migrated location description to new Bnode for uuid: 040ab00c-ba3a-4cc0-ac85-f4bdc6db2af3 and description: Wijk 17, Verpondingsnr 1223.
2026-08-01 17:45:14,744 [INFO] Turtle succesfully updated for row: 040ab00c-ba3a-4cc0-ac85-f4bdc6db2af3
2026-08-01 17:45:14,744 [INFO] Turtle is changed in the script. Check loginfo for details on uuid: 040ab00c-ba3a-4cc0-ac85-f4bdc6db2af3
2026-08-01 17:45:14,744 [INFO] STARTING WITH UUID: 040c4487-6520-4bde-a092-19f976244f05
2026-08-01 17:45:14,817 [INFO] Concept vocabulair and description: Wijk 60, Verpondingsnr 5816 added for row: 040c4487-6520-4bde-a092-19f976244f05
2026-08-01 17:45:14,817 [INFO] UUID: 040c4487-6520-4bde-a092-19f976244f05
2026-08-01 17:45:14,817 [INFO] Migrated location description to new Bnode for uuid: 040c4487-6520-4bde-a092-19f976244f05 and description: Wijk 60, Verpondingsnr 5816.
2026-08-01 17:45:14,927 [INFO] Turtle succesfully updated for row: 040c4487-6520-4bde-a092-19f976244f05
2026-08-01 17:45:14,927 [INFO] Turtle is changed in the script. Check loginfo for details on uuid: 040c4487-6520-4bde-a092-19f976244f05
2026-08-01 17:45:14,928 [INFO] STARTING WITH UUID: 040c5e0a-589c-47da-992b-574b8fa9f975
2026-08-01 17:45:15,010 [INFO] Concept vocabulair and description: Anthonij Breestraat oostzij van de Snoekjessteeg tot de Beustraat, Wijk 13, Verpondingsnr 3716 added for row: 040c5e0a-589c-47da-992b-574b8fa9f975
2026-08-01 17:45:15,010 [INFO] UUID: 040c5e0a-589c-47da-992b-574b8fa9f975
2026-08-01 17:45:15,010 [INFO] Migrated location description to new Bnode for uuid: 040c5e0a-589c-47da-992b-574b8fa9f975 and description: Anthonij Breestraat oostzij van de Snoekjessteeg tot de Beustraat, Wijk 13, Verpondingsnr 3716.
2026-08-01 17:45:15,109 [INFO] Turtle succesfully updated for row: 040c5e0a-589c-47da-992b-574b8fa9f975
2026-08-01 17:45:15,109 [INFO] Turtle is changed in the script. Check loginfo for details on uuid: 040c5e0a-589c-47da-992b-574b8fa9f975
2026-08-01 17:45:15,109 [INFO] STARTING WITH UUID: 040d79e0-e4bd-4b2e-975c-c1a644b5b48f
2026-08-01 17:45:15,192 [INFO] Concept vocabulair and description: Steenvoetsteeg zuidzij van de Houtuijnen naar de Breestraat, Wijk 15, Verpondingsnr 5420-2 added for row: 040d79e0-e4bd-4b2e-975c-c1a644b5b48f
2026-08-01 17:45:15,193 [INFO] UUID: 040d79e0-e4bd-4b2e-975c-c1a644b5b48f
2026-08-01 17:45:15,193 [INFO] Migrated location description to new Bnode for uuid: 040d79e0-e4bd-4b2e-975c-c1a644b5b48f and description: Steenvoetsteeg zuidzij van de Houtuijnen naar de Breestraat, Wijk 15, Verpondingsnr 5420-2.
2026-08-01 17:45:15,293 [INFO] Turtle succesfully updated for row: 040d79e0-e4bd-4b2e-975c-c1a644b5b48f
2026-08-01 17:45:15,293 [INFO] Turtle is changed in the script. Check loginfo for details on uuid: 040d79e0-e4bd-4b2e-975c-c1a644b5b48f
2026-08-01 17:45:15,293 [INFO] STARTING WITH UUID: 040e082f-f0a6-4256-894c-663bba7ef3ac
2026-08-01 17:45:15,376 [INFO] Concept vocabulair and description: Steenvoetsteeg zuidzij van de Houtuijnen naar de Breestraat, Wijk 15, Verpondingsnr 5464 added for row: 040e082f-f0a6-4256-894c-663bba7ef3ac
2026-08-01 17:45:15,376 [INFO] UUID: 040e082f-f0a6-4256-894c-663bba7ef3ac
2026-08-01 17:45:15,376 [INFO] Migrated location description to new Bnode for uuid: 040e082f-f0a6-4256-894c-663bba7ef3ac and description: Steenvoetsteeg zuidzij van de Houtuijnen naar de Breestraat, Wijk 15, Verpondingsnr 5464.
2026-08-01 17:45:15,491 [INFO] Turtle succesfully updated for row: 040e082f-f0a6-4256-894c-663bba7ef3ac
2026-08-01 17:45:15,491 [INFO] Turtle is changed in the script. Check loginfo for details on uuid: 040e082f-f0a6-4256-894c-663bba7ef3ac
2026-08-01 17:45:15,491 [INFO] STARTING WITH UUID: 040ebe0a-ae66-459c-8d99-c1704f1b84b5
2026-08-01 17:45:15,581 [INFO] Concept vocabulair and description: Wijde Lombitsteeg, Wijk 8, Verpondingsnr 2153 added for row: 040ebe0a-ae66-459c-8d99-c1704f1b84b5
2026-08-01 17:45:15,582 [INFO] UUID: 040ebe0a-ae66-459c-8d99-c1704f1b84b5
2026-08-01 17:45:15,582 [INFO] Migrated location description to new Bnode for uuid: 040ebe0a-ae66-459c-8d99-c1704f1b84b5 and description: Wijde Lombitsteeg, Wijk 8, Verpondingsnr 2153.
2026-08-01 17:45:15,680 [INFO] Turtle succesfully updated for row: 040ebe0a-ae66-459c-8d99-c1704f1b84b5
2026-08-01 17:45:15,681 [INFO] Turtle is changed in the script. Check loginfo for details on uuid: 040ebe0a-ae66-459c-8d99-c1704f1b84b5
2026-08-01 17:45:15,681 [INFO] STARTING WITH UUID: 040ef78c-f7de-4f8e-9864-a7ba49374222
2026-08-01 17:45:15,760 [INFO] Concept vocabulair and description: Steenvoetsteeg zuidzij van de Houtuijnen naar de Breestraat, Wijk 15, Verpondingsnr 6512 added for row: 040ef78c-f7de-4f8e-9864-a7ba49374222
2026-08-01 17:45:15,760 [INFO] UUID: 040ef78c-f7de-4f8e-9864-a7ba49374222
2026-08-01 17:45:15,760 [INFO] Migrated location description to new Bnode for uuid: 040ef78c-f7de-4f8e-9864-a7ba49374222 and description: Steenvoetsteeg zuidzij van de Houtuijnen naar de Breestraat, Wijk 15, Verpondingsnr 6512.
2026-08-01 17:45:15,861 [INFO] Turtle succesfully updated for row: 040ef78c-f7de-4f8e-9864-a7ba49374222
2026-08-01 17:45:15,861 [INFO] Turtle is changed in the script. Check loginfo for details on uuid: 040ef78c-f7de-4f8e-9864-a7ba49374222
2026-08-01 17:45:15,861 [INFO] STARTING WITH UUID: 041451e3-4035-483c-b80b-8a802649f8a0
2026-08-01 17:45:15,951 [INFO] Concept vocabulair and description: Steenvoetsteeg zuidzij van de Houtuijnen naar de Breestraat, Wijk 15, Verpondingsnr 5789 added for row: 041451e3-4035-483c-b80b-8a802649f8a0
2026-08-01 17:45:15,951 [INFO] UUID: 041451e3-4035-483c-b80b-8a802649f8a0
2026-08-01 17:45:15,951 [INFO] Migrated location description to new Bnode for uuid: 041451e3-4035-483c-b80b-8a802649f8a0 and description: Steenvoetsteeg zuidzij van de Houtuijnen naar de Breestraat, Wijk 15, Verpondingsnr 5789.
2026-08-01 17:45:16,081 [INFO] Turtle succesfully updated for row: 041451e3-4035-483c-b80b-8a802649f8a0
2026-08-01 17:45:16,081 [INFO] Turtle is changed in the script. Check loginfo for details on uuid: 041451e3-4035-483c-b80b-8a802649f8a0
2026-08-01 17:45:16,081 [INFO] STARTING WITH UUID: 041574ce-b78e-40bf-a426-80d1b696bf59
2026-08-01 17:45:16,184 [INFO] Concept vocabulair and description: Wijk 60, Verpondingsnr 6019 added for row: 041574ce-b78e-40bf-a426-80d1b696bf59
2026-08-01 17:45:16,184 [INFO] UUID: 041574ce-b78e-40bf-a426-80d1b696bf59
2026-08-01 17:45:16,184 [INFO] Migrated location description to new Bnode for uuid: 041574ce-b78e-40bf-a426-80d1b696bf59 and description: Wijk 60, Verpondingsnr 6019.
2026-08-01 17:45:16,289 [INFO] Turtle succesfully updated for row: 041574ce-b78e-40bf-a426-80d1b696bf59
2026-08-01 17:45:16,289 [INFO] Turtle is changed in the script. Check loginfo for details on uuid: 041574ce-b78e-40bf-a426-80d1b696bf59
2026-08-01 17:45:16,289 [INFO] STARTING WITH UUID: 04159548-ac53-40ba-a773-5fe1f2e2b773
2026-08-01 17:45:16,364 [INFO] Concept vocabulair and description: Beginnende van de kraan huijs laagsche buitenkant tot de Nieuwe Beentemakernat, Wijk 10, Verpondingsnr 2773 added for row: 04159548-ac53-40ba-a773-5fe1f2e2b773
2026-08-01 17:45:16,364 [INFO] UUID: 04159548-ac53-40ba-a773-5fe1f2e2b773
2026-08-01 17:45:16,364 [INFO] Migrated location description to new Bnode for uuid: 04159548-ac53-40ba-a773-5fe1f2e2b773 and description: Beginnende van de kraan huijs laagsche buitenkant tot de Nieuwe Beentemakernat, Wijk 10, Verpondingsnr 2773.
2026-08-01 17:45:16,466 [INFO] Turtle succesfully updated for row: 04159548-ac53-40ba-a773-5fe1f2e2b773
2026-08-01 17:45:16,466 [INFO] Turtle is changed in the script. Check loginfo for details on uuid: 04159548-ac53-40ba-a773-5fe1f2e2b773
2026-08-01 17:45:16,466 [INFO] STARTING WITH UUID: 0416c7ca-4cda-47e2-beb4-11cd5581eed9
2026-08-01 17:45:16,543 [INFO] Concept vocabulair and description: Wijk 52, Verpondingsnr 1650 added for row: 0416c7ca-4cda-47e2-beb4-11cd5581eed9
2026-08-01 17:45:16,543 [INFO] UUID: 0416c7ca-4cda-47e2-beb4-11cd5581eed9
2026-08-01 17:45:16,543 [INFO] Migrated location description to new Bnode for uuid: 0416c7ca-4cda-47e2-beb4-11cd5581eed9 and description: Wijk 52, Verpondingsnr 1650.
2026-08-01 17:45:16,652 [INFO] Turtle succesfully updated for row: 0416c7ca-4cda-47e2-beb4-11cd5581eed9
2026-08-01 17:45:16,652 [INFO] Turtle is changed in the script. Check loginfo for details on uuid: 0416c7ca-4cda-47e2-beb4-11cd5581eed9
2026-08-01 17:45:16,653 [INFO] STARTING WITH UUID: 0418b74a-231e-46a3-bd50-e9541c78460f
2026-08-01 17:45:16,723 [INFO] Concept vocabulair and description: Wijk 51, Verpondingsnr 765 added for row: 0418b74a-231e-46a3-bd50-e9541c78460f
2026-08-01 17:45:16,723 [INFO] UUID: 0418b74a-231e-46a3-bd50-e9541c78460f
2026-08-01 17:45:16,723 [INFO] Migrated location description to new Bnode for uuid: 0418b74a-231e-46a3-bd50-e9541c78460f and description: Wijk 51, Verpondingsnr 765.
2026-08-01 17:45:16,827 [INFO] Turtle succesfully updated for row: 0418b74a-231e-46a3-bd50-e9541c78460f
2026-08-01 17:45:16,827 [INFO] Turtle is changed in the script. Check loginfo for details on uuid: 0418b74a-231e-46a3-bd50-e9541c78460f
2026-08-01 17:45:16,828 [INFO] STARTING WITH UUID: 0419da30-a6f8-4a09-b6b2-1dbd5c1d6a84
2026-08-01 17:45:16,903 [INFO] Concept vocabulair and description: Wijk 18, Verpondingsnr 1536 added for row: 0419da30-a6f8-4a09-b6b2-1dbd5c1d6a84
2026-08-01 17:45:16,903 [INFO] UUID: 0419da30-a6f8-4a09-b6b2-1dbd5c1d6a84
2026-08-01 17:45:16,903 [INFO] Migrated location description to new Bnode for uuid: 0419da30-a6f8-4a09-b6b2-1dbd5c1d6a84 and description: Wijk 18, Verpondingsnr 1536.
2026-08-01 17:45:17,006 [INFO] Turtle succesfully updated for row: 0419da30-a6f8-4a09-b6b2-1dbd5c1d6a84
2026-08-01 17:45:17,006 [INFO] Turtle is changed in the script. Check loginfo for details on uuid: 0419da30-a6f8-4a09-b6b2-1dbd5c1d6a84
2026-08-01 17:45:17,006 [INFO] STARTING WITH UUID: 041a0de0-3d22-4723-a354-166b50a6910b
2026-08-01 17:45:17,083 [INFO] Concept vocabulair and description: Beginnende op de hoek van de Raamgracht en Groene Burgwal, Wijk 14, Verpondingsnr 4348 added for row: 041a0de0-3d22-4723-a354-166b50a6910b
2026-08-01 17:45:17,083 [INFO] UUID: 041a0de0-3d22-4723-a354-166b50a6910b
2026-08-01 17:45:17,083 [INFO] Migrated location description to new Bnode for uuid: 041a0de0-3d22-4723-a354-166b50a6910b and description: Beginnende op de hoek van de Raamgracht en Groene Burgwal, Wijk 14, Verpondingsnr 4348.
2026-08-01 17:45:17,212 [INFO] Turtle succesfully updated for row: 041a0de0-3d22-4723-a354-166b50a6910b
2026-08-01 17:45:17,212 [INFO] Turtle is changed in the script. Check loginfo for details on uuid: 041a0de0-3d22-4723-a354-166b50a6910b
2026-08-01 17:45:17,213 [INFO] STARTING WITH UUID: 041b489a-a88b-45ac-a3f3-e2be1b67e6c3
2026-08-01 17:45:17,312 [INFO] Concept vocabulair and description: Mandenmakerssteeg added for row: 041b489a-a88b-45ac-a3f3-e2be1b67e6c3
2026-08-01 17:45:17,312 [INFO] UUID: 041b489a-a88b-45ac-a3f3-e2be1b67e6c3
2026-08-01 17:45:17,312 [INFO] Migrated location description to new Bnode for uuid: 041b489a-a88b-45ac-a3f3-e2be1b67e6c3 and description: Mandenmakerssteeg.
2026-08-01 17:45:17,418 [INFO] Turtle succesfully updated for row: 041b489a-a88b-45ac-a3f3-e2be1b67e6c3
2026-08-01 17:45:17,418 [INFO] Turtle is changed in the script. Check loginfo for details on uuid: 041b489a-a88b-45ac-a3f3-e2be1b67e6c3
2026-08-01 17:45:17,419 [INFO] STARTING WITH UUID: 0422e61e-c552-42e2-9fa4-dfcf81c66315
2026-08-01 17:45:17,493 [INFO] Concept vocabulair and description: Wijk 54, Verpondingsnr 2293 added for row: 0422e61e-c552-42e2-9fa4-dfcf81c66315
2026-08-01 17:45:17,494 [INFO] UUID: 0422e61e-c552-42e2-9fa4-dfcf81c66315
2026-08-01 17:45:17,494 [INFO] Migrated location description to new Bnode for uuid: 0422e61e-c552-42e2-9fa4-dfcf81c66315 and description: Wijk 54, Verpondingsnr 2293.
2026-08-01 17:45:17,588 [INFO] Turtle succesfully updated for row: 0422e61e-c552-42e2-9fa4-dfcf81c66315
2026-08-01 17:45:17,588 [INFO] Turtle is changed in the script. Check loginfo for details on uuid: 0422e61e-c552-42e2-9fa4-dfcf81c66315
2026-08-01 17:45:17,588 [INFO] STARTING WITH UUID: 0425af09-5df1-4570-b34e-b3f2cb042800
2026-08-01 17:45:17,657 [INFO] Concept vocabulair and description: Wijk 30, Verpondingsnr 5199 added for row: 0425af09-5df1-4570-b34e-b3f2cb042800
2026-08-01 17:45:17,657 [INFO] UUID: 0425af09-5df1-4570-b34e-b3f2cb042800
2026-08-01 17:45:17,657 [INFO] Migrated location description to new Bnode for uuid: 0425af09-5df1-4570-b34e-b3f2cb042800 and description: Wijk 30, Verpondingsnr 5199.
2026-08-01 17:45:17,791 [INFO] Turtle succesfully updated for row: 0425af09-5df1-4570-b34e-b3f2cb042800
2026-08-01 17:45:17,791 [INFO] Turtle is changed in the script. Check loginfo for details on uuid: 0425af09-5df1-4570-b34e-b3f2cb042800
2026-08-01 17:45:17,791 [INFO] STARTING WITH UUID: 0426764f-0beb-4312-8f95-db858413fc30
2026-08-01 17:45:17,875 [INFO] Concept vocabulair and description: Wijk 54, Verpondingsnr 2533-1 added for row: 0426764f-0beb-4312-8f95-db858413fc30
2026-08-01 17:45:17,875 [INFO] UUID: 0426764f-0beb-4312-8f95-db858413fc30
2026-08-01 17:45:17,875 [INFO] Migrated location description to new Bnode for uuid: 0426764f-0beb-4312-8f95-db858413fc30 and description: Wijk 54, Verpondingsnr 2533-1.
2026-08-01 17:45:17,991 [INFO] Turtle succesfully updated for row: 0426764f-0beb-4312-8f95-db858413fc30
2026-08-01 17:45:17,991 [INFO] Turtle is changed in the script. Check loginfo for details on uuid: 0426764f-0beb-4312-8f95-db858413fc30
2026-08-01 17:45:17,991 [INFO] STARTING WITH UUID: 04287455-84b8-4a3d-85d3-91a17c94f571
2026-08-01 17:45:18,072 [INFO] Concept vocabulair and description: Wijk 56, Verpondingsnr 3119 added for row: 04287455-84b8-4a3d-85d3-91a17c94f571
2026-08-01 17:45:18,072 [INFO] UUID: 04287455-84b8-4a3d-85d3-91a17c94f571
2026-08-01 17:45:18,072 [INFO] Migrated location description to new Bnode for uuid: 04287455-84b8-4a3d-85d3-91a17c94f571 and description: Wijk 56, Verpondingsnr 3119.
2026-08-01 17:45:18,180 [INFO] Turtle succesfully updated for row: 04287455-84b8-4a3d-85d3-91a17c94f571
2026-08-01 17:45:18,180 [INFO] Turtle is changed in the script. Check loginfo for details on uuid: 04287455-84b8-4a3d-85d3-91a17c94f571
2026-08-01 17:45:18,180 [INFO] STARTING WITH UUID: 04295910-17cc-456b-842a-ed32bd5ecccd
2026-08-01 17:45:18,248 [INFO] Concept vocabulair and description: Wijk 23, Verpondingsnr 2804 added for row: 04295910-17cc-456b-842a-ed32bd5ecccd
2026-08-01 17:45:18,248 [INFO] UUID: 04295910-17cc-456b-842a-ed32bd5ecccd
2026-08-01 17:45:18,248 [INFO] Migrated location description to new Bnode for uuid: 04295910-17cc-456b-842a-ed32bd5ecccd and description: Wijk 23, Verpondingsnr 2804.
2026-08-01 17:45:18,353 [INFO] Turtle succesfully updated for row: 04295910-17cc-456b-842a-ed32bd5ecccd
2026-08-01 17:45:18,353 [INFO] Turtle is changed in the script. Check loginfo for details on uuid: 04295910-17cc-456b-842a-ed32bd5ecccd
2026-08-01 17:45:18,353 [INFO] STARTING WITH UUID: 042a912f-3811-488e-88dc-7c36ad08aebf
2026-08-01 17:45:18,432 [INFO] Concept vocabulair and description: Wijk 32, Verpondingsnr 5796 added for row: 042a912f-3811-488e-88dc-7c36ad08aebf
2026-08-01 17:45:18,432 [INFO] UUID: 042a912f-3811-488e-88dc-7c36ad08aebf
2026-08-01 17:45:18,432 [INFO] Migrated location description to new Bnode for uuid: 042a912f-3811-488e-88dc-7c36ad08aebf and description: Wijk 32, Verpondingsnr 5796.
2026-08-01 17:45:18,538 [INFO] Turtle succesfully updated for row: 042a912f-3811-488e-88dc-7c36ad08aebf
2026-08-01 17:45:18,538 [INFO] Turtle is changed in the script. Check loginfo for details on uuid: 042a912f-3811-488e-88dc-7c36ad08aebf
2026-08-01 17:45:18,538 [INFO] STARTING WITH UUID: 042c4e5a-7542-4427-9f6e-46a50b7ba7fb
2026-08-01 17:45:18,633 [INFO] Concept vocabulair and description: Steenvoetsteeg zuidzij van de Houtuijnen naar de Breestraat, Wijk 15, Verpondingsnr 6578 added for row: 042c4e5a-7542-4427-9f6e-46a50b7ba7fb
2026-08-01 17:45:18,634 [INFO] UUID: 042c4e5a-7542-4427-9f6e-46a50b7ba7fb
2026-08-01 17:45:18,634 [INFO] Migrated location description to new Bnode for uuid: 042c4e5a-7542-4427-9f6e-46a50b7ba7fb and description: Steenvoetsteeg zuidzij van de Houtuijnen naar de Breestraat, Wijk 15, Verpondingsnr 6578.
2026-08-01 17:45:18,766 [INFO] Turtle succesfully updated for row: 042c4e5a-7542-4427-9f6e-46a50b7ba7fb
2026-08-01 17:45:18,766 [INFO] Turtle is changed in the script. Check loginfo for details on uuid: 042c4e5a-7542-4427-9f6e-46a50b7ba7fb
2026-08-01 17:45:18,766 [INFO] STARTING WITH UUID: 042f3413-f594-4078-a0c8-0e0b5385f024
2026-08-01 17:45:18,848 [INFO] Concept vocabulair and description: Wijk 31, Verpondingsnr 5325 added for row: 042f3413-f594-4078-a0c8-0e0b5385f024
2026-08-01 17:45:18,848 [INFO] UUID: 042f3413-f594-4078-a0c8-0e0b5385f024
2026-08-01 17:45:18,848 [INFO] Migrated location description to new Bnode for uuid: 042f3413-f594-4078-a0c8-0e0b5385f024 and description: Wijk 31, Verpondingsnr 5325.
2026-08-01 17:45:18,940 [INFO] Turtle succesfully updated for row: 042f3413-f594-4078-a0c8-0e0b5385f024
2026-08-01 17:45:18,940 [INFO] Turtle is changed in the script. Check loginfo for details on uuid: 042f3413-f594-4078-a0c8-0e0b5385f024
2026-08-01 17:45:18,940 [INFO] STARTING WITH UUID: 043025af-e66b-4ff1-ac6f-cd6d240c1055
2026-08-01 17:45:19,088 [INFO] Concept vocabulair and description: Wijk 54, Verpondingsnr 2465 added for row: 043025af-e66b-4ff1-ac6f-cd6d240c1055
2026-08-01 17:45:19,088 [INFO] UUID: 043025af-e66b-4ff1-ac6f-cd6d240c1055
2026-08-01 17:45:19,088 [INFO] Migrated location description to new Bnode for uuid: 043025af-e66b-4ff1-ac6f-cd6d240c1055 and description: Wijk 54, Verpondingsnr 2465.
2026-08-01 17:45:19,212 [INFO] Turtle succesfully updated for row: 043025af-e66b-4ff1-ac6f-cd6d240c1055
2026-08-01 17:45:19,212 [INFO] Turtle is changed in the script. Check loginfo for details on uuid: 043025af-e66b-4ff1-ac6f-cd6d240c1055
2026-08-01 17:45:19,213 [INFO] STARTING WITH UUID: 0430e969-e5bf-4b02-8eb3-ee0f63b55e3d
2026-08-01 17:45:19,300 [INFO] Concept vocabulair and description: Stormsteeg zuidzij van de Zeedijk naer de Geldersche kaade, Wijk 3, Verpondingsnr 495 added for row: 0430e969-e5bf-4b02-8eb3-ee0f63b55e3d
2026-08-01 17:45:19,300 [INFO] UUID: 0430e969-e5bf-4b02-8eb3-ee0f63b55e3d
2026-08-01 17:45:19,301 [INFO] Migrated location description to new Bnode for uuid: 0430e969-e5bf-4b02-8eb3-ee0f63b55e3d and description: Stormsteeg zuidzij van de Zeedijk naer de Geldersche kaade, Wijk 3, Verpondingsnr 495.
2026-08-01 17:45:19,438 [INFO] Turtle succesfully updated for row: 0430e969-e5bf-4b02-8eb3-ee0f63b55e3d
2026-08-01 17:45:19,438 [INFO] Turtle is changed in the script. Check loginfo for details on uuid: 0430e969-e5bf-4b02-8eb3-ee0f63b55e3d
2026-08-01 17:45:19,438 [INFO] STARTING WITH UUID: 04356d27-56c8-4f44-bfe9-fc3a4a531a9e
2026-08-01 17:45:19,520 [INFO] Concept vocabulair and description: Wijk 31, Verpondingsnr 5435 added for row: 04356d27-56c8-4f44-bfe9-fc3a4a531a9e
2026-08-01 17:45:19,520 [INFO] UUID: 04356d27-56c8-4f44-bfe9-fc3a4a531a9e
2026-08-01 17:45:19,520 [INFO] Migrated location description to new Bnode for uuid: 04356d27-56c8-4f44-bfe9-fc3a4a531a9e and description: Wijk 31, Verpondingsnr 5435.
2026-08-01 17:45:19,630 [INFO] Turtle succesfully updated for row: 04356d27-56c8-4f44-bfe9-fc3a4a531a9e
2026-08-01 17:45:19,630 [INFO] Turtle is changed in the script. Check loginfo for details on uuid: 04356d27-56c8-4f44-bfe9-fc3a4a531a9e
2026-08-01 17:45:19,631 [INFO] STARTING WITH UUID: 043a304a-9959-42fb-af32-272136e5c62a
2026-08-01 17:45:19,721 [INFO] Concept vocabulair and description: Oosterse Kaaij, Wijk 16, Verpondingsnr 164 added for row: 043a304a-9959-42fb-af32-272136e5c62a
2026-08-01 17:45:19,722 [INFO] UUID: 043a304a-9959-42fb-af32-272136e5c62a
2026-08-01 17:45:19,722 [INFO] Migrated location description to new Bnode for uuid: 043a304a-9959-42fb-af32-272136e5c62a and description: Oosterse Kaaij, Wijk 16, Verpondingsnr 164.
2026-08-01 17:45:19,842 [INFO] Turtle succesfully updated for row: 043a304a-9959-42fb-af32-272136e5c62a
2026-08-01 17:45:19,842 [INFO] Turtle is changed in the script. Check loginfo for details on uuid: 043a304a-9959-42fb-af32-272136e5c62a
2026-08-01 17:45:19,843 [INFO] STARTING WITH UUID: 043ae8a0-e7f9-46f5-943c-d0954d540b38
2026-08-01 17:45:19,919 [INFO] Concept vocabulair and description: Nieuwe Lelijstraat zuidzij op de hoek van de Baangragt, Wijk 43, Verpondingsnr 3104 added for row: 043ae8a0-e7f9-46f5-943c-d0954d540b38
2026-08-01 17:45:19,919 [INFO] UUID: 043ae8a0-e7f9-46f5-943c-d0954d540b38
2026-08-01 17:45:19,919 [INFO] Migrated location description to new Bnode for uuid: 043ae8a0-e7f9-46f5-943c-d0954d540b38 and description: Nieuwe Lelijstraat zuidzij op de hoek van de Baangragt, Wijk 43, Verpondingsnr 3104.
2026-08-01 17:45:20,050 [INFO] Turtle succesfully updated for row: 043ae8a0-e7f9-46f5-943c-d0954d540b38
2026-08-01 17:45:20,050 [INFO] Turtle is changed in the script. Check loginfo for details on uuid: 043ae8a0-e7f9-46f5-943c-d0954d540b38
2026-08-01 17:45:20,050 [INFO] STARTING WITH UUID: 043c1bc5-6887-469f-b6cf-1749aa21062d
2026-08-01 17:45:20,139 [INFO] Concept vocabulair and description: Wijk 38, Verpondingsnr 1235 added for row: 043c1bc5-6887-469f-b6cf-1749aa21062d
2026-08-01 17:45:20,139 [INFO] UUID: 043c1bc5-6887-469f-b6cf-1749aa21062d
2026-08-01 17:45:20,139 [INFO] Migrated location description to new Bnode for uuid: 043c1bc5-6887-469f-b6cf-1749aa21062d and description: Wijk 38, Verpondingsnr 1235.
2026-08-01 17:45:20,268 [INFO] Turtle succesfully updated for row: 043c1bc5-6887-469f-b6cf-1749aa21062d
2026-08-01 17:45:20,268 [INFO] Turtle is changed in the script. Check loginfo for details on uuid: 043c1bc5-6887-469f-b6cf-1749aa21062d
2026-08-01 17:45:20,268 [INFO] STARTING WITH UUID: 043e9807-f1e5-4b54-8aa8-94cad7ecb7ff
2026-08-01 17:45:20,386 [INFO] Concept vocabulair and description: Wijk 58, Verpondingsnr 4694 added for row: 043e9807-f1e5-4b54-8aa8-94cad7ecb7ff
2026-08-01 17:45:20,386 [INFO] UUID: 043e9807-f1e5-4b54-8aa8-94cad7ecb7ff
2026-08-01 17:45:20,386 [INFO] Migrated location description to new Bnode for uuid: 043e9807-f1e5-4b54-8aa8-94cad7ecb7ff and description: Wijk 58, Verpondingsnr 4694.
2026-08-01 17:45:20,487 [INFO] Turtle succesfully updated for row: 043e9807-f1e5-4b54-8aa8-94cad7ecb7ff
2026-08-01 17:45:20,487 [INFO] Turtle is changed in the script. Check loginfo for details on uuid: 043e9807-f1e5-4b54-8aa8-94cad7ecb7ff
2026-08-01 17:45:20,487 [INFO] STARTING WITH UUID: 04403b22-0211-43dc-95c2-c1fe998faffc
2026-08-01 17:45:20,569 [INFO] Concept vocabulair and description: Wijk 53, Verpondingsnr 2188 added for row: 04403b22-0211-43dc-95c2-c1fe998faffc
2026-08-01 17:45:20,569 [INFO] UUID: 04403b22-0211-43dc-95c2-c1fe998faffc
2026-08-01 17:45:20,569 [INFO] Migrated location description to new Bnode for uuid: 04403b22-0211-43dc-95c2-c1fe998faffc and description: Wijk 53, Verpondingsnr 2188.
2026-08-01 17:45:20,666 [INFO] Turtle succesfully updated for row: 04403b22-0211-43dc-95c2-c1fe998faffc
2026-08-01 17:45:20,666 [INFO] Turtle is changed in the script. Check loginfo for details on uuid: 04403b22-0211-43dc-95c2-c1fe998faffc
2026-08-01 17:45:20,666 [INFO] STARTING WITH UUID: 0441bf30-91db-4e28-a3e0-e629533c348c
2026-08-01 17:45:20,766 [INFO] Concept vocabulair and description: Wijk 39, Verpondingsnr 1898 added for row: 0441bf30-91db-4e28-a3e0-e629533c348c
2026-08-01 17:45:20,766 [INFO] UUID: 0441bf30-91db-4e28-a3e0-e629533c348c
2026-08-01 17:45:20,766 [INFO] Migrated location description to new Bnode for uuid: 0441bf30-91db-4e28-a3e0-e629533c348c and description: Wijk 39, Verpondingsnr 1898.
2026-08-01 17:45:20,854 [INFO] Turtle succesfully updated for row: 0441bf30-91db-4e28-a3e0-e629533c348c
2026-08-01 17:45:20,854 [INFO] Turtle is changed in the script. Check loginfo for details on uuid: 0441bf30-91db-4e28-a3e0-e629533c348c
2026-08-01 17:45:20,854 [INFO] STARTING WITH UUID: 044237f7-70a9-49ea-bcfc-92d4ef02ca27
2026-08-01 17:45:20,927 [INFO] Concept vocabulair and description: Tweede Dwarsstraat, Wijk 43, Verpondingsnr 2947-2 added for row: 044237f7-70a9-49ea-bcfc-92d4ef02ca27
2026-08-01 17:45:20,927 [INFO] UUID: 044237f7-70a9-49ea-bcfc-92d4ef02ca27
2026-08-01 17:45:20,927 [INFO] Migrated location description to new Bnode for uuid: 044237f7-70a9-49ea-bcfc-92d4ef02ca27 and description: Tweede Dwarsstraat, Wijk 43, Verpondingsnr 2947-2.
2026-08-01 17:45:21,048 [INFO] Turtle succesfully updated for row: 044237f7-70a9-49ea-bcfc-92d4ef02ca27
2026-08-01 17:45:21,048 [INFO] Turtle is changed in the script. Check loginfo for details on uuid: 044237f7-70a9-49ea-bcfc-92d4ef02ca27
2026-08-01 17:45:21,048 [INFO] STARTING WITH UUID: 04484772-4e63-4246-9d37-31c085fa970e
2026-08-01 17:45:21,123 [INFO] Concept vocabulair and description: Wijk 53, Verpondingsnr 1691 added for row: 04484772-4e63-4246-9d37-31c085fa970e
2026-08-01 17:45:21,123 [INFO] UUID: 04484772-4e63-4246-9d37-31c085fa970e
2026-08-01 17:45:21,123 [INFO] Migrated location description to new Bnode for uuid: 04484772-4e63-4246-9d37-31c085fa970e and description: Wijk 53, Verpondingsnr 1691.
2026-08-01 17:45:21,254 [INFO] Turtle succesfully updated for row: 04484772-4e63-4246-9d37-31c085fa970e
2026-08-01 17:45:21,254 [INFO] Turtle is changed in the script. Check loginfo for details on uuid: 04484772-4e63-4246-9d37-31c085fa970e
2026-08-01 17:45:21,254 [INFO] STARTING WITH UUID: 04488704-3239-4ff7-9d55-f61d5018bb0d
2026-08-01 17:45:21,336 [INFO] Concept vocabulair and description: Wijk 19, Verpondingsnr 1802 added for row: 04488704-3239-4ff7-9d55-f61d5018bb0d
2026-08-01 17:45:21,336 [INFO] UUID: 04488704-3239-4ff7-9d55-f61d5018bb0d
2026-08-01 17:45:21,336 [INFO] Migrated location description to new Bnode for uuid: 04488704-3239-4ff7-9d55-f61d5018bb0d and description: Wijk 19, Verpondingsnr 1802.
2026-08-01 17:45:21,825 [INFO] Turtle succesfully updated for row: 04488704-3239-4ff7-9d55-f61d5018bb0d
2026-08-01 17:45:21,825 [INFO] Turtle is changed in the script. Check loginfo for details on uuid: 04488704-3239-4ff7-9d55-f61d5018bb0d
2026-08-01 17:45:21,826 [INFO] STARTING WITH UUID: 04492c83-a14b-4fbe-9d34-0fa85a123944
2026-08-01 17:45:21,912 [INFO] Concept vocabulair and description: Beginnende van de kraan huijs laagsche buitenkant tot de Nieuwe Beentemakernat, Wijk 10, Verpondingsnr 2651 added for row: 04492c83-a14b-4fbe-9d34-0fa85a123944
2026-08-01 17:45:21,913 [INFO] UUID: 04492c83-a14b-4fbe-9d34-0fa85a123944
2026-08-01 17:45:21,913 [INFO] Migrated location description to new Bnode for uuid: 04492c83-a14b-4fbe-9d34-0fa85a123944 and description: Beginnende van de kraan huijs laagsche buitenkant tot de Nieuwe Beentemakernat, Wijk 10, Verpondingsnr 2651.
2026-08-01 17:45:22,022 [INFO] Turtle succesfully updated for row: 04492c83-a14b-4fbe-9d34-0fa85a123944
2026-08-01 17:45:22,022 [INFO] Turtle is changed in the script. Check loginfo for details on uuid: 04492c83-a14b-4fbe-9d34-0fa85a123944
2026-08-01 17:45:22,023 [INFO] STARTING WITH UUID: 044a9dd6-6f12-4a04-a43c-0c0ff512fd94
2026-08-01 17:45:22,090 [INFO] Concept vocabulair and description: Wijk 28, Verpondingsnr 4748 added for row: 044a9dd6-6f12-4a04-a43c-0c0ff512fd94
2026-08-01 17:45:22,090 [INFO] UUID: 044a9dd6-6f12-4a04-a43c-0c0ff512fd94
2026-08-01 17:45:22,090 [INFO] Migrated location description to new Bnode for uuid: 044a9dd6-6f12-4a04-a43c-0c0ff512fd94 and description: Wijk 28, Verpondingsnr 4748.
2026-08-01 17:45:22,191 [INFO] Turtle succesfully updated for row: 044a9dd6-6f12-4a04-a43c-0c0ff512fd94
2026-08-01 17:45:22,191 [INFO] Turtle is changed in the script. Check loginfo for details on uuid: 044a9dd6-6f12-4a04-a43c-0c0ff512fd94
2026-08-01 17:45:22,191 [INFO] STARTING WITH UUID: 044b8f36-10a8-43d6-a85b-3949f5ab3a4a
2026-08-01 17:45:22,256 [INFO] Concept vocabulair and description: Steenvoetsteeg zuidzij van de Houtuijnen naar de Breestraat, Wijk 15, Verpondingsnr 4994 added for row: 044b8f36-10a8-43d6-a85b-3949f5ab3a4a
2026-08-01 17:45:22,256 [INFO] UUID: 044b8f36-10a8-43d6-a85b-3949f5ab3a4a
2026-08-01 17:45:22,256 [INFO] Migrated location description to new Bnode for uuid: 044b8f36-10a8-43d6-a85b-3949f5ab3a4a and description: Steenvoetsteeg zuidzij van de Houtuijnen naar de Breestraat, Wijk 15, Verpondingsnr 4994.
2026-08-01 17:45:22,381 [INFO] Turtle succesfully updated for row: 044b8f36-10a8-43d6-a85b-3949f5ab3a4a
2026-08-01 17:45:22,381 [INFO] Turtle is changed in the script. Check loginfo for details on uuid: 044b8f36-10a8-43d6-a85b-3949f5ab3a4a
2026-08-01 17:45:22,381 [INFO] STARTING WITH UUID: 044f2614-8664-4aaf-ab92-825788ceaf9b
2026-08-01 17:45:22,476 [INFO] Concept vocabulair and description: Wijk 56, Verpondingsnr 3147 added for row: 044f2614-8664-4aaf-ab92-825788ceaf9b
2026-08-01 17:45:22,476 [INFO] UUID: 044f2614-8664-4aaf-ab92-825788ceaf9b
2026-08-01 17:45:22,476 [INFO] Migrated location description to new Bnode for uuid: 044f2614-8664-4aaf-ab92-825788ceaf9b and description: Wijk 56, Verpondingsnr 3147.
2026-08-01 17:45:22,591 [INFO] Turtle succesfully updated for row: 044f2614-8664-4aaf-ab92-825788ceaf9b
2026-08-01 17:45:22,591 [INFO] Turtle is changed in the script. Check loginfo for details on uuid: 044f2614-8664-4aaf-ab92-825788ceaf9b
2026-08-01 17:45:22,592 [INFO] STARTING WITH UUID: 044f67ec-f16c-42b6-9e25-a26300fb117c
2026-08-01 17:45:22,682 [INFO] Concept vocabulair and description: Warmoesstraat westzij hoek Vissteeg, Wijk 6, Verpondingsnr 1427 added for row: 044f67ec-f16c-42b6-9e25-a26300fb117c
2026-08-01 17:45:22,682 [INFO] UUID: 044f67ec-f16c-42b6-9e25-a26300fb117c
2026-08-01 17:45:22,682 [INFO] Migrated location description to new Bnode for uuid: 044f67ec-f16c-42b6-9e25-a26300fb117c and description: Warmoesstraat westzij hoek Vissteeg, Wijk 6, Verpondingsnr 1427.
2026-08-01 17:45:22,800 [INFO] Turtle succesfully updated for row: 044f67ec-f16c-42b6-9e25-a26300fb117c
2026-08-01 17:45:22,801 [INFO] Turtle is changed in the script. Check loginfo for details on uuid: 044f67ec-f16c-42b6-9e25-a26300fb117c
2026-08-01 17:45:22,801 [INFO] STARTING WITH UUID: 0450e543-2010-466d-b1bf-025de1f5a12c
2026-08-01 17:45:22,872 [INFO] Concept vocabulair and description: Warmoesstraat westzij hoek Vissteeg, Wijk 6, Verpondingsnr 1540 added for row: 0450e543-2010-466d-b1bf-025de1f5a12c
2026-08-01 17:45:22,873 [INFO] UUID: 0450e543-2010-466d-b1bf-025de1f5a12c
2026-08-01 17:45:22,873 [INFO] Migrated location description to new Bnode for uuid: 0450e543-2010-466d-b1bf-025de1f5a12c and description: Warmoesstraat westzij hoek Vissteeg, Wijk 6, Verpondingsnr 1540.
2026-08-01 17:45:22,979 [INFO] Turtle succesfully updated for row: 0450e543-2010-466d-b1bf-025de1f5a12c
2026-08-01 17:45:22,979 [INFO] Turtle is changed in the script. Check loginfo for details on uuid: 0450e543-2010-466d-b1bf-025de1f5a12c
2026-08-01 17:45:22,979 [INFO] STARTING WITH UUID: 0458059c-9e10-4e79-8b41-d7ddee60b14a
2026-08-01 17:45:23,053 [INFO] Concept vocabulair and description: Amsteldijk added for row: 0458059c-9e10-4e79-8b41-d7ddee60b14a
2026-08-01 17:45:23,053 [INFO] UUID: 0458059c-9e10-4e79-8b41-d7ddee60b14a
2026-08-01 17:45:23,053 [INFO] Migrated location description to new Bnode for uuid: 0458059c-9e10-4e79-8b41-d7ddee60b14a and description: Amsteldijk.
2026-08-01 17:45:23,177 [INFO] Turtle succesfully updated for row: 0458059c-9e10-4e79-8b41-d7ddee60b14a
2026-08-01 17:45:23,177 [INFO] Turtle is changed in the script. Check loginfo for details on uuid: 0458059c-9e10-4e79-8b41-d7ddee60b14a
2026-08-01 17:45:23,178 [INFO] STARTING WITH UUID: 045bd235-490b-43c3-94a1-aa326b84beae
2026-08-01 17:45:23,256 [INFO] Concept vocabulair and description: Wijk 51, Verpondingsnr 667 added for row: 045bd235-490b-43c3-94a1-aa326b84beae
2026-08-01 17:45:23,256 [INFO] UUID: 045bd235-490b-43c3-94a1-aa326b84beae
2026-08-01 17:45:23,256 [INFO] Migrated location description to new Bnode for uuid: 045bd235-490b-43c3-94a1-aa326b84beae and description: Wijk 51, Verpondingsnr 667.
2026-08-01 17:45:23,365 [INFO] Turtle succesfully updated for row: 045bd235-490b-43c3-94a1-aa326b84beae
2026-08-01 17:45:23,365 [INFO] Turtle is changed in the script. Check loginfo for details on uuid: 045bd235-490b-43c3-94a1-aa326b84beae
2026-08-01 17:45:23,365 [INFO] STARTING WITH UUID: 045c2eb2-9a03-431f-8ee7-e0ad00909506
2026-08-01 17:45:23,455 [INFO] Concept vocabulair and description: Wijk 39, Verpondingsnr 1561 added for row: 045c2eb2-9a03-431f-8ee7-e0ad00909506
2026-08-01 17:45:23,455 [INFO] UUID: 045c2eb2-9a03-431f-8ee7-e0ad00909506
2026-08-01 17:45:23,455 [INFO] Migrated location description to new Bnode for uuid: 045c2eb2-9a03-431f-8ee7-e0ad00909506 and description: Wijk 39, Verpondingsnr 1561.
2026-08-01 17:45:23,667 [INFO] Turtle succesfully updated for row: 045c2eb2-9a03-431f-8ee7-e0ad00909506
2026-08-01 17:45:23,668 [INFO] Turtle is changed in the script. Check loginfo for details on uuid: 045c2eb2-9a03-431f-8ee7-e0ad00909506
2026-08-01 17:45:23,668 [INFO] STARTING WITH UUID: 045c6290-ad8b-44da-9cb3-29b6cc4c3dba
2026-08-01 17:45:23,853 [INFO] Concept vocabulair and description: Wijk 51, Verpondingsnr 151 added for row: 045c6290-ad8b-44da-9cb3-29b6cc4c3dba
2026-08-01 17:45:23,853 [INFO] UUID: 045c6290-ad8b-44da-9cb3-29b6cc4c3dba
2026-08-01 17:45:23,853 [INFO] Migrated location description to new Bnode for uuid: 045c6290-ad8b-44da-9cb3-29b6cc4c3dba and description: Wijk 51, Verpondingsnr 151.
2026-08-01 17:45:23,996 [INFO] Turtle succesfully updated for row: 045c6290-ad8b-44da-9cb3-29b6cc4c3dba
2026-08-01 17:45:23,996 [INFO] Turtle is changed in the script. Check loginfo for details on uuid: 045c6290-ad8b-44da-9cb3-29b6cc4c3dba
2026-08-01 17:45:23,996 [INFO] STARTING WITH UUID: 045c9632-9a44-4429-bef2-2c23a603e493
2026-08-01 17:45:24,085 [INFO] Concept vocabulair and description: Beginnende op de Keijsersgragt met het huijs met de hoofden na de Heerestraat, Wijk 47, Verpondingsnr 4049 added for row: 045c9632-9a44-4429-bef2-2c23a603e493
2026-08-01 17:45:24,085 [INFO] UUID: 045c9632-9a44-4429-bef2-2c23a603e493
2026-08-01 17:45:24,085 [INFO] Migrated location description to new Bnode for uuid: 045c9632-9a44-4429-bef2-2c23a603e493 and description: Beginnende op de Keijsersgragt met het huijs met de hoofden na de Heerestraat, Wijk 47, Verpondingsnr 4049.
2026-08-01 17:45:24,183 [INFO] Turtle succesfully updated for row: 045c9632-9a44-4429-bef2-2c23a603e493
2026-08-01 17:45:24,183 [INFO] Turtle is changed in the script. Check loginfo for details on uuid: 045c9632-9a44-4429-bef2-2c23a603e493
2026-08-01 17:45:24,184 [INFO] STARTING WITH UUID: 045d4d47-5a91-42dd-ab00-e409cb408999
2026-08-01 17:45:24,267 [INFO] Concept vocabulair and description: Beginnende van de kraan huijs laagsche buitenkant tot de Nieuwe Beentemakernat, Wijk 10, Verpondingsnr 2670 added for row: 045d4d47-5a91-42dd-ab00-e409cb408999
2026-08-01 17:45:24,267 [INFO] UUID: 045d4d47-5a91-42dd-ab00-e409cb408999
2026-08-01 17:45:24,267 [INFO] Migrated location description to new Bnode for uuid: 045d4d47-5a91-42dd-ab00-e409cb408999 and description: Beginnende van de kraan huijs laagsche buitenkant tot de Nieuwe Beentemakernat, Wijk 10, Verpondingsnr 2670.
2026-08-01 17:45:24,397 [INFO] Turtle succesfully updated for row: 045d4d47-5a91-42dd-ab00-e409cb408999
2026-08-01 17:45:24,397 [INFO] Turtle is changed in the script. Check loginfo for details on uuid: 045d4d47-5a91-42dd-ab00-e409cb408999
2026-08-01 17:45:24,397 [INFO] STARTING WITH UUID: 045ed19b-bc82-4513-a7fa-925165988361
2026-08-01 17:45:24,480 [INFO] Concept vocabulair and description: Steenvoetsteeg zuidzij van de Houtuijnen naar de Breestraat, Wijk 15, Verpondingsnr 4937 added for row: 045ed19b-bc82-4513-a7fa-925165988361
2026-08-01 17:45:24,480 [INFO] UUID: 045ed19b-bc82-4513-a7fa-925165988361
2026-08-01 17:45:24,480 [INFO] Migrated location description to new Bnode for uuid: 045ed19b-bc82-4513-a7fa-925165988361 and description: Steenvoetsteeg zuidzij van de Houtuijnen naar de Breestraat, Wijk 15, Verpondingsnr 4937.
2026-08-01 17:45:24,608 [INFO] Turtle succesfully updated for row: 045ed19b-bc82-4513-a7fa-925165988361
2026-08-01 17:45:24,608 [INFO] Turtle is changed in the script. Check loginfo for details on uuid: 045ed19b-bc82-4513-a7fa-925165988361
2026-08-01 17:45:24,609 [INFO] STARTING WITH UUID: 0465be26-ef54-4497-ac4c-01e48c9870ba
2026-08-01 17:45:24,689 [INFO] Concept vocabulair and description: Wijk 58, Verpondingsnr 4625 added for row: 0465be26-ef54-4497-ac4c-01e48c9870ba
2026-08-01 17:45:24,689 [INFO] UUID: 0465be26-ef54-4497-ac4c-01e48c9870ba
2026-08-01 17:45:24,689 [INFO] Migrated location description to new Bnode for uuid: 0465be26-ef54-4497-ac4c-01e48c9870ba and description: Wijk 58, Verpondingsnr 4625.
2026-08-01 17:45:24,795 [INFO] Turtle succesfully updated for row: 0465be26-ef54-4497-ac4c-01e48c9870ba
2026-08-01 17:45:24,795 [INFO] Turtle is changed in the script. Check loginfo for details on uuid: 0465be26-ef54-4497-ac4c-01e48c9870ba
2026-08-01 17:45:24,796 [INFO] STARTING WITH UUID: 0466c11c-3858-41de-b27a-b1eeca406fae
2026-08-01 17:45:24,860 [INFO] Concept vocabulair and description: Steenvoetsteeg zuidzij van de Houtuijnen naar de Breestraat, Wijk 15, Verpondingsnr 6138 added for row: 0466c11c-3858-41de-b27a-b1eeca406fae
2026-08-01 17:45:24,860 [INFO] UUID: 0466c11c-3858-41de-b27a-b1eeca406fae
2026-08-01 17:45:24,860 [INFO] Migrated location description to new Bnode for uuid: 0466c11c-3858-41de-b27a-b1eeca406fae and description: Steenvoetsteeg zuidzij van de Houtuijnen naar de Breestraat, Wijk 15, Verpondingsnr 6138.
2026-08-01 17:45:24,962 [INFO] Turtle succesfully updated for row: 0466c11c-3858-41de-b27a-b1eeca406fae
2026-08-01 17:45:24,962 [INFO] Turtle is changed in the script. Check loginfo for details on uuid: 0466c11c-3858-41de-b27a-b1eeca406fae
2026-08-01 17:45:24,962 [INFO] STARTING WITH UUID: 04691da3-3f50-4fd7-9457-2085079ecd28
2026-08-01 17:45:25,034 [INFO] Concept vocabulair and description: Eerste Angelierstraat noordzij, Wijk 48, Verpondingsnr 4508 added for row: 04691da3-3f50-4fd7-9457-2085079ecd28
2026-08-01 17:45:25,034 [INFO] UUID: 04691da3-3f50-4fd7-9457-2085079ecd28
2026-08-01 17:45:25,034 [INFO] Migrated location description to new Bnode for uuid: 04691da3-3f50-4fd7-9457-2085079ecd28 and description: Eerste Angelierstraat noordzij, Wijk 48, Verpondingsnr 4508.
2026-08-01 17:45:25,133 [INFO] Turtle succesfully updated for row: 04691da3-3f50-4fd7-9457-2085079ecd28
2026-08-01 17:45:25,133 [INFO] Turtle is changed in the script. Check loginfo for details on uuid: 04691da3-3f50-4fd7-9457-2085079ecd28
2026-08-01 17:45:25,134 [INFO] STARTING WITH UUID: 04692140-1f5f-4c69-85ac-7b87db95c348
2026-08-01 17:45:25,209 [INFO] Concept vocabulair and description: Wijk 57, Verpondingsnr 3993-1 added for row: 04692140-1f5f-4c69-85ac-7b87db95c348
2026-08-01 17:45:25,209 [INFO] UUID: 04692140-1f5f-4c69-85ac-7b87db95c348
2026-08-01 17:45:25,209 [INFO] Migrated location description to new Bnode for uuid: 04692140-1f5f-4c69-85ac-7b87db95c348 and description: Wijk 57, Verpondingsnr 3993-1.
2026-08-01 17:45:25,309 [INFO] Turtle succesfully updated for row: 04692140-1f5f-4c69-85ac-7b87db95c348
2026-08-01 17:45:25,309 [INFO] Turtle is changed in the script. Check loginfo for details on uuid: 04692140-1f5f-4c69-85ac-7b87db95c348
2026-08-01 17:45:25,309 [INFO] STARTING WITH UUID: 046c6f59-4f30-4756-9cb3-760604a32c61
2026-08-01 17:45:25,382 [INFO] Concept vocabulair and description: Beginnende met de Jonkerstraat, Wijk 12, Verpondingsnr 3427 added for row: 046c6f59-4f30-4756-9cb3-760604a32c61
2026-08-01 17:45:25,382 [INFO] UUID: 046c6f59-4f30-4756-9cb3-760604a32c61
2026-08-01 17:45:25,382 [INFO] Migrated location description to new Bnode for uuid: 046c6f59-4f30-4756-9cb3-760604a32c61 and description: Beginnende met de Jonkerstraat, Wijk 12, Verpondingsnr 3427.
2026-08-01 17:45:25,501 [INFO] Turtle succesfully updated for row: 046c6f59-4f30-4756-9cb3-760604a32c61
2026-08-01 17:45:25,501 [INFO] Turtle is changed in the script. Check loginfo for details on uuid: 046c6f59-4f30-4756-9cb3-760604a32c61
2026-08-01 17:45:25,502 [INFO] STARTING WITH UUID: 046d071c-74fc-443b-93fc-b9d29950a66e
2026-08-01 17:45:25,586 [INFO] Concept vocabulair and description: Wijk 41, Verpondingsnr 2380 added for row: 046d071c-74fc-443b-93fc-b9d29950a66e
2026-08-01 17:45:25,586 [INFO] UUID: 046d071c-74fc-443b-93fc-b9d29950a66e
2026-08-01 17:45:25,586 [INFO] Migrated location description to new Bnode for uuid: 046d071c-74fc-443b-93fc-b9d29950a66e and description: Wijk 41, Verpondingsnr 2380.
2026-08-01 17:45:25,689 [INFO] Turtle succesfully updated for row: 046d071c-74fc-443b-93fc-b9d29950a66e
2026-08-01 17:45:25,689 [INFO] Turtle is changed in the script. Check loginfo for details on uuid: 046d071c-74fc-443b-93fc-b9d29950a66e
2026-08-01 17:45:25,689 [INFO] STARTING WITH UUID: 046e3ebd-5c63-4a98-84ae-41d4c9b75b6d
2026-08-01 17:45:25,773 [INFO] Concept vocabulair and description: Wijk 57, Verpondingsnr 4358 added for row: 046e3ebd-5c63-4a98-84ae-41d4c9b75b6d
2026-08-01 17:45:25,774 [INFO] UUID: 046e3ebd-5c63-4a98-84ae-41d4c9b75b6d
2026-08-01 17:45:25,774 [INFO] Migrated location description to new Bnode for uuid: 046e3ebd-5c63-4a98-84ae-41d4c9b75b6d and description: Wijk 57, Verpondingsnr 4358.
2026-08-01 17:45:25,871 [INFO] Turtle succesfully updated for row: 046e3ebd-5c63-4a98-84ae-41d4c9b75b6d
2026-08-01 17:45:25,872 [INFO] Turtle is changed in the script. Check loginfo for details on uuid: 046e3ebd-5c63-4a98-84ae-41d4c9b75b6d
2026-08-01 17:45:25,872 [INFO] STARTING WITH UUID: 047185da-80c0-4a02-8bdf-439c73e72abf
2026-08-01 17:45:25,954 [INFO] Concept vocabulair and description: Wijk 18, Verpondingsnr 1459 added for row: 047185da-80c0-4a02-8bdf-439c73e72abf
2026-08-01 17:45:25,954 [INFO] UUID: 047185da-80c0-4a02-8bdf-439c73e72abf
2026-08-01 17:45:25,954 [INFO] Migrated location description to new Bnode for uuid: 047185da-80c0-4a02-8bdf-439c73e72abf and description: Wijk 18, Verpondingsnr 1459.
2026-08-01 17:45:26,049 [INFO] Turtle succesfully updated for row: 047185da-80c0-4a02-8bdf-439c73e72abf
2026-08-01 17:45:26,049 [INFO] Turtle is changed in the script. Check loginfo for details on uuid: 047185da-80c0-4a02-8bdf-439c73e72abf
2026-08-01 17:45:26,049 [INFO] STARTING WITH UUID: 047236dc-ef7d-4f0e-afde-93f18a443750
2026-08-01 17:45:26,113 [INFO] Concept vocabulair and description: Oosterse Kaaij, Wijk 16, Verpondingsnr 963 added for row: 047236dc-ef7d-4f0e-afde-93f18a443750
2026-08-01 17:45:26,113 [INFO] UUID: 047236dc-ef7d-4f0e-afde-93f18a443750
2026-08-01 17:45:26,113 [INFO] Migrated location description to new Bnode for uuid: 047236dc-ef7d-4f0e-afde-93f18a443750 and description: Oosterse Kaaij, Wijk 16, Verpondingsnr 963.
2026-08-01 17:45:26,203 [INFO] Turtle succesfully updated for row: 047236dc-ef7d-4f0e-afde-93f18a443750
2026-08-01 17:45:26,203 [INFO] Turtle is changed in the script. Check loginfo for details on uuid: 047236dc-ef7d-4f0e-afde-93f18a443750
2026-08-01 17:45:26,203 [INFO] STARTING WITH UUID: 0477157c-e8f4-4474-8f85-a3d3061b4fe4
2026-08-01 17:45:26,261 [INFO] Concept vocabulair and description: Wijk 54, Verpondingsnr 2659 added for row: 0477157c-e8f4-4474-8f85-a3d3061b4fe4
2026-08-01 17:45:26,262 [INFO] UUID: 0477157c-e8f4-4474-8f85-a3d3061b4fe4
2026-08-01 17:45:26,262 [INFO] Migrated location description to new Bnode for uuid: 0477157c-e8f4-4474-8f85-a3d3061b4fe4 and description: Wijk 54, Verpondingsnr 2659.
2026-08-01 17:45:26,378 [INFO] Turtle succesfully updated for row: 0477157c-e8f4-4474-8f85-a3d3061b4fe4
2026-08-01 17:45:26,378 [INFO] Turtle is changed in the script. Check loginfo for details on uuid: 0477157c-e8f4-4474-8f85-a3d3061b4fe4
2026-08-01 17:45:26,378 [INFO] STARTING WITH UUID: 04797af6-d88a-4591-b8c0-6a81b60d33e0
2026-08-01 17:45:26,462 [INFO] Concept vocabulair and description: Wijk 53, Verpondingsnr 2139 added for row: 04797af6-d88a-4591-b8c0-6a81b60d33e0
2026-08-01 17:45:26,462 [INFO] UUID: 04797af6-d88a-4591-b8c0-6a81b60d33e0
2026-08-01 17:45:26,462 [INFO] Migrated location description to new Bnode for uuid: 04797af6-d88a-4591-b8c0-6a81b60d33e0 and description: Wijk 53, Verpondingsnr 2139.
2026-08-01 17:45:26,573 [INFO] Turtle succesfully updated for row: 04797af6-d88a-4591-b8c0-6a81b60d33e0
2026-08-01 17:45:26,573 [INFO] Turtle is changed in the script. Check loginfo for details on uuid: 04797af6-d88a-4591-b8c0-6a81b60d33e0
2026-08-01 17:45:26,573 [INFO] STARTING WITH UUID: 047c4144-3104-4e45-9360-6482939ec323
2026-08-01 17:45:26,653 [INFO] Concept vocabulair and description: Wijk 28, Verpondingsnr 4326 added for row: 047c4144-3104-4e45-9360-6482939ec323
2026-08-01 17:45:26,654 [INFO] UUID: 047c4144-3104-4e45-9360-6482939ec323
2026-08-01 17:45:26,654 [INFO] Migrated location description to new Bnode for uuid: 047c4144-3104-4e45-9360-6482939ec323 and description: Wijk 28, Verpondingsnr 4326.
2026-08-01 17:45:26,775 [INFO] Turtle succesfully updated for row: 047c4144-3104-4e45-9360-6482939ec323
2026-08-01 17:45:26,775 [INFO] Turtle is changed in the script. Check loginfo for details on uuid: 047c4144-3104-4e45-9360-6482939ec323
2026-08-01 17:45:26,776 [INFO] STARTING WITH UUID: 047e47aa-b321-444b-8365-43f9c9fb41df
2026-08-01 17:45:26,846 [INFO] Concept vocabulair and description: Wijk 57, Verpondingsnr 4158 added for row: 047e47aa-b321-444b-8365-43f9c9fb41df
2026-08-01 17:45:26,846 [INFO] UUID: 047e47aa-b321-444b-8365-43f9c9fb41df
2026-08-01 17:45:26,846 [INFO] Migrated location description to new Bnode for uuid: 047e47aa-b321-444b-8365-43f9c9fb41df and description: Wijk 57, Verpondingsnr 4158.
2026-08-01 17:45:26,956 [INFO] Turtle succesfully updated for row: 047e47aa-b321-444b-8365-43f9c9fb41df
2026-08-01 17:45:26,956 [INFO] Turtle is changed in the script. Check loginfo for details on uuid: 047e47aa-b321-444b-8365-43f9c9fb41df
2026-08-01 17:45:26,956 [INFO] STARTING WITH UUID: 048166ae-fc22-4e07-8dbc-f0daeb19f557
2026-08-01 17:45:27,037 [INFO] Concept vocabulair and description: Wijk 42, Verpondingsnr 2766 added for row: 048166ae-fc22-4e07-8dbc-f0daeb19f557
2026-08-01 17:45:27,037 [INFO] UUID: 048166ae-fc22-4e07-8dbc-f0daeb19f557
2026-08-01 17:45:27,037 [INFO] Migrated location description to new Bnode for uuid: 048166ae-fc22-4e07-8dbc-f0daeb19f557 and description: Wijk 42, Verpondingsnr 2766.
2026-08-01 17:45:27,146 [INFO] Turtle succesfully updated for row: 048166ae-fc22-4e07-8dbc-f0daeb19f557
2026-08-01 17:45:27,146 [INFO] Turtle is changed in the script. Check loginfo for details on uuid: 048166ae-fc22-4e07-8dbc-f0daeb19f557
2026-08-01 17:45:27,146 [INFO] STARTING WITH UUID: 0486d018-80ce-4510-b0b2-a10202b654fe
2026-08-01 17:45:27,220 [INFO] Concept vocabulair and description: Posthoorngang, Wijk 50, Verpondingsnr 5454 added for row: 0486d018-80ce-4510-b0b2-a10202b654fe
2026-08-01 17:45:27,220 [INFO] UUID: 0486d018-80ce-4510-b0b2-a10202b654fe
2026-08-01 17:45:27,220 [INFO] Migrated location description to new Bnode for uuid: 0486d018-80ce-4510-b0b2-a10202b654fe and description: Posthoorngang, Wijk 50, Verpondingsnr 5454.
2026-08-01 17:45:27,333 [INFO] Turtle succesfully updated for row: 0486d018-80ce-4510-b0b2-a10202b654fe
2026-08-01 17:45:27,333 [INFO] Turtle is changed in the script. Check loginfo for details on uuid: 0486d018-80ce-4510-b0b2-a10202b654fe
2026-08-01 17:45:27,333 [INFO] STARTING WITH UUID: 048c94aa-1c72-4bf1-913e-0ae9c9b7c88b
2026-08-01 17:45:27,418 [INFO] Concept vocabulair and description: Wijk 56, Verpondingsnr 3092-2 added for row: 048c94aa-1c72-4bf1-913e-0ae9c9b7c88b
2026-08-01 17:45:27,418 [INFO] UUID: 048c94aa-1c72-4bf1-913e-0ae9c9b7c88b
2026-08-01 17:45:27,418 [INFO] Migrated location description to new Bnode for uuid: 048c94aa-1c72-4bf1-913e-0ae9c9b7c88b and description: Wijk 56, Verpondingsnr 3092-2.
2026-08-01 17:45:27,562 [INFO] Turtle succesfully updated for row: 048c94aa-1c72-4bf1-913e-0ae9c9b7c88b
2026-08-01 17:45:27,562 [INFO] Turtle is changed in the script. Check loginfo for details on uuid: 048c94aa-1c72-4bf1-913e-0ae9c9b7c88b
2026-08-01 17:45:27,562 [INFO] STARTING WITH UUID: 04927e53-4695-4cb2-a61c-8b24979bca6d
2026-08-01 17:45:27,647 [INFO] Concept vocabulair and description: Ouden Brugsteeg noordzij beginnende van den Oudenbrug, Wijk 2, Verpondingsnr 267 added for row: 04927e53-4695-4cb2-a61c-8b24979bca6d
2026-08-01 17:45:27,647 [INFO] UUID: 04927e53-4695-4cb2-a61c-8b24979bca6d
2026-08-01 17:45:27,647 [INFO] Migrated location description to new Bnode for uuid: 04927e53-4695-4cb2-a61c-8b24979bca6d and description: Ouden Brugsteeg noordzij beginnende van den Oudenbrug, Wijk 2, Verpondingsnr 267.
2026-08-01 17:45:27,763 [INFO] Turtle succesfully updated for row: 04927e53-4695-4cb2-a61c-8b24979bca6d
2026-08-01 17:45:27,763 [INFO] Turtle is changed in the script. Check loginfo for details on uuid: 04927e53-4695-4cb2-a61c-8b24979bca6d
2026-08-01 17:45:27,763 [INFO] STARTING WITH UUID: 0496415b-00ce-4e97-87f2-c88b0e8e21c2
2026-08-01 17:45:27,854 [INFO] Concept vocabulair and description: Beginnende met de Jonkerstraat, Wijk 12, Verpondingsnr 3228 added for row: 0496415b-00ce-4e97-87f2-c88b0e8e21c2
2026-08-01 17:45:27,854 [INFO] UUID: 0496415b-00ce-4e97-87f2-c88b0e8e21c2
2026-08-01 17:45:27,854 [INFO] Migrated location description to new Bnode for uuid: 0496415b-00ce-4e97-87f2-c88b0e8e21c2 and description: Beginnende met de Jonkerstraat, Wijk 12, Verpondingsnr 3228.
2026-08-01 17:45:28,036 [INFO] Turtle succesfully updated for row: 0496415b-00ce-4e97-87f2-c88b0e8e21c2
2026-08-01 17:45:28,036 [INFO] Turtle is changed in the script. Check loginfo for details on uuid: 0496415b-00ce-4e97-87f2-c88b0e8e21c2
2026-08-01 17:45:28,036 [INFO] STARTING WITH UUID: 0497bdbb-7c98-4ac3-88c5-d296af1735ad
2026-08-01 17:45:28,115 [INFO] Concept vocabulair and description: Keijsersgracht oostzij van de Westermarksluijs, Wijk 43, Verpondingsnr 2902 added for row: 0497bdbb-7c98-4ac3-88c5-d296af1735ad
2026-08-01 17:45:28,115 [INFO] UUID: 0497bdbb-7c98-4ac3-88c5-d296af1735ad
2026-08-01 17:45:28,115 [INFO] Migrated location description to new Bnode for uuid: 0497bdbb-7c98-4ac3-88c5-d296af1735ad and description: Keijsersgracht oostzij van de Westermarksluijs, Wijk 43, Verpondingsnr 2902.
2026-08-01 17:45:28,223 [INFO] Turtle succesfully updated for row: 0497bdbb-7c98-4ac3-88c5-d296af1735ad
2026-08-01 17:45:28,223 [INFO] Turtle is changed in the script. Check loginfo for details on uuid: 0497bdbb-7c98-4ac3-88c5-d296af1735ad
2026-08-01 17:45:28,223 [INFO] STARTING WITH UUID: 0497c187-31bf-4406-b4d4-be16955c3108
2026-08-01 17:45:28,296 [INFO] Concept vocabulair and description: Angeliersstraat Voorbij de Eerste Tuijndwarsstraat, Wijk 47, Verpondingsnr 4412 added for row: 0497c187-31bf-4406-b4d4-be16955c3108
2026-08-01 17:45:28,296 [INFO] UUID: 0497c187-31bf-4406-b4d4-be16955c3108
2026-08-01 17:45:28,296 [INFO] Migrated location description to new Bnode for uuid: 0497c187-31bf-4406-b4d4-be16955c3108 and description: Angeliersstraat Voorbij de Eerste Tuijndwarsstraat, Wijk 47, Verpondingsnr 4412.
2026-08-01 17:45:28,383 [INFO] Turtle succesfully updated for row: 0497c187-31bf-4406-b4d4-be16955c3108
2026-08-01 17:45:28,383 [INFO] Turtle is changed in the script. Check loginfo for details on uuid: 0497c187-31bf-4406-b4d4-be16955c3108
2026-08-01 17:45:28,383 [INFO] STARTING WITH UUID: 0499765b-4d11-49db-843d-4e43ec49f1d9
2026-08-01 17:45:28,452 [INFO] Concept vocabulair and description: Wijk 60, Verpondingsnr 5645 added for row: 0499765b-4d11-49db-843d-4e43ec49f1d9
2026-08-01 17:45:28,452 [INFO] UUID: 0499765b-4d11-49db-843d-4e43ec49f1d9
2026-08-01 17:45:28,452 [INFO] Migrated location description to new Bnode for uuid: 0499765b-4d11-49db-843d-4e43ec49f1d9 and description: Wijk 60, Verpondingsnr 5645.
2026-08-01 17:45:28,538 [INFO] Turtle succesfully updated for row: 0499765b-4d11-49db-843d-4e43ec49f1d9
2026-08-01 17:45:28,538 [INFO] Turtle is changed in the script. Check loginfo for details on uuid: 0499765b-4d11-49db-843d-4e43ec49f1d9
2026-08-01 17:45:28,538 [INFO] STARTING WITH UUID: 049cb6b1-4f14-4454-9bb7-1aab15851415
2026-08-01 17:45:28,614 [INFO] Concept vocabulair and description: Wijk 56, Verpondingsnr 3081 added for row: 049cb6b1-4f14-4454-9bb7-1aab15851415
2026-08-01 17:45:28,614 [INFO] UUID: 049cb6b1-4f14-4454-9bb7-1aab15851415
2026-08-01 17:45:28,614 [INFO] Migrated location description to new Bnode for uuid: 049cb6b1-4f14-4454-9bb7-1aab15851415 and description: Wijk 56, Verpondingsnr 3081.
2026-08-01 17:45:28,717 [INFO] Turtle succesfully updated for row: 049cb6b1-4f14-4454-9bb7-1aab15851415
2026-08-01 17:45:28,718 [INFO] Turtle is changed in the script. Check loginfo for details on uuid: 049cb6b1-4f14-4454-9bb7-1aab15851415
2026-08-01 17:45:28,718 [INFO] STARTING WITH UUID: 049ddaae-4def-4cda-905d-2e6f9b97cfe6
2026-08-01 17:45:28,798 [INFO] Concept vocabulair and description: Vijgendam hoek Vispoort naar de Warmoesstraat, Wijk 7, Verpondingsnr 1727 added for row: 049ddaae-4def-4cda-905d-2e6f9b97cfe6
2026-08-01 17:45:28,799 [INFO] UUID: 049ddaae-4def-4cda-905d-2e6f9b97cfe6
2026-08-01 17:45:28,799 [INFO] Migrated location description to new Bnode for uuid: 049ddaae-4def-4cda-905d-2e6f9b97cfe6 and description: Vijgendam hoek Vispoort naar de Warmoesstraat, Wijk 7, Verpondingsnr 1727.
2026-08-01 17:45:28,894 [INFO] Turtle succesfully updated for row: 049ddaae-4def-4cda-905d-2e6f9b97cfe6
2026-08-01 17:45:28,894 [INFO] Turtle is changed in the script. Check loginfo for details on uuid: 049ddaae-4def-4cda-905d-2e6f9b97cfe6
2026-08-01 17:45:28,898 [INFO] STARTING WITH UUID: 049ee074-5364-4c22-830e-71c31169c8b5
2026-08-01 17:45:28,967 [INFO] Concept vocabulair and description: Wijk 37, Verpondingsnr 1121 added for row: 049ee074-5364-4c22-830e-71c31169c8b5
2026-08-01 17:45:28,967 [INFO] UUID: 049ee074-5364-4c22-830e-71c31169c8b5
2026-08-01 17:45:28,967 [INFO] Migrated location description to new Bnode for uuid: 049ee074-5364-4c22-830e-71c31169c8b5 and description: Wijk 37, Verpondingsnr 1121.
2026-08-01 17:45:29,078 [INFO] Turtle succesfully updated for row: 049ee074-5364-4c22-830e-71c31169c8b5
2026-08-01 17:45:29,078 [INFO] Turtle is changed in the script. Check loginfo for details on uuid: 049ee074-5364-4c22-830e-71c31169c8b5
2026-08-01 17:45:29,078 [INFO] STARTING WITH UUID: 04a09988-1863-4085-b3e2-557c73982c8c
2026-08-01 17:45:29,182 [INFO] Concept vocabulair and description: Ouden Brugsteeg noordzij beginnende van den Oudenbrug, Wijk 2, Verpondingsnr 438 added for row: 04a09988-1863-4085-b3e2-557c73982c8c
2026-08-01 17:45:29,182 [INFO] UUID: 04a09988-1863-4085-b3e2-557c73982c8c
2026-08-01 17:45:29,182 [INFO] Migrated location description to new Bnode for uuid: 04a09988-1863-4085-b3e2-557c73982c8c and description: Ouden Brugsteeg noordzij beginnende van den Oudenbrug, Wijk 2, Verpondingsnr 438.
2026-08-01 17:45:29,379 [INFO] Turtle succesfully updated for row: 04a09988-1863-4085-b3e2-557c73982c8c
2026-08-01 17:45:29,379 [INFO] Turtle is changed in the script. Check loginfo for details on uuid: 04a09988-1863-4085-b3e2-557c73982c8c
2026-08-01 17:45:29,380 [INFO] STARTING WITH UUID: 04a47091-44d3-4ffe-b439-92e566ddc95a
2026-08-01 17:45:29,463 [INFO] Concept vocabulair and description: Beginnende op de hoek van de Raamgracht en Groene Burgwal, Wijk 14, Verpondingsnr 4582 added for row: 04a47091-44d3-4ffe-b439-92e566ddc95a
2026-08-01 17:45:29,463 [INFO] UUID: 04a47091-44d3-4ffe-b439-92e566ddc95a
2026-08-01 17:45:29,463 [INFO] Migrated location description to new Bnode for uuid: 04a47091-44d3-4ffe-b439-92e566ddc95a and description: Beginnende op de hoek van de Raamgracht en Groene Burgwal, Wijk 14, Verpondingsnr 4582.
2026-08-01 17:45:29,713 [INFO] Turtle succesfully updated for row: 04a47091-44d3-4ffe-b439-92e566ddc95a
2026-08-01 17:45:29,713 [INFO] Turtle is changed in the script. Check loginfo for details on uuid: 04a47091-44d3-4ffe-b439-92e566ddc95a
2026-08-01 17:45:29,713 [INFO] STARTING WITH UUID: 04a53c4a-5324-4348-a053-e04b9fb710ac
2026-08-01 17:45:29,927 [INFO] Concept vocabulair and description: Tuijnstraat zuidzij tussen de Tweede en Derde Dwarsstraat, Wijk 46, Verpondingsnr 3995-2 added for row: 04a53c4a-5324-4348-a053-e04b9fb710ac
2026-08-01 17:45:29,927 [INFO] UUID: 04a53c4a-5324-4348-a053-e04b9fb710ac
2026-08-01 17:45:29,927 [INFO] Migrated location description to new Bnode for uuid: 04a53c4a-5324-4348-a053-e04b9fb710ac and description: Tuijnstraat zuidzij tussen de Tweede en Derde Dwarsstraat, Wijk 46, Verpondingsnr 3995-2.
2026-08-01 17:45:30,141 [INFO] Turtle succesfully updated for row: 04a53c4a-5324-4348-a053-e04b9fb710ac
2026-08-01 17:45:30,141 [INFO] Turtle is changed in the script. Check loginfo for details on uuid: 04a53c4a-5324-4348-a053-e04b9fb710ac
2026-08-01 17:45:30,141 [INFO] STARTING WITH UUID: 04a8134e-5b75-4c42-82f5-85d9db9cb919
2026-08-01 17:45:30,221 [INFO] Concept vocabulair and description: Wijk 57, Verpondingsnr 3992 added for row: 04a8134e-5b75-4c42-82f5-85d9db9cb919
2026-08-01 17:45:30,221 [INFO] UUID: 04a8134e-5b75-4c42-82f5-85d9db9cb919
2026-08-01 17:45:30,221 [INFO] Migrated location description to new Bnode for uuid: 04a8134e-5b75-4c42-82f5-85d9db9cb919 and description: Wijk 57, Verpondingsnr 3992.
2026-08-01 17:45:30,473 [INFO] Turtle succesfully updated for row: 04a8134e-5b75-4c42-82f5-85d9db9cb919
2026-08-01 17:45:30,473 [INFO] Turtle is changed in the script. Check loginfo for details on uuid: 04a8134e-5b75-4c42-82f5-85d9db9cb919
2026-08-01 17:45:30,474 [INFO] STARTING WITH UUID: 04a923c0-49fd-43d5-8e89-d8b716f2736a
2026-08-01 17:45:30,684 [INFO] Concept vocabulair and description: Stormsteeg zuidzij van de Zeedijk naer de Geldersche kaade, Wijk 3, Verpondingsnr 561 added for row: 04a923c0-49fd-43d5-8e89-d8b716f2736a
2026-08-01 17:45:30,684 [INFO] UUID: 04a923c0-49fd-43d5-8e89-d8b716f2736a
2026-08-01 17:45:30,684 [INFO] Migrated location description to new Bnode for uuid: 04a923c0-49fd-43d5-8e89-d8b716f2736a and description: Stormsteeg zuidzij van de Zeedijk naer de Geldersche kaade, Wijk 3, Verpondingsnr 561.
2026-08-01 17:45:30,889 [INFO] Turtle succesfully updated for row: 04a923c0-49fd-43d5-8e89-d8b716f2736a
2026-08-01 17:45:30,889 [INFO] Turtle is changed in the script. Check loginfo for details on uuid: 04a923c0-49fd-43d5-8e89-d8b716f2736a
2026-08-01 17:45:30,889 [INFO] STARTING WITH UUID: 04abb645-91d7-450c-966d-1b16fc45989a
2026-08-01 17:45:30,981 [INFO] Concept vocabulair and description: Beginnende van de kraan huijs laagsche buitenkant tot de Nieuwe Beentemakernat, Wijk 10, Verpondingsnr 2739 added for row: 04abb645-91d7-450c-966d-1b16fc45989a
2026-08-01 17:45:30,981 [INFO] UUID: 04abb645-91d7-450c-966d-1b16fc45989a
2026-08-01 17:45:30,981 [INFO] Migrated location description to new Bnode for uuid: 04abb645-91d7-450c-966d-1b16fc45989a and description: Beginnende van de kraan huijs laagsche buitenkant tot de Nieuwe Beentemakernat, Wijk 10, Verpondingsnr 2739.
2026-08-01 17:45:31,391 [INFO] Turtle succesfully updated for row: 04abb645-91d7-450c-966d-1b16fc45989a
2026-08-01 17:45:31,391 [INFO] Turtle is changed in the script. Check loginfo for details on uuid: 04abb645-91d7-450c-966d-1b16fc45989a
2026-08-01 17:45:31,392 [INFO] STARTING WITH UUID: 04afb1dc-08a4-4e87-96a9-2134bcf6ad85
2026-08-01 17:45:31,470 [INFO] Concept vocabulair and description: Wijk 58, Verpondingsnr 4432 added for row: 04afb1dc-08a4-4e87-96a9-2134bcf6ad85
2026-08-01 17:45:31,470 [INFO] UUID: 04afb1dc-08a4-4e87-96a9-2134bcf6ad85
2026-08-01 17:45:31,470 [INFO] Migrated location description to new Bnode for uuid: 04afb1dc-08a4-4e87-96a9-2134bcf6ad85 and description: Wijk 58, Verpondingsnr 4432.
2026-08-01 17:45:31,718 [INFO] Turtle succesfully updated for row: 04afb1dc-08a4-4e87-96a9-2134bcf6ad85
2026-08-01 17:45:31,718 [INFO] Turtle is changed in the script. Check loginfo for details on uuid: 04afb1dc-08a4-4e87-96a9-2134bcf6ad85
2026-08-01 17:45:31,718 [INFO] STARTING WITH UUID: 04b4300b-be03-428e-92ab-67699526319d
2026-08-01 17:45:31,936 [INFO] Concept vocabulair and description: Binnekant van ‘t Nieuwe Waale eijland agter de hoek van de Haekmarkt, Wijk 11, Verpondingsnr 3032 added for row: 04b4300b-be03-428e-92ab-67699526319d
2026-08-01 17:45:31,937 [INFO] UUID: 04b4300b-be03-428e-92ab-67699526319d
2026-08-01 17:45:31,937 [INFO] Migrated location description to new Bnode for uuid: 04b4300b-be03-428e-92ab-67699526319d and description: Binnekant van ‘t Nieuwe Waale eijland agter de hoek van de Haekmarkt, Wijk 11, Verpondingsnr 3032.
2026-08-01 17:45:32,141 [INFO] Turtle succesfully updated for row: 04b4300b-be03-428e-92ab-67699526319d
2026-08-01 17:45:32,141 [INFO] Turtle is changed in the script. Check loginfo for details on uuid: 04b4300b-be03-428e-92ab-67699526319d
2026-08-01 17:45:32,142 [INFO] STARTING WITH UUID: 04ba026e-8b83-475f-89c2-bdae36b41915
2026-08-01 17:45:32,222 [INFO] Concept vocabulair and description: Wijk 35, Verpondingsnr 466 added for row: 04ba026e-8b83-475f-89c2-bdae36b41915
2026-08-01 17:45:32,223 [INFO] UUID: 04ba026e-8b83-475f-89c2-bdae36b41915
2026-08-01 17:45:32,223 [INFO] Migrated location description to new Bnode for uuid: 04ba026e-8b83-475f-89c2-bdae36b41915 and description: Wijk 35, Verpondingsnr 466.
2026-08-01 17:45:32,477 [INFO] Turtle succesfully updated for row: 04ba026e-8b83-475f-89c2-bdae36b41915
2026-08-01 17:45:32,477 [INFO] Turtle is changed in the script. Check loginfo for details on uuid: 04ba026e-8b83-475f-89c2-bdae36b41915
2026-08-01 17:45:32,477 [INFO] STARTING WITH UUID: 04c25bf2-014f-4479-aa12-9935007a64e2
2026-08-01 17:45:32,700 [INFO] Concept vocabulair and description: Oosterse Kaaij, Wijk 16, Verpondingsnr 520 added for row: 04c25bf2-014f-4479-aa12-9935007a64e2
2026-08-01 17:45:32,701 [INFO] UUID: 04c25bf2-014f-4479-aa12-9935007a64e2
2026-08-01 17:45:32,701 [INFO] Migrated location description to new Bnode for uuid: 04c25bf2-014f-4479-aa12-9935007a64e2 and description: Oosterse Kaaij, Wijk 16, Verpondingsnr 520.
2026-08-01 17:45:32,897 [INFO] Turtle succesfully updated for row: 04c25bf2-014f-4479-aa12-9935007a64e2
2026-08-01 17:45:32,897 [INFO] Turtle is changed in the script. Check loginfo for details on uuid: 04c25bf2-014f-4479-aa12-9935007a64e2
2026-08-01 17:45:32,898 [INFO] STARTING WITH UUID: 04c4db0c-266c-49c9-a7a6-ffe1e52b2cb7
2026-08-01 17:45:32,988 [INFO] Concept vocabulair and description: Wijk 42, Verpondingsnr 2644 added for row: 04c4db0c-266c-49c9-a7a6-ffe1e52b2cb7
2026-08-01 17:45:32,988 [INFO] UUID: 04c4db0c-266c-49c9-a7a6-ffe1e52b2cb7
2026-08-01 17:45:32,988 [INFO] Migrated location description to new Bnode for uuid: 04c4db0c-266c-49c9-a7a6-ffe1e52b2cb7 and description: Wijk 42, Verpondingsnr 2644.
2026-08-01 17:45:33,232 [INFO] Turtle succesfully updated for row: 04c4db0c-266c-49c9-a7a6-ffe1e52b2cb7
2026-08-01 17:45:33,232 [INFO] Turtle is changed in the script. Check loginfo for details on uuid: 04c4db0c-266c-49c9-a7a6-ffe1e52b2cb7
2026-08-01 17:45:33,232 [INFO] STARTING WITH UUID: 04c75656-0fbc-48fa-b274-84f695218c05
2026-08-01 17:45:33,438 [INFO] Concept vocabulair and description: Wijk 51, Verpondingsnr 1159 added for row: 04c75656-0fbc-48fa-b274-84f695218c05
2026-08-01 17:45:33,438 [INFO] UUID: 04c75656-0fbc-48fa-b274-84f695218c05
2026-08-01 17:45:33,438 [INFO] Migrated location description to new Bnode for uuid: 04c75656-0fbc-48fa-b274-84f695218c05 and description: Wijk 51, Verpondingsnr 1159.
2026-08-01 17:45:33,648 [INFO] Turtle succesfully updated for row: 04c75656-0fbc-48fa-b274-84f695218c05
2026-08-01 17:45:33,648 [INFO] Turtle is changed in the script. Check loginfo for details on uuid: 04c75656-0fbc-48fa-b274-84f695218c05
2026-08-01 17:45:33,648 [INFO] STARTING WITH UUID: 04c7aa9f-ce32-4364-b0ac-32e12c9afc96
2026-08-01 17:45:33,930 [INFO] Concept vocabulair and description: Baangragt van de Egelantiersgragt na de straat, Wijk 45, Verpondingsnr 3606 added for row: 04c7aa9f-ce32-4364-b0ac-32e12c9afc96
2026-08-01 17:45:33,931 [INFO] UUID: 04c7aa9f-ce32-4364-b0ac-32e12c9afc96
2026-08-01 17:45:33,934 [INFO] Migrated location description to new Bnode for uuid: 04c7aa9f-ce32-4364-b0ac-32e12c9afc96 and description: Baangragt van de Egelantiersgragt na de straat, Wijk 45, Verpondingsnr 3606.
2026-08-01 17:45:34,048 [INFO] Turtle succesfully updated for row: 04c7aa9f-ce32-4364-b0ac-32e12c9afc96
2026-08-01 17:45:34,048 [INFO] Turtle is changed in the script. Check loginfo for details on uuid: 04c7aa9f-ce32-4364-b0ac-32e12c9afc96
2026-08-01 17:45:34,049 [INFO] STARTING WITH UUID: 04ccc05d-321a-413b-8d86-c5cfdfe79d05
2026-08-01 17:45:34,143 [INFO] Concept vocabulair and description: Steenvoetsteeg zuidzij van de Houtuijnen naar de Breestraat, Wijk 15, Verpondingsnr 5139 added for row: 04ccc05d-321a-413b-8d86-c5cfdfe79d05
2026-08-01 17:45:34,143 [INFO] UUID: 04ccc05d-321a-413b-8d86-c5cfdfe79d05
2026-08-01 17:45:34,143 [INFO] Migrated location description to new Bnode for uuid: 04ccc05d-321a-413b-8d86-c5cfdfe79d05 and description: Steenvoetsteeg zuidzij van de Houtuijnen naar de Breestraat, Wijk 15, Verpondingsnr 5139.
2026-08-01 17:45:34,252 [INFO] Turtle succesfully updated for row: 04ccc05d-321a-413b-8d86-c5cfdfe79d05
2026-08-01 17:45:34,252 [INFO] Turtle is changed in the script. Check loginfo for details on uuid: 04ccc05d-321a-413b-8d86-c5cfdfe79d05
2026-08-01 17:45:34,252 [INFO] STARTING WITH UUID: 04cf79ad-479e-486c-8193-043645ea1b98
2026-08-01 17:45:34,331 [INFO] Concept vocabulair and description: Wijk 35, Verpondingsnr 39 added for row: 04cf79ad-479e-486c-8193-043645ea1b98
2026-08-01 17:45:34,331 [INFO] UUID: 04cf79ad-479e-486c-8193-043645ea1b98
2026-08-01 17:45:34,331 [INFO] Migrated location description to new Bnode for uuid: 04cf79ad-479e-486c-8193-043645ea1b98 and description: Wijk 35, Verpondingsnr 39.
2026-08-01 17:45:34,426 [INFO] Turtle succesfully updated for row: 04cf79ad-479e-486c-8193-043645ea1b98
2026-08-01 17:45:34,426 [INFO] Turtle is changed in the script. Check loginfo for details on uuid: 04cf79ad-479e-486c-8193-043645ea1b98
2026-08-01 17:45:34,427 [INFO] STARTING WITH UUID: 04d0733b-6bc0-4168-87da-8faefd6452c3
2026-08-01 17:45:34,511 [INFO] Concept vocabulair and description: Steenvoetsteeg zuidzij van de Houtuijnen naar de Breestraat, Wijk 15, Verpondingsnr 5756 added for row: 04d0733b-6bc0-4168-87da-8faefd6452c3
2026-08-01 17:45:34,511 [INFO] UUID: 04d0733b-6bc0-4168-87da-8faefd6452c3
2026-08-01 17:45:34,511 [INFO] Migrated location description to new Bnode for uuid: 04d0733b-6bc0-4168-87da-8faefd6452c3 and description: Steenvoetsteeg zuidzij van de Houtuijnen naar de Breestraat, Wijk 15, Verpondingsnr 5756.
2026-08-01 17:45:34,621 [INFO] Turtle succesfully updated for row: 04d0733b-6bc0-4168-87da-8faefd6452c3
2026-08-01 17:45:34,621 [INFO] Turtle is changed in the script. Check loginfo for details on uuid: 04d0733b-6bc0-4168-87da-8faefd6452c3
2026-08-01 17:45:34,621 [INFO] STARTING WITH UUID: 04d08705-90e2-4449-a83c-3f54e4274713
2026-08-01 17:45:34,707 [INFO] Concept vocabulair and description: Sint Olofspoort added for row: 04d08705-90e2-4449-a83c-3f54e4274713
2026-08-01 17:45:34,707 [INFO] UUID: 04d08705-90e2-4449-a83c-3f54e4274713
2026-08-01 17:45:34,707 [INFO] Migrated location description to new Bnode for uuid: 04d08705-90e2-4449-a83c-3f54e4274713 and description: Sint Olofspoort.
2026-08-01 17:45:34,826 [INFO] Turtle succesfully updated for row: 04d08705-90e2-4449-a83c-3f54e4274713
2026-08-01 17:45:34,826 [INFO] Turtle is changed in the script. Check loginfo for details on uuid: 04d08705-90e2-4449-a83c-3f54e4274713
2026-08-01 17:45:34,826 [INFO] STARTING WITH UUID: 04da1385-625e-4a03-a9a0-d816fc30ad65
2026-08-01 17:45:34,907 [INFO] Concept vocabulair and description: Wijk 21, Verpondingsnr 2162 added for row: 04da1385-625e-4a03-a9a0-d816fc30ad65
2026-08-01 17:45:34,907 [INFO] UUID: 04da1385-625e-4a03-a9a0-d816fc30ad65
2026-08-01 17:45:34,907 [INFO] Migrated location description to new Bnode for uuid: 04da1385-625e-4a03-a9a0-d816fc30ad65 and description: Wijk 21, Verpondingsnr 2162.
2026-08-01 17:45:35,013 [INFO] Turtle succesfully updated for row: 04da1385-625e-4a03-a9a0-d816fc30ad65
2026-08-01 17:45:35,013 [INFO] Turtle is changed in the script. Check loginfo for details on uuid: 04da1385-625e-4a03-a9a0-d816fc30ad65
2026-08-01 17:45:35,013 [INFO] STARTING WITH UUID: 04db28f2-d39f-4a7f-857e-a6b008d36706
2026-08-01 17:45:35,080 [INFO] Concept vocabulair and description: Wijk 25, Verpondingsnr 3080 added for row: 04db28f2-d39f-4a7f-857e-a6b008d36706
2026-08-01 17:45:35,081 [INFO] UUID: 04db28f2-d39f-4a7f-857e-a6b008d36706
2026-08-01 17:45:35,081 [INFO] Migrated location description to new Bnode for uuid: 04db28f2-d39f-4a7f-857e-a6b008d36706 and description: Wijk 25, Verpondingsnr 3080.
2026-08-01 17:45:35,212 [INFO] Turtle succesfully updated for row: 04db28f2-d39f-4a7f-857e-a6b008d36706
2026-08-01 17:45:35,212 [INFO] Turtle is changed in the script. Check loginfo for details on uuid: 04db28f2-d39f-4a7f-857e-a6b008d36706
2026-08-01 17:45:35,212 [INFO] STARTING WITH UUID: 04db2bdb-1b4f-40b5-bd2e-aacdd76ee83c
2026-08-01 17:45:35,294 [INFO] Concept vocabulair and description: Agter op de hoek van de Baangraef, Wijk 50, Verpondingsnr 5701 added for row: 04db2bdb-1b4f-40b5-bd2e-aacdd76ee83c
2026-08-01 17:45:35,294 [INFO] UUID: 04db2bdb-1b4f-40b5-bd2e-aacdd76ee83c
2026-08-01 17:45:35,294 [INFO] Migrated location description to new Bnode for uuid: 04db2bdb-1b4f-40b5-bd2e-aacdd76ee83c and description: Agter op de hoek van de Baangraef, Wijk 50, Verpondingsnr 5701.
2026-08-01 17:45:35,436 [INFO] Turtle succesfully updated for row: 04db2bdb-1b4f-40b5-bd2e-aacdd76ee83c
2026-08-01 17:45:35,436 [INFO] Turtle is changed in the script. Check loginfo for details on uuid: 04db2bdb-1b4f-40b5-bd2e-aacdd76ee83c
2026-08-01 17:45:35,437 [INFO] STARTING WITH UUID: 04dc2c10-fe07-4afa-beef-b543eec95002
2026-08-01 17:45:35,512 [INFO] Concept vocabulair and description: Annestraat zuidzij van de Bierkaij naa de Warmoestraat, Wijk 4, Verpondingsnr 931-1 added for row: 04dc2c10-fe07-4afa-beef-b543eec95002
2026-08-01 17:45:35,512 [INFO] UUID: 04dc2c10-fe07-4afa-beef-b543eec95002
2026-08-01 17:45:35,512 [INFO] Migrated location description to new Bnode for uuid: 04dc2c10-fe07-4afa-beef-b543eec95002 and description: Annestraat zuidzij van de Bierkaij naa de Warmoestraat, Wijk 4, Verpondingsnr 931-1.
2026-08-01 17:45:35,640 [INFO] Turtle succesfully updated for row: 04dc2c10-fe07-4afa-beef-b543eec95002
2026-08-01 17:45:35,640 [INFO] Turtle is changed in the script. Check loginfo for details on uuid: 04dc2c10-fe07-4afa-beef-b543eec95002
2026-08-01 17:45:35,641 [INFO] STARTING WITH UUID: 04dcd7b9-2b46-4be5-bf49-d308ac0d71c9
2026-08-01 17:45:35,713 [INFO] Concept vocabulair and description: Beginnende op de hoek van de Raamgracht en Groene Burgwal, Wijk 14, Verpondingsnr 4292 added for row: 04dcd7b9-2b46-4be5-bf49-d308ac0d71c9
2026-08-01 17:45:35,713 [INFO] UUID: 04dcd7b9-2b46-4be5-bf49-d308ac0d71c9
2026-08-01 17:45:35,713 [INFO] Migrated location description to new Bnode for uuid: 04dcd7b9-2b46-4be5-bf49-d308ac0d71c9 and description: Beginnende op de hoek van de Raamgracht en Groene Burgwal, Wijk 14, Verpondingsnr 4292.
2026-08-01 17:45:35,846 [INFO] Turtle succesfully updated for row: 04dcd7b9-2b46-4be5-bf49-d308ac0d71c9
2026-08-01 17:45:35,846 [INFO] Turtle is changed in the script. Check loginfo for details on uuid: 04dcd7b9-2b46-4be5-bf49-d308ac0d71c9
2026-08-01 17:45:35,846 [INFO] STARTING WITH UUID: 04de04af-2473-45c7-9ed6-fcee568be545
2026-08-01 17:45:35,927 [INFO] Concept vocabulair and description: Beginnende van de kraan huijs laagsche buitenkant tot de Nieuwe Beentemakernat, Wijk 10, Verpondingsnr 2628 added for row: 04de04af-2473-45c7-9ed6-fcee568be545
2026-08-01 17:45:35,927 [INFO] UUID: 04de04af-2473-45c7-9ed6-fcee568be545
2026-08-01 17:45:35,927 [INFO] Migrated location description to new Bnode for uuid: 04de04af-2473-45c7-9ed6-fcee568be545 and description: Beginnende van de kraan huijs laagsche buitenkant tot de Nieuwe Beentemakernat, Wijk 10, Verpondingsnr 2628.
2026-08-01 17:45:36,054 [INFO] Turtle succesfully updated for row: 04de04af-2473-45c7-9ed6-fcee568be545
2026-08-01 17:45:36,054 [INFO] Turtle is changed in the script. Check loginfo for details on uuid: 04de04af-2473-45c7-9ed6-fcee568be545
2026-08-01 17:45:36,055 [INFO] STARTING WITH UUID: 04de94de-a82e-4443-b86d-4479edb503f5
2026-08-01 17:45:36,148 [INFO] Concept vocabulair and description: Wijk 55, Verpondingsnr 3008 added for row: 04de94de-a82e-4443-b86d-4479edb503f5
2026-08-01 17:45:36,148 [INFO] UUID: 04de94de-a82e-4443-b86d-4479edb503f5
2026-08-01 17:45:36,149 [INFO] Migrated location description to new Bnode for uuid: 04de94de-a82e-4443-b86d-4479edb503f5 and description: Wijk 55, Verpondingsnr 3008.
2026-08-01 17:45:36,295 [INFO] Turtle succesfully updated for row: 04de94de-a82e-4443-b86d-4479edb503f5
2026-08-01 17:45:36,295 [INFO] Turtle is changed in the script. Check loginfo for details on uuid: 04de94de-a82e-4443-b86d-4479edb503f5
2026-08-01 17:45:36,295 [INFO] STARTING WITH UUID: 04e10db3-95a0-4330-912c-84228edbab49
2026-08-01 17:45:36,365 [INFO] Concept vocabulair and description: Wijk 53, Verpondingsnr 1815 added for row: 04e10db3-95a0-4330-912c-84228edbab49
2026-08-01 17:45:36,365 [INFO] UUID: 04e10db3-95a0-4330-912c-84228edbab49
2026-08-01 17:45:36,365 [INFO] Migrated location description to new Bnode for uuid: 04e10db3-95a0-4330-912c-84228edbab49 and description: Wijk 53, Verpondingsnr 1815.
2026-08-01 17:45:36,474 [INFO] Turtle succesfully updated for row: 04e10db3-95a0-4330-912c-84228edbab49
2026-08-01 17:45:36,474 [INFO] Turtle is changed in the script. Check loginfo for details on uuid: 04e10db3-95a0-4330-912c-84228edbab49
2026-08-01 17:45:36,474 [INFO] STARTING WITH UUID: 04e2e9ba-0ecf-483d-a395-965c6503de6a
2026-08-01 17:45:36,582 [INFO] Concept vocabulair and description: Prinsengracht added for row: 04e2e9ba-0ecf-483d-a395-965c6503de6a
2026-08-01 17:45:36,582 [INFO] UUID: 04e2e9ba-0ecf-483d-a395-965c6503de6a
2026-08-01 17:45:36,583 [INFO] Migrated location description to new Bnode for uuid: 04e2e9ba-0ecf-483d-a395-965c6503de6a and description: Prinsengracht.
2026-08-01 17:45:36,701 [INFO] Turtle succesfully updated for row: 04e2e9ba-0ecf-483d-a395-965c6503de6a
2026-08-01 17:45:36,701 [INFO] Turtle is changed in the script. Check loginfo for details on uuid: 04e2e9ba-0ecf-483d-a395-965c6503de6a
2026-08-01 17:45:36,701 [INFO] STARTING WITH UUID: 04e43e5d-27f4-42c7-a1b5-07980089c261
2026-08-01 17:45:36,763 [INFO] Concept vocabulair and description: Wijk 54, Verpondingsnr 2319 added for row: 04e43e5d-27f4-42c7-a1b5-07980089c261
2026-08-01 17:45:36,763 [INFO] UUID: 04e43e5d-27f4-42c7-a1b5-07980089c261
2026-08-01 17:45:36,763 [INFO] Migrated location description to new Bnode for uuid: 04e43e5d-27f4-42c7-a1b5-07980089c261 and description: Wijk 54, Verpondingsnr 2319.
2026-08-01 17:45:36,899 [INFO] Turtle succesfully updated for row: 04e43e5d-27f4-42c7-a1b5-07980089c261
2026-08-01 17:45:36,899 [INFO] Turtle is changed in the script. Check loginfo for details on uuid: 04e43e5d-27f4-42c7-a1b5-07980089c261
2026-08-01 17:45:36,900 [INFO] STARTING WITH UUID: 04e4c0ab-1d01-4c2d-8023-c246e78c7b09
2026-08-01 17:45:36,965 [INFO] Concept vocabulair and description: Wijk 33, Verpondingsnr 5883 added for row: 04e4c0ab-1d01-4c2d-8023-c246e78c7b09
2026-08-01 17:45:36,965 [INFO] UUID: 04e4c0ab-1d01-4c2d-8023-c246e78c7b09
2026-08-01 17:45:36,965 [INFO] Migrated location description to new Bnode for uuid: 04e4c0ab-1d01-4c2d-8023-c246e78c7b09 and description: Wijk 33, Verpondingsnr 5883.
2026-08-01 17:45:37,053 [INFO] Turtle succesfully updated for row: 04e4c0ab-1d01-4c2d-8023-c246e78c7b09
2026-08-01 17:45:37,053 [INFO] Turtle is changed in the script. Check loginfo for details on uuid: 04e4c0ab-1d01-4c2d-8023-c246e78c7b09
2026-08-01 17:45:37,054 [INFO] STARTING WITH UUID: 04e7659f-8ff1-4753-9719-ea1c5d06a54e
2026-08-01 17:45:37,129 [INFO] Concept vocabulair and description: Wijk 58, Verpondingsnr 5029 added for row: 04e7659f-8ff1-4753-9719-ea1c5d06a54e
2026-08-01 17:45:37,129 [INFO] UUID: 04e7659f-8ff1-4753-9719-ea1c5d06a54e
2026-08-01 17:45:37,129 [INFO] Migrated location description to new Bnode for uuid: 04e7659f-8ff1-4753-9719-ea1c5d06a54e and description: Wijk 58, Verpondingsnr 5029.
2026-08-01 17:45:37,233 [INFO] Turtle succesfully updated for row: 04e7659f-8ff1-4753-9719-ea1c5d06a54e
2026-08-01 17:45:37,233 [INFO] Turtle is changed in the script. Check loginfo for details on uuid: 04e7659f-8ff1-4753-9719-ea1c5d06a54e
2026-08-01 17:45:37,233 [INFO] STARTING WITH UUID: 04e8204d-07cf-4eee-b749-9abe3c763da3
2026-08-01 17:45:37,306 [INFO] Concept vocabulair and description: Warmoesstraat aan de Guldehandsteeg, Wijk 1, Verpondingsnr 117 added for row: 04e8204d-07cf-4eee-b749-9abe3c763da3
2026-08-01 17:45:37,306 [INFO] UUID: 04e8204d-07cf-4eee-b749-9abe3c763da3
2026-08-01 17:45:37,307 [INFO] Migrated location description to new Bnode for uuid: 04e8204d-07cf-4eee-b749-9abe3c763da3 and description: Warmoesstraat aan de Guldehandsteeg, Wijk 1, Verpondingsnr 117.
2026-08-01 17:45:37,415 [INFO] Turtle succesfully updated for row: 04e8204d-07cf-4eee-b749-9abe3c763da3
2026-08-01 17:45:37,415 [INFO] Turtle is changed in the script. Check loginfo for details on uuid: 04e8204d-07cf-4eee-b749-9abe3c763da3
2026-08-01 17:45:37,416 [INFO] STARTING WITH UUID: 04e8d397-91dd-40b0-9bbe-f5c41be52ebd
2026-08-01 17:45:37,495 [INFO] Concept vocabulair and description: Warmoesstraat aan de Guldehandsteeg, Wijk 1, Verpondingsnr 95 added for row: 04e8d397-91dd-40b0-9bbe-f5c41be52ebd
2026-08-01 17:45:37,495 [INFO] UUID: 04e8d397-91dd-40b0-9bbe-f5c41be52ebd
2026-08-01 17:45:37,495 [INFO] Migrated location description to new Bnode for uuid: 04e8d397-91dd-40b0-9bbe-f5c41be52ebd and description: Warmoesstraat aan de Guldehandsteeg, Wijk 1, Verpondingsnr 95.
2026-08-01 17:45:37,597 [INFO] Turtle succesfully updated for row: 04e8d397-91dd-40b0-9bbe-f5c41be52ebd
2026-08-01 17:45:37,597 [INFO] Turtle is changed in the script. Check loginfo for details on uuid: 04e8d397-91dd-40b0-9bbe-f5c41be52ebd
